customer_id,age,account_age_days,monthly_income,credit_score,total_transactions,average_transaction_amount,failed_transactions,complaints,login_frequency,customer_service_calls,churn,risk_score,risk_category
C0000001,46,5305,45593.79,758,11,2601.01,2,1,8.2,0,0,64.7,High
C0000002,27,4695,94427.25,560,13,1284.15,0,1,10.3,1,0,74.8,High
C0000003,53,4104,97765.93,672,11,1676.89,3,0,5.3,0,0,62.2,High
C0000004,55,1518,165381.62,752,13,1038.05,0,0,19.2,1,1,34.3,Medium
C0000005,18,3741,44484.38,602,5,5526.74,1,0,21.9,1,0,47.8,Medium
C0000006,24,4930,89449.63,473,19,1575.89,1,0,16.6,2,0,77.9,Very High
C0000007,44,459,21695.59,715,11,2440.65,1,0,10.3,0,0,42.7,Medium
C0000008,38,1087,97817.95,686,8,803.83,0,0,9.4,2,0,55.8,High
C0000009,42,3105,27827.21,798,7,987.79,1,0,3.8,2,0,37.9,Medium
C0000010,30,2176,36080.49,678,2,1869.61,2,0,18.1,1,0,62.5,High
C0000011,54,4266,74429.94,683,17,1796.95,1,0,6.9,1,0,49.4,Medium
C0000012,53,2424,44049.32,742,7,2579.35,2,0,7.6,0,0,40.8,Medium
C0000013,43,5980,40855.44,768,13,8130.98,2,1,7.1,1,0,52.7,High
C0000014,58,1818,47488.4,637,9,592.88,1,0,4.5,2,0,54.5,High
C0000015,49,2180,92612.92,761,6,4155.59,1,0,14.3,0,0,34.6,Medium
C0000016,30,50,37115.87,651,2,3041.3,0,1,13.2,1,0,60.2,High
C0000017,47,1507,60180.55,691,16,1472.09,3,0,10.6,2,0,56.4,High
C0000018,29,1435,50343.7,740,10,1659.62,2,1,9.9,4,1,65.6,High
C0000019,54,4583,97326.79,753,9,4556.27,1,0,15.1,1,0,46.5,Medium
C0000020,41,2045,98838.91,714,11,2112.71,1,0,16.5,1,0,46.1,Medium
C0000021,39,1244,22595.02,609,10,1784.58,2,0,12.5,0,0,59.0,High
C0000022,32,1902,110161.18,550,11,1112.75,0,1,19.8,3,0,62.4,High
C0000023,59,3389,44310.37,676,8,1277.63,2,0,7.6,2,0,54.7,High
C0000024,40,4719,70604.59,763,6,997.86,2,2,12.5,2,0,58.5,High
C0000025,36,5873,36993.22,724,9,3909.4,1,1,10.5,2,0,58.6,High
C0000026,37,312,76039.92,708,9,1321.46,0,0,11.1,0,0,48.1,Medium
C0000027,49,5050,252238.81,689,10,1012.4,0,0,10.5,1,0,57.7,High
C0000028,47,2352,66491.59,713,11,2464.53,1,1,7.7,2,0,56.3,High
C0000029,48,4855,48145.04,615,8,1294.22,1,1,13.2,1,0,73.4,High
C0000030,48,253,54567.89,749,10,6012.47,1,2,21.9,1,0,49.4,Medium
C0000031,72,3767,27637.34,753,9,2259.57,1,0,8.6,1,0,47.5,Medium
C0000032,36,5585,137560.55,663,11,2513.68,5,1,11.8,0,1,87.0,Very High
C0000033,35,263,73642.34,723,9,2518.18,0,1,4.7,1,0,57.6,High
C0000034,31,4747,34821.69,561,15,3188.52,1,0,9.9,1,0,65.8,High
C0000035,51,712,35451.28,704,9,3491.12,2,1,19.5,1,1,59.5,High
C0000036,58,5893,62523.33,680,12,2242.31,2,0,8.0,2,0,60.7,High
C0000037,40,4473,103516.59,784,8,1136.67,2,1,8.0,1,1,64.5,High
C0000038,30,5463,32920.31,675,7,1990.89,1,2,10.5,0,0,56.5,High
C0000039,30,5389,114378.09,755,9,2286.5,2,1,2.6,0,0,44.2,Medium
C0000040,51,1915,58952.73,661,13,761.52,2,2,9.6,0,0,63.3,High
C0000041,52,2513,37169.95,519,9,560.1,0,1,31.8,1,1,58.2,High
C0000042,50,4158,47937.82,673,11,1000.2,0,0,1.1,2,0,51.7,High
C0000043,33,1074,162201.44,705,7,618.99,2,1,4.0,1,0,50.4,High
C0000044,45,1860,28893.51,701,9,1603.61,4,2,8.1,3,0,81.0,Very High
C0000045,44,621,41454.37,702,9,1331.2,2,1,24.6,1,0,57.4,High
C0000046,45,5332,104695.42,652,12,2330.5,2,1,16.9,0,0,71.6,High
C0000047,54,1509,69838.52,666,7,3488.45,2,1,9.3,1,0,65.0,High
C0000048,45,2482,40123.09,606,9,2655.24,3,0,4.1,1,0,76.2,Very High
C0000049,52,2731,105400.85,540,13,2917.85,1,1,18.5,0,0,65.0,High
C0000050,43,2274,108190.88,682,9,4068.69,1,0,6.5,0,0,47.8,Medium
C0000051,46,4674,74395.78,634,13,1779.77,1,2,1.7,3,0,65.9,High
C0000052,51,5486,44270.4,771,5,404.15,0,0,21.0,1,0,44.0,Medium
C0000053,22,3450,48185.92,526,6,707.93,0,0,6.6,1,0,70.9,High
C0000054,38,5025,72508.68,712,9,3041.69,0,1,17.8,1,0,51.4,High
C0000055,35,691,30131.57,849,8,2499.21,0,1,6.5,2,0,35.1,Medium
C0000056,33,5799,128691.24,676,9,3456.64,1,0,10.5,1,0,64.5,High
C0000057,38,721,157945.4,690,4,13958.33,1,1,4.5,2,0,57.4,High
C0000058,63,426,54454.16,722,9,2537.21,3,1,5.8,1,1,60.4,High
C0000059,30,162,75413.92,728,17,2067.58,1,1,8.8,0,0,47.4,Medium
C0000060,56,1482,119024.04,659,6,2755.03,0,0,10.4,0,0,50.8,High
C0000061,18,5027,181761.04,614,10,1014.93,0,0,13.6,1,0,62.3,High
C0000062,37,1826,145980.66,739,11,3593.54,1,3,2.2,0,0,60.2,High
C0000063,44,4751,23869.2,547,13,1968.13,4,0,12.6,5,0,82.5,Very High
C0000064,50,2563,52121.62,752,5,6568.28,1,0,10.2,1,0,37.9,Medium
C0000065,52,650,81655.81,661,7,777.33,2,1,24.9,4,0,74.0,High
C0000066,53,2854,47243.49,690,8,2206.5,4,1,11.4,1,0,55.4,High
C0000067,37,1417,165282.49,651,9,1463.06,1,0,2.2,2,0,51.0,High
C0000068,36,1770,151910.38,797,9,1099.94,1,2,5.3,1,1,53.9,High
C0000069,54,3118,39581.93,709,15,3297.57,4,0,12.2,0,0,56.1,High
C0000070,39,4748,56702.28,666,8,1789.71,0,1,8.5,3,0,62.0,High
C0000071,24,3533,41053.64,664,6,5224.22,1,2,3.2,2,0,65.6,High
C0000072,26,1362,55690.73,679,6,1557.97,2,0,9.7,2,0,47.7,Medium
C0000073,29,4313,54770.22,850,16,1704.5,2,0,5.6,3,1,33.5,Medium
C0000074,49,4188,104791.87,591,10,8149.65,1,0,9.5,2,0,51.2,High
C0000075,44,1445,38033.94,771,7,914.28,1,0,7.3,1,0,59.9,High
C0000076,52,5115,14701.1,733,13,1321.93,1,1,9.8,0,0,41.3,Medium
C0000077,36,5063,25652.36,805,13,295.25,2,0,8.4,0,0,38.5,Medium
C0000078,44,3634,35218.39,737,10,1645.42,2,3,7.2,3,0,74.4,High
C0000079,51,1798,43228.67,690,10,3446.84,1,1,14.9,2,0,62.2,High
C0000080,38,2144,68722.75,767,11,2871.46,0,1,16.3,0,0,34.3,Medium
C0000081,48,2653,34234.97,707,12,2416.21,3,0,12.0,0,0,49.7,Medium
C0000082,33,1151,31849.73,747,10,1244.67,1,2,7.5,0,0,51.6,High
C0000083,37,1856,37186.22,797,12,1943.91,2,1,7.2,4,0,50.2,High
C0000084,37,832,33566.37,697,8,1699.01,0,1,11.4,1,0,55.1,High
C0000085,25,952,45702.95,658,7,2192.18,0,2,5.2,2,0,82.8,Very High
C0000086,49,4472,44639.82,642,8,2463.76,1,1,22.2,1,1,52.5,High
C0000087,35,796,90569.33,724,9,1751.45,0,1,4.0,0,0,44.0,Medium
C0000088,42,2830,35977.48,624,11,2234.33,1,0,4.2,1,0,64.8,High
C0000089,49,2592,50930.21,664,11,2064.5,2,1,10.9,0,0,41.3,Medium
C0000090,48,306,45941.64,617,6,1418.68,0,0,11.6,2,0,57.7,High
C0000091,51,4992,96739.43,728,10,2316.7,1,2,5.7,0,0,48.3,Medium
C0000092,41,5903,56956.1,634,7,959.2,0,1,4.2,0,0,68.3,High
C0000093,36,3841,110500.23,593,11,2475.27,1,0,6.8,0,0,53.7,High
C0000094,41,4037,32895.33,607,3,1068.72,1,1,9.9,1,0,62.9,High
C0000095,18,1419,60339.25,647,7,2163.8,0,0,3.9,0,0,51.0,High
C0000096,22,5069,45168.25,654,11,2977.2,2,1,19.4,1,0,61.4,High
C0000097,23,4712,31589.0,709,12,1205.17,1,2,7.8,0,0,61.2,High
C0000098,28,2645,59740.09,678,12,4305.12,2,2,17.2,0,0,62.6,High
C0000099,48,4243,160813.39,718,9,7034.49,2,1,8.2,4,0,54.8,High
C0000100,29,5733,38785.04,724,14,1441.85,0,0,7.9,0,0,44.6,Medium
C0000101,37,3628,57802.62,746,10,2002.45,0,0,9.9,1,0,49.4,Medium
C0000102,60,1221,30126.55,547,10,4836.59,1,0,7.2,3,0,65.6,High
C0000103,37,2002,27786.75,605,11,683.65,1,0,16.7,1,0,54.3,High
C0000104,52,1135,40211.2,732,9,2248.27,1,1,14.3,0,0,52.2,High
C0000105,29,2009,48406.97,706,9,1807.82,0,2,15.5,0,0,41.9,Medium
C0000106,39,5345,49603.61,763,6,3950.17,1,0,8.0,0,0,46.4,Medium
C0000107,29,1162,54752.37,574,6,1875.96,0,0,9.4,0,0,61.3,High
C0000108,37,5353,25041.93,654,13,2951.27,2,2,11.4,0,0,55.2,High
C0000109,54,1732,43941.71,668,6,1288.4,0,1,21.2,1,1,53.3,High
C0000110,18,3009,81703.88,702,12,4083.65,1,2,15.5,2,0,56.9,High
C0000111,48,3184,29373.7,693,9,1061.22,2,1,13.3,0,0,51.3,High
C0000112,45,780,50998.91,725,7,3874.78,1,0,0.5,1,0,56.3,High
C0000113,34,1128,72835.13,681,12,2311.7,3,0,16.2,2,0,52.8,High
C0000114,22,1852,40321.61,793,7,476.2,2,0,14.6,2,0,46.0,Medium
C0000115,43,388,74811.59,817,12,2292.02,2,1,24.2,1,0,42.9,Medium
C0000116,35,4532,26856.69,606,10,3264.09,5,1,12.0,1,0,80.2,Very High
C0000117,45,3291,101066.8,693,5,989.43,1,1,6.1,1,0,65.5,High
C0000118,42,5080,75817.17,750,12,1268.59,3,0,9.5,0,0,53.9,High
C0000119,64,5182,63927.55,734,17,2330.76,3,1,8.1,1,0,59.6,High
C0000120,39,2105,115098.04,659,12,1577.67,3,1,7.5,1,0,62.0,High
C0000121,28,4908,51727.65,709,9,2725.59,0,0,8.1,1,0,51.6,High
C0000122,45,395,44137.67,571,12,1920.23,3,0,2.7,1,0,76.3,Very High
C0000123,45,2595,131898.64,689,9,933.0,4,1,7.5,1,0,60.1,High
C0000124,61,4004,170639.92,580,7,9993.19,0,4,15.8,0,0,68.9,High
C0000125,54,2813,42340.48,728,7,1763.96,0,0,24.2,0,0,30.7,Medium
C0000126,47,4444,58240.19,606,12,2385.08,0,0,3.8,1,0,61.1,High
C0000127,62,5155,110157.13,702,6,6962.38,0,2,16.3,1,0,51.9,High
C0000128,25,2561,59391.71,714,9,3854.88,1,0,3.3,2,0,56.4,High
C0000129,33,1668,85983.73,696,16,3140.36,4,1,6.2,3,1,68.5,High
C0000130,29,3511,95235.84,643,11,4375.52,2,2,7.1,0,0,68.0,High
C0000131,37,5214,45507.03,674,7,3148.42,4,0,8.6,1,0,66.1,High
C0000132,23,5924,78080.12,779,9,3148.34,4,0,11.3,2,0,58.3,High
C0000133,51,4898,61789.19,658,13,3180.68,4,0,2.4,0,0,65.9,High
C0000134,39,1492,31748.85,692,12,1971.46,2,1,14.7,0,0,47.1,Medium
C0000135,21,1255,35975.04,648,12,4424.13,4,0,4.8,0,0,72.4,High
C0000136,28,3450,43306.6,767,11,3410.45,1,2,2.7,0,0,58.9,High
C0000137,46,2431,103318.9,696,7,493.46,3,0,26.9,3,0,65.6,High
C0000138,54,3677,105201.9,633,8,3824.75,3,0,12.3,1,0,56.4,High
C0000139,70,5542,93652.07,691,7,1313.53,0,0,8.9,1,0,43.9,Medium
C0000140,83,3308,78980.05,672,12,2576.3,1,2,3.2,0,0,54.3,High
C0000141,48,2152,77803.69,794,3,741.92,1,0,24.2,2,0,23.0,Low
C0000142,28,5218,72225.46,687,8,1505.78,2,1,10.5,2,0,66.6,High
C0000143,18,2651,77580.24,586,8,1736.08,2,2,8.8,2,0,65.2,High
C0000144,46,3641,80526.3,727,12,3118.3,2,2,18.6,0,0,58.4,High
C0000145,31,837,28637.07,824,15,1501.48,2,2,3.5,1,0,41.7,Medium
C0000146,36,3062,40145.02,780,7,538.29,1,0,9.1,0,0,28.6,Medium
C0000147,33,2575,35206.39,607,8,1599.6,2,0,16.5,2,0,59.6,High
C0000148,40,764,113984.69,670,7,1717.88,0,0,18.0,3,0,53.7,High
C0000149,57,1293,153990.27,688,13,3319.96,0,2,18.0,0,0,38.5,Medium
C0000150,44,4228,18805.66,689,6,2422.26,2,0,9.9,1,0,50.8,High
C0000151,40,1108,146610.94,719,10,1336.6,3,0,4.9,0,0,44.4,Medium
C0000152,28,818,65028.86,664,7,2634.09,3,0,10.2,2,0,67.4,High
C0000153,19,373,108216.11,621,13,7245.22,1,0,13.6,1,0,56.6,High
C0000154,35,188,81915.75,761,15,4707.62,0,2,18.8,2,0,47.5,Medium
C0000155,41,2623,136913.82,606,8,635.9,1,1,17.1,1,0,67.1,High
C0000156,67,2946,69581.08,630,9,10993.25,0,2,10.4,0,0,57.8,High
C0000157,44,3757,29289.66,605,6,4748.98,1,0,16.4,2,0,62.3,High
C0000158,56,3447,58499.21,736,8,6165.46,2,0,11.3,1,0,60.7,High
C0000159,35,3234,82330.79,698,10,819.17,1,3,11.2,2,1,64.0,High
C0000160,25,5994,55056.27,756,11,1680.66,0,1,7.1,1,0,33.4,Medium
C0000161,28,1522,89022.29,631,5,3225.17,2,0,9.2,1,0,63.9,High
C0000162,32,4282,59799.71,596,6,1061.24,1,2,7.9,1,0,63.2,High
C0000163,72,505,44683.5,657,7,3100.46,1,0,11.9,0,0,48.7,Medium
C0000164,31,5096,34118.72,676,6,6360.31,2,0,2.3,0,0,51.9,High
C0000165,54,2195,49980.65,706,11,1771.6,3,0,15.0,1,1,56.0,High
C0000166,29,2097,69383.48,564,13,6656.84,4,0,5.3,2,1,76.6,Very High
C0000167,55,837,21104.13,726,9,3473.21,1,0,1.5,2,0,51.1,High
C0000168,47,3068,40370.22,623,14,657.25,0,0,3.8,1,0,60.9,High
C0000169,40,2415,20675.59,641,12,1250.66,1,1,17.3,1,0,55.7,High
C0000170,41,5846,44156.64,778,4,4521.42,0,0,9.2,0,0,38.2,Medium
C0000171,33,1092,119780.09,526,7,1124.71,0,0,11.1,0,0,70.0,High
C0000172,48,2521,32290.41,714,7,4436.87,4,1,3.9,0,0,72.8,High
C0000173,36,5404,91274.57,714,11,3273.92,0,0,19.3,1,0,55.3,High
C0000174,25,4849,297076.06,629,16,2695.45,1,0,10.1,1,0,67.1,High
C0000175,24,4594,137907.11,656,4,1511.69,0,0,15.5,1,0,38.5,Medium
C0000176,44,3170,66724.14,782,11,2675.66,2,0,6.5,3,0,45.3,Medium
C0000177,64,5243,99412.05,837,10,6567.02,0,0,21.0,2,0,35.4,Medium
C0000178,44,1367,29189.49,770,13,1707.32,3,0,13.4,1,0,52.2,High
C0000179,40,4863,26095.33,831,12,3270.79,3,0,10.8,0,0,40.3,Medium
C0000180,46,3495,62986.37,638,10,8105.65,2,1,7.3,1,0,70.4,High
C0000181,60,2119,77197.74,571,10,2608.97,3,0,20.5,0,0,57.1,High
C0000182,45,1331,113188.75,686,7,1599.27,1,0,12.1,0,0,53.7,High
C0000183,36,3144,45345.69,750,10,1587.99,2,0,9.0,0,0,54.0,High
C0000184,57,48,68958.29,551,11,567.81,0,0,3.0,0,0,50.4,High
C0000185,48,4296,67670.19,621,10,1001.02,0,1,17.9,1,0,56.4,High
C0000186,64,1438,57677.53,629,4,2741.03,1,1,14.4,1,0,61.3,High
C0000187,45,2353,59577.22,717,12,4132.36,0,0,27.5,0,0,29.7,Medium
C0000188,25,1183,38746.75,707,11,1667.78,2,0,4.8,2,0,47.4,Medium
C0000189,23,2808,72310.8,632,9,4097.95,1,0,3.0,1,0,61.0,High
C0000190,65,2244,69021.07,703,10,3933.84,3,0,11.8,2,0,61.7,High
C0000191,66,1150,48673.17,604,9,1333.02,0,1,10.1,1,0,58.9,High
C0000192,39,5334,89416.95,658,11,1493.62,0,0,12.8,0,0,44.9,Medium
C0000193,37,4563,109119.3,595,12,917.11,2,0,3.3,1,0,69.5,High
C0000194,62,2345,89989.35,679,14,3568.06,2,1,10.1,0,0,47.2,Medium
C0000195,27,374,34945.53,630,6,2205.36,0,1,8.8,0,0,65.2,High
C0000196,29,5075,65492.76,742,10,3917.5,2,0,17.1,0,0,60.4,High
C0000197,51,4190,37556.52,688,12,2116.26,2,1,3.4,2,0,63.8,High
C0000198,36,3347,65381.51,673,8,1193.74,3,0,8.2,0,0,67.8,High
C0000199,42,3639,37637.06,823,6,3652.07,1,0,9.3,4,0,50.2,High
C0000200,40,75,125157.66,719,14,606.82,0,1,12.2,0,0,63.7,High
C0000201,47,2858,95389.33,662,13,1767.08,2,1,5.2,0,0,44.2,Medium
C0000202,62,1156,116895.28,646,13,1329.94,2,2,22.9,1,0,67.0,High
C0000203,43,3918,110562.56,601,11,5930.22,2,0,22.4,2,0,43.4,Medium
C0000204,51,5589,53426.38,685,13,6860.65,1,0,17.9,1,0,42.1,Medium
C0000205,18,3198,49060.24,713,10,2896.51,0,0,12.4,1,0,43.9,Medium
C0000206,41,3636,161593.27,546,13,1510.17,1,1,3.6,1,0,69.0,High
C0000207,30,4014,56617.53,588,11,6734.33,3,0,23.6,1,0,71.8,High
C0000208,25,5579,29432.96,651,12,1397.26,2,1,3.1,1,0,77.2,Very High
C0000209,30,257,107903.91,608,12,894.77,0,0,3.3,1,0,61.2,High
C0000210,37,1881,67101.81,693,6,604.61,3,0,6.3,2,0,79.1,Very High
C0000211,55,1632,141939.89,704,3,2351.33,0,1,12.6,0,0,38.8,Medium
C0000212,23,4307,70864.37,681,18,721.6,2,3,11.5,2,0,62.4,High
C0000213,42,2703,61321.69,731,5,5532.97,1,1,20.3,0,0,37.5,Medium
C0000214,35,4638,143523.79,646,10,1508.58,3,2,8.7,1,0,78.2,Very High
C0000215,37,2850,26601.77,687,14,953.42,1,0,13.6,1,0,58.9,High
C0000216,56,5854,44933.57,615,12,4543.21,3,0,7.7,1,0,55.6,High
C0000217,50,4608,38056.99,711,8,3887.53,0,1,23.3,0,0,36.8,Medium
C0000218,61,138,18538.33,696,8,6486.2,1,1,15.0,0,0,49.1,Medium
C0000219,40,5931,100221.37,600,10,728.89,3,0,12.2,2,0,64.1,High
C0000220,32,5714,45629.49,678,13,635.64,3,2,3.6,1,0,65.1,High
C0000221,39,289,102011.63,687,8,6067.31,1,1,6.1,1,0,54.7,High
C0000222,45,2367,76794.42,711,6,355.02,1,0,14.7,1,0,40.6,Medium
C0000223,44,5824,86579.47,714,14,998.39,0,0,6.0,2,0,55.7,High
C0000224,27,5032,48262.97,636,11,2280.56,3,0,5.8,1,0,76.4,Very High
C0000225,43,2825,40723.2,747,10,927.11,2,0,23.6,3,0,38.0,Medium
C0000226,45,3281,65137.66,729,20,2523.88,4,2,8.3,1,1,68.4,High
C0000227,77,207,102788.85,636,12,1042.71,1,0,4.5,1,0,62.8,High
C0000228,68,3400,60305.56,604,2,5088.63,1,0,20.0,1,0,49.7,Medium
C0000229,30,4008,42143.03,641,8,3507.95,3,1,19.4,2,0,53.9,High
C0000230,38,2175,32062.09,580,13,2630.74,3,1,7.7,1,0,72.5,High
C0000231,22,1861,69367.89,706,11,1746.68,2,0,14.9,1,0,47.1,Medium
C0000232,34,4975,45713.66,779,8,1123.78,1,2,12.6,0,0,44.3,Medium
C0000233,46,2708,59601.28,797,7,2015.56,0,2,13.3,1,0,47.8,Medium
C0000234,59,1606,54369.65,608,12,987.83,0,0,10.8,1,0,63.7,High
C0000235,32,2267,48555.01,749,5,7648.29,1,0,28.9,0,0,55.2,High
C0000236,33,2968,72873.59,696,9,2707.39,2,3,6.0,2,0,72.1,High
C0000237,18,1579,84108.84,510,9,1249.68,2,1,4.6,1,0,77.9,Very High
C0000238,40,3374,182735.14,665,16,6087.68,1,2,7.6,1,0,53.0,High
C0000239,27,5171,94067.88,657,11,2134.97,1,0,17.5,0,0,53.3,High
C0000240,35,4462,148957.3,781,11,5461.12,1,0,9.7,0,0,41.4,Medium
C0000241,30,1411,39523.85,625,11,5354.69,2,0,13.9,3,0,62.7,High
C0000242,41,2845,25703.18,732,11,2921.71,1,1,17.0,2,0,51.4,High
C0000243,18,3275,61509.88,682,12,964.01,3,2,4.4,1,1,56.0,High
C0000244,21,4091,99389.79,582,17,1508.52,1,0,16.5,1,0,45.3,Medium
C0000245,72,4545,91174.32,649,8,22677.52,1,1,15.0,1,0,65.3,High
C0000246,24,2927,120710.4,805,13,1537.55,1,0,2.7,1,0,28.1,Medium
C0000247,27,1910,15364.11,677,10,1861.12,2,0,3.4,2,0,50.4,High
C0000248,68,3966,123503.77,758,6,1618.88,1,0,11.0,0,0,34.1,Medium
C0000249,83,780,74562.58,754,17,1194.48,1,3,3.6,0,0,59.7,High
C0000250,26,4054,26520.74,656,10,3476.5,0,0,12.9,1,0,66.7,High
C0000251,37,5380,92302.87,594,9,921.43,1,0,6.5,0,0,59.5,High
C0000252,47,4265,68057.29,604,5,1282.02,2,1,5.4,2,0,65.9,High
C0000253,66,2618,76463.27,799,9,2688.81,1,1,9.1,0,0,52.0,High
C0000254,28,4945,107409.05,701,9,1869.3,1,0,6.4,3,0,47.6,Medium
C0000255,39,3207,78553.96,560,9,2446.03,0,0,12.7,0,0,62.9,High
C0000256,53,3258,27579.72,753,13,2156.09,2,0,30.0,1,0,44.1,Medium
C0000257,48,5117,57309.7,556,14,1026.87,1,1,6.6,1,0,64.8,High
C0000258,37,1183,25468.17,628,14,5699.82,2,2,5.6,1,0,70.0,High
C0000259,40,4685,88598.81,696,13,4624.72,0,0,11.3,0,0,47.1,Medium
C0000260,23,4087,133756.1,850,7,1182.13,2,0,12.4,1,0,34.3,Medium
C0000261,39,3188,31322.47,751,12,2999.22,1,1,2.8,1,0,50.7,High
C0000262,38,490,42855.3,654,9,1599.31,1,0,13.4,4,0,62.1,High
C0000263,45,4601,38161.66,692,6,4448.84,0,0,14.1,0,0,49.0,Medium
C0000264,34,1337,48302.65,759,9,3844.99,0,0,7.5,1,0,30.1,Medium
C0000265,49,5376,77786.44,797,6,4977.35,0,0,6.7,0,0,36.0,Medium
C0000266,56,4759,48591.39,671,11,1188.54,1,0,10.2,3,0,52.3,High
C0000267,44,2200,88767.98,674,11,911.96,2,1,5.3,0,0,69.6,High
C0000268,47,2627,111396.2,628,13,657.33,0,2,8.6,2,0,64.3,High
C0000269,43,182,113647.55,740,4,12520.02,1,2,4.7,0,0,53.0,High
C0000270,42,3003,33519.75,767,12,3964.75,2,0,5.8,2,1,60.7,High
C0000271,32,375,132873.2,545,15,4941.56,2,1,9.2,1,0,65.3,High
C0000272,46,5924,138861.1,660,11,866.34,0,1,11.5,0,0,53.0,High
C0000273,41,3851,145635.71,599,6,3325.19,3,0,6.8,1,0,65.0,High
C0000274,71,1433,56845.45,701,7,718.48,1,1,16.1,1,0,65.8,High
C0000275,64,4828,41002.01,597,12,2957.33,2,3,3.0,1,1,72.2,High
C0000276,47,146,36082.27,591,17,2229.47,1,0,10.4,2,0,63.5,High
C0000277,31,3309,33823.49,774,13,1812.26,2,0,5.0,0,0,45.5,Medium
C0000278,26,694,62399.93,678,9,1546.67,3,1,14.3,0,0,59.6,High
C0000279,59,355,98835.11,686,10,4724.29,1,0,37.6,1,0,51.5,High
C0000280,46,1489,127197.57,722,3,1566.04,2,0,6.0,0,1,55.5,High
C0000281,49,1787,47469.05,763,13,5302.32,1,0,6.3,3,1,49.8,Medium
C0000282,18,4363,60694.67,659,15,2133.31,5,0,5.5,1,0,75.1,Very High
C0000283,55,5348,58547.08,660,7,2804.82,1,0,11.3,0,0,52.3,High
C0000284,48,4661,43716.7,661,11,3146.02,3,0,7.5,1,0,52.3,High
C0000285,26,4447,92925.36,771,7,2966.08,2,1,10.5,1,0,52.5,High
C0000286,35,3405,75694.15,685,10,2552.2,3,0,4.5,0,0,78.6,Very High
C0000287,46,2245,67029.79,668,3,8914.23,2,0,10.4,2,0,64.4,High
C0000288,43,1552,75505.26,719,12,4582.17,1,2,9.0,1,0,50.0,Medium
C0000289,38,5676,86976.03,827,8,417.54,2,1,7.8,1,0,33.2,Medium
C0000290,41,3144,86498.3,696,11,1921.52,4,1,19.1,2,0,57.9,High
C0000291,38,3399,39093.84,670,12,5779.97,3,2,8.2,0,0,60.6,High
C0000292,44,119,101505.71,836,13,1296.85,2,2,5.0,2,0,53.0,High
C0000293,63,2764,71349.17,790,8,2206.65,1,0,10.8,0,0,50.1,High
C0000294,18,4100,48817.82,779,10,2316.43,0,0,6.3,1,0,34.6,Medium
C0000295,39,2985,70524.54,652,5,6192.3,3,0,11.5,0,0,56.8,High
C0000296,44,3697,74933.2,645,12,1114.15,1,1,6.3,1,0,66.8,High
C0000297,46,4863,112405.78,552,9,1223.03,1,1,2.7,1,0,70.2,High
C0000298,37,160,34874.25,762,11,3055.81,2,0,7.8,0,0,52.1,High
C0000299,18,5429,128493.17,696,10,2752.51,2,0,4.5,1,0,53.5,High
C0000300,47,4907,62795.03,555,9,3088.85,2,0,4.2,0,0,66.5,High
C0000301,66,2536,46934.36,780,9,2712.65,1,0,14.5,1,1,40.8,Medium
C0000302,21,4587,46150.94,665,8,2036.91,2,0,5.4,0,0,57.2,High
C0000303,54,427,35743.99,674,8,3166.59,1,0,4.0,2,0,46.5,Medium
C0000304,37,1870,23798.71,577,9,2514.16,1,0,14.5,2,0,62.7,High
C0000305,41,673,89990.52,727,9,1871.13,1,0,8.5,1,0,51.3,High
C0000306,27,3823,184310.51,728,11,2111.18,2,0,5.3,4,0,54.8,High
C0000307,37,5141,25468.59,686,13,1549.13,1,1,5.8,1,0,60.5,High
C0000308,60,3620,36759.59,659,12,1388.61,3,0,5.8,0,0,66.1,High
C0000309,50,4277,93738.14,850,7,3160.98,1,0,7.8,1,0,37.9,Medium
C0000310,66,884,60463.15,600,11,940.83,0,0,11.2,0,0,51.2,High
C0000311,58,5606,98107.61,636,9,3442.62,2,1,13.8,2,0,56.1,High
C0000312,48,1183,58626.58,743,6,1853.3,1,0,3.3,2,0,54.7,High
C0000313,66,3172,45050.73,614,10,2057.31,1,1,7.0,3,0,73.4,High
C0000314,48,4108,54757.88,608,10,1960.58,0,0,4.9,1,0,71.3,High
C0000315,54,5144,16726.35,775,9,3051.28,0,1,8.1,1,0,33.0,Medium
C0000316,38,5603,33056.49,735,9,5757.86,2,0,10.5,1,0,60.1,High
C0000317,43,3604,104447.86,726,13,7104.75,2,0,9.7,0,0,57.6,High
C0000318,32,3470,119423.89,704,9,4346.67,2,0,7.6,0,0,54.0,High
C0000319,56,2520,134360.4,638,6,2315.21,1,0,1.4,2,0,69.5,High
C0000320,26,3419,79013.01,671,13,3699.01,1,1,5.2,3,0,63.7,High
C0000321,53,4058,17926.79,684,8,591.08,1,0,1.1,3,0,60.4,High
C0000322,39,3890,43723.28,753,12,3266.06,1,0,10.0,2,0,39.6,Medium
C0000323,58,3566,128469.95,722,9,2834.16,1,0,5.3,4,0,53.1,High
C0000324,53,2660,151383.18,620,13,806.05,0,2,14.2,1,0,65.0,High
C0000325,67,1198,131182.65,749,10,1507.93,3,1,12.4,1,0,54.8,High
C0000326,52,353,54445.25,564,10,2635.05,0,2,16.0,0,0,58.8,High
C0000327,20,2542,30220.41,666,15,2819.47,1,1,7.7,1,0,56.5,High
C0000328,41,2397,60629.83,604,10,4098.55,2,0,8.4,1,0,63.8,High
C0000329,26,3660,62506.98,626,11,6512.76,3,0,29.8,1,1,66.2,High
C0000330,35,5404,146671.45,834,16,1996.68,5,0,11.4,3,0,61.9,High
C0000331,63,4218,70275.24,580,8,1049.98,1,0,1.9,0,0,61.5,High
C0000332,51,4835,62571.45,629,3,3753.6,0,1,8.5,0,0,53.3,High
C0000333,32,3481,64557.53,728,13,5081.28,0,1,15.4,1,0,51.4,High
C0000334,28,5566,77250.76,655,9,5014.6,0,1,15.7,1,0,48.1,Medium
C0000335,42,5639,87503.29,702,8,2987.53,0,0,9.0,1,0,51.5,High
C0000336,25,942,41622.41,797,10,8071.62,0,1,15.0,1,0,48.4,Medium
C0000337,33,3846,34655.04,739,8,1841.19,1,1,12.0,1,0,60.6,High
C0000338,46,3050,131754.66,655,9,6221.58,3,0,21.2,1,0,51.9,High
C0000339,58,5832,25142.55,680,7,1034.9,1,0,10.1,0,0,51.5,High
C0000340,51,3520,152611.5,730,9,504.33,1,1,12.3,3,0,54.6,High
C0000341,18,125,21677.2,738,8,1023.78,3,1,7.8,0,0,45.1,Medium
C0000342,46,1283,44953.87,692,6,1514.38,1,0,25.8,3,0,53.1,High
C0000343,43,803,105810.96,717,10,2201.0,0,1,7.6,0,0,47.5,Medium
C0000344,48,1229,62011.66,717,11,1199.9,0,1,10.7,0,0,45.2,Medium
C0000345,65,601,30056.3,683,10,2390.52,1,1,12.2,1,0,55.2,High
C0000346,18,4698,78387.92,645,11,3349.75,3,0,4.7,1,0,62.4,High
C0000347,34,2979,64327.47,746,5,2766.81,2,2,13.5,0,0,49.9,Medium
C0000348,50,4040,55053.63,712,11,2011.56,2,1,16.9,0,0,57.7,High
C0000349,20,5999,43990.65,534,8,4807.43,1,0,15.3,0,0,62.5,High
C0000350,63,3893,60831.09,628,8,1307.57,1,2,5.3,1,0,75.0,High
C0000351,47,2890,45018.68,654,5,1880.76,2,1,6.6,1,0,68.1,High
C0000352,54,1623,236542.37,675,10,1538.75,1,1,5.5,3,0,67.3,High
C0000353,34,4534,54332.63,780,10,3362.76,0,2,6.7,0,0,35.9,Medium
C0000354,53,3055,50479.54,850,11,1668.45,0,1,14.0,1,0,34.2,Medium
C0000355,57,4548,46027.29,506,10,2853.55,0,0,2.8,3,0,78.3,Very High
C0000356,45,167,164754.64,713,13,3739.95,1,2,7.2,3,1,70.9,High
C0000357,45,1003,25169.87,695,9,1582.48,2,0,9.4,3,0,58.6,High
C0000358,46,805,75552.08,676,15,778.44,0,0,21.0,1,0,37.4,Medium
C0000359,30,4097,54354.36,731,10,1900.39,1,4,9.9,1,0,72.7,High
C0000360,40,3123,28339.72,701,10,1311.67,2,0,9.0,0,0,46.6,Medium
C0000361,40,1922,39513.5,663,10,1449.04,1,2,15.3,0,1,46.1,Medium
C0000362,47,1878,73807.41,692,6,441.4,2,0,4.3,2,0,58.7,High
C0000363,56,3652,38540.83,732,11,767.35,1,1,12.5,4,0,55.6,High
C0000364,27,5795,71514.09,725,10,3700.41,0,1,14.5,0,0,53.1,High
C0000365,40,5972,160479.89,704,8,1196.18,0,1,10.4,1,0,57.6,High
C0000366,63,2844,68099.15,646,7,4663.73,2,0,14.5,0,0,51.9,High
C0000367,32,4032,27874.23,850,15,1381.68,0,0,9.3,2,0,26.7,Medium
C0000368,30,528,38915.65,717,10,3017.88,0,2,3.0,0,0,51.1,High
C0000369,45,5674,52993.07,747,8,1866.14,2,0,5.6,1,1,51.8,High
C0000370,54,136,51080.61,652,14,3355.9,2,1,9.1,0,1,65.3,High
C0000371,42,2073,67406.54,704,10,1865.83,2,0,29.0,1,0,43.9,Medium
C0000372,61,4359,73624.51,704,8,2527.11,2,0,4.6,3,1,63.9,High
C0000373,54,5819,160601.28,547,10,4896.39,0,1,16.4,0,0,57.5,High
C0000374,54,1053,61873.29,636,11,2988.12,1,0,10.3,0,0,66.0,High
C0000375,50,3976,32898.51,635,13,1406.53,5,0,9.6,1,0,73.1,High
C0000376,75,1151,116947.81,645,8,651.09,3,1,7.9,2,0,60.7,High
C0000377,39,330,124188.17,610,11,2049.6,3,0,11.5,1,0,61.1,High
C0000378,18,2560,70455.27,693,8,2910.0,0,1,10.4,1,0,45.9,Medium
C0000379,64,3472,54142.39,795,9,2431.58,1,2,10.5,1,0,46.3,Medium
C0000380,36,1606,87316.1,700,6,1243.42,2,0,9.3,1,0,46.0,Medium
C0000381,44,5839,55204.28,601,11,2427.93,0,0,19.5,6,0,60.8,High
C0000382,60,3710,20015.25,613,14,3378.22,0,1,14.0,2,0,56.9,High
C0000383,20,2646,84524.82,662,5,5442.62,4,0,9.2,1,0,66.8,High
C0000384,24,2929,101278.35,584,14,1899.48,0,2,12.2,1,0,62.5,High
C0000385,20,2801,136965.95,713,9,10864.24,1,1,13.3,1,0,57.9,High
C0000386,31,695,41480.24,791,10,5658.01,0,0,12.0,0,0,32.3,Medium
C0000387,48,3650,70212.43,647,16,2454.29,2,0,5.3,0,0,50.4,High
C0000388,49,4714,71052.86,696,6,2607.82,1,1,11.3,1,0,37.8,Medium
C0000389,46,2544,64980.99,658,8,5426.31,2,0,1.8,0,0,60.3,High
C0000390,22,2572,66042.94,643,5,1176.27,2,1,9.2,1,0,60.3,High
C0000391,18,5465,63279.36,704,8,1305.97,0,0,5.2,1,0,37.5,Medium
C0000392,43,3676,69657.93,640,15,952.45,0,1,10.0,1,0,56.8,High
C0000393,35,1808,93177.75,629,11,1863.79,2,0,11.1,2,0,57.1,High
C0000394,48,53,121303.12,569,6,1257.9,2,0,10.8,1,0,74.2,High
C0000395,52,4944,40900.88,695,7,1746.72,1,1,9.0,1,0,49.5,Medium
C0000396,44,3769,56394.33,770,16,2150.96,0,0,9.8,1,0,50.9,High
C0000397,53,3768,49141.3,743,10,898.04,2,0,6.6,0,0,47.9,Medium
C0000398,45,1718,45422.82,802,11,5346.84,0,1,7.8,0,0,41.0,Medium
C0000399,49,1141,25490.79,639,15,4774.01,1,1,2.0,0,0,65.4,High
C0000400,32,2981,62831.51,754,10,1631.51,2,1,7.8,4,0,62.8,High
C0000401,39,4554,80701.78,607,9,5764.18,2,3,2.5,1,0,78.7,Very High
C0000402,45,1807,56930.4,743,7,2831.94,0,2,8.2,2,0,43.9,Medium
C0000403,53,3176,61695.29,813,6,4494.71,1,0,11.8,0,0,55.1,High
C0000404,36,5977,78044.15,727,11,910.93,2,0,12.0,1,0,42.2,Medium
C0000405,49,1339,134726.96,815,6,1767.96,1,0,2.5,0,0,30.8,Medium
C0000406,38,1408,49218.22,645,7,3309.51,2,1,6.5,0,0,64.9,High
C0000407,40,1438,32549.04,680,9,1977.64,1,2,5.0,0,0,66.6,High
C0000408,54,5479,58991.44,621,10,1962.34,1,2,9.7,1,0,58.4,High
C0000409,18,3186,174703.99,693,13,2047.3,1,1,8.2,2,0,67.3,High
C0000410,24,5510,32741.36,710,9,2804.44,1,0,31.9,0,0,31.3,Medium
C0000411,21,5688,88651.15,692,7,2365.31,2,2,30.9,1,0,61.2,High
C0000412,18,2543,117212.28,654,14,6056.99,2,0,9.8,3,0,64.6,High
C0000413,33,357,16879.34,653,15,1156.42,0,1,7.4,0,0,70.2,High
C0000414,52,1844,77692.35,716,6,2339.4,1,1,10.9,2,0,58.0,High
C0000415,38,3276,86401.95,678,16,3476.43,1,1,1.3,2,1,64.7,High
C0000416,45,2304,53522.39,604,16,980.27,0,2,4.4,3,1,72.5,High
C0000417,57,43,43449.23,548,10,1759.54,2,0,10.8,2,0,78.7,Very High
C0000418,61,5936,44802.78,645,10,2463.21,1,0,19.2,1,0,47.4,Medium
C0000419,41,1840,51749.86,586,11,5843.54,1,3,16.8,1,0,69.8,High
C0000420,61,3724,52508.84,627,12,2403.94,2,1,17.2,0,0,63.4,High
C0000421,43,5682,47332.97,658,13,3600.79,3,0,12.4,4,0,77.0,Very High
C0000422,30,3282,51299.09,679,9,3757.32,2,2,16.9,1,0,64.7,High
C0000423,34,4175,119351.14,640,10,366.85,2,0,2.3,1,0,53.7,High
C0000424,21,244,31791.49,850,5,2318.0,5,0,6.8,2,0,58.3,High
C0000425,30,4189,23692.35,595,8,1657.41,0,1,13.8,5,0,71.6,High
C0000426,37,5091,120405.62,781,13,5844.56,0,2,7.5,1,1,49.8,Medium
C0000427,53,5512,55786.09,678,14,3464.57,4,0,39.3,2,0,57.8,High
C0000428,66,530,50079.24,641,12,3884.67,0,3,5.0,0,1,61.9,High
C0000429,23,1393,58321.16,734,9,3083.97,0,0,20.6,2,0,45.5,Medium
C0000430,47,310,69563.26,656,10,2355.06,0,1,9.7,0,1,44.0,Medium
C0000431,27,5510,46474.61,629,4,3787.0,0,0,12.7,1,0,61.1,High
C0000432,49,1670,81891.61,824,11,2169.71,0,2,4.4,2,0,61.5,High
C0000433,40,3203,36521.09,525,7,5069.47,2,1,4.9,2,0,90.9,Very High
C0000434,18,2870,52516.64,672,10,1098.12,1,1,8.6,2,0,57.2,High
C0000435,55,4141,18339.39,704,11,4319.19,0,1,5.2,1,1,57.5,High
C0000436,34,5374,118139.34,796,8,1737.88,1,2,12.4,1,0,55.0,High
C0000437,35,1962,56277.01,660,9,3421.58,2,1,6.0,0,0,66.3,High
C0000438,27,4746,89630.14,850,12,792.02,0,3,8.1,0,0,38.6,Medium
C0000439,33,1766,80579.99,747,16,2621.54,0,1,14.0,2,0,44.3,Medium
C0000440,48,1209,83892.14,512,7,1994.17,2,0,7.0,2,0,69.9,High
C0000441,39,664,61735.42,581,14,2136.11,1,1,5.8,0,0,61.3,High
C0000442,47,2251,76758.14,708,12,697.37,2,1,3.7,1,0,73.4,High
C0000443,47,3376,36540.75,604,6,2247.53,0,1,24.2,0,0,54.1,High
C0000444,60,4688,32556.8,731,6,2393.49,3,2,9.6,2,0,58.4,High
C0000445,37,5094,58646.4,656,18,691.02,2,2,3.4,1,0,73.3,High
C0000446,21,3176,42659.81,600,13,1041.34,3,0,11.8,1,0,79.7,Very High
C0000447,57,2471,135794.09,618,14,2437.46,3,0,5.1,0,0,69.1,High
C0000448,37,1071,76207.8,754,8,2866.08,1,0,16.4,3,0,47.7,Medium
C0000449,58,5487,41807.24,538,7,2128.8,1,0,9.1,1,0,49.3,Medium
C0000450,47,2394,53398.74,768,10,2265.2,0,1,10.0,0,0,37.2,Medium
C0000451,40,4594,66705.54,771,8,2238.8,2,1,3.2,4,0,62.1,High
C0000452,47,3766,59723.93,665,22,1543.89,1,1,14.6,2,0,70.6,High
C0000453,69,5590,71994.86,585,13,1959.33,1,1,10.3,0,0,63.6,High
C0000454,71,5840,64385.88,732,13,884.65,0,0,4.3,0,0,50.3,High
C0000455,43,4249,28854.71,654,13,1504.45,2,1,5.2,0,0,65.5,High
C0000456,44,3981,18994.26,576,9,2140.17,4,1,4.3,0,1,76.5,Very High
C0000457,57,849,50483.64,833,8,4912.67,2,3,12.0,1,0,46.6,Medium
C0000458,30,126,84386.33,624,9,2032.74,3,0,7.7,2,1,68.8,High
C0000459,47,3289,50796.7,580,10,8401.37,0,0,4.1,1,0,76.3,Very High
C0000460,42,4238,122393.91,711,14,7713.2,0,0,10.4,2,0,32.6,Medium
C0000461,46,4484,60421.6,685,14,2301.97,0,0,10.7,0,0,44.6,Medium
C0000462,30,1527,130789.9,801,4,1681.21,1,0,8.0,3,0,43.2,Medium
C0000463,20,3034,116825.49,661,8,9596.27,4,1,10.3,1,0,66.1,High
C0000464,18,5177,110536.1,662,7,3572.83,2,0,10.0,2,0,66.2,High
C0000465,26,601,31982.95,715,13,2925.78,2,2,10.5,2,0,66.8,High
C0000466,36,2321,62587.26,705,11,1376.42,0,0,17.2,0,0,41.6,Medium
C0000467,38,5668,121469.09,707,8,1666.25,0,2,7.4,1,0,55.0,High
C0000468,69,1221,72018.57,710,10,1148.13,1,0,7.8,0,0,51.8,High
C0000469,57,1920,84102.17,702,6,5787.23,1,0,9.6,2,0,59.4,High
C0000470,29,2823,28898.69,659,7,3047.92,1,2,14.1,2,0,73.6,High
C0000471,47,4139,178122.02,752,5,1798.16,2,3,6.0,0,0,60.6,High
C0000472,36,1553,40120.14,663,12,1618.46,0,2,5.4,2,0,51.8,High
C0000473,38,4760,20701.38,750,13,1155.03,1,1,18.9,0,0,50.9,High
C0000474,45,1437,51111.79,794,9,2102.37,2,1,11.3,1,0,47.7,Medium
C0000475,51,2228,16135.44,639,10,2458.17,2,2,6.4,1,0,75.1,Very High
C0000476,37,3452,34134.74,850,11,501.27,3,1,13.2,0,0,61.3,High
C0000477,57,102,253234.49,637,6,1175.55,0,0,3.9,2,0,57.5,High
C0000478,26,4611,50305.38,637,7,1417.21,1,1,10.3,0,0,58.0,High
C0000479,42,4022,28271.42,730,9,4454.98,2,0,30.9,3,0,40.4,Medium
C0000480,78,5014,62868.69,723,17,1534.96,1,2,5.1,1,0,69.8,High
C0000481,45,1671,37839.08,695,6,685.31,1,1,12.5,1,0,37.6,Medium
C0000482,62,2404,99745.3,751,4,1075.56,2,1,12.9,1,0,52.7,High
C0000483,43,5394,38011.35,709,6,6748.68,1,0,24.8,1,0,50.8,High
C0000484,50,428,71954.78,845,6,1726.6,1,0,9.0,2,0,37.5,Medium
C0000485,41,2962,32991.56,686,15,1120.14,3,1,1.8,2,0,59.2,High
C0000486,40,2919,258940.9,626,15,741.29,2,0,7.7,3,0,57.1,High
C0000487,31,2701,81787.75,649,4,2235.18,0,1,10.2,2,0,56.4,High
C0000488,48,2619,57231.6,725,8,2393.57,5,1,19.0,1,0,67.4,High
C0000489,30,4491,52773.4,726,10,2930.51,3,1,14.7,1,0,59.0,High
C0000490,51,1205,45725.42,705,8,12946.81,1,0,21.9,0,0,38.5,Medium
C0000491,57,5350,40797.96,626,11,985.01,0,0,28.9,0,0,53.7,High
C0000492,47,5379,40185.9,773,12,1730.59,0,0,12.0,0,0,44.4,Medium
C0000493,38,1100,156056.05,835,16,2660.57,0,1,14.9,1,0,30.4,Medium
C0000494,48,5845,45750.22,692,6,1655.39,2,1,8.8,0,0,50.0,Medium
C0000495,38,1594,19220.05,826,8,574.53,3,1,1.9,2,0,60.6,High
C0000496,55,338,32650.24,755,8,3067.36,2,1,4.4,2,0,54.7,High
C0000497,18,2406,103273.72,850,16,1459.48,2,2,9.7,0,0,47.0,Medium
C0000498,37,4780,53966.1,725,10,1101.73,2,1,8.9,2,0,64.5,High
C0000499,18,5072,57592.34,700,8,1230.86,2,1,4.2,0,0,46.9,Medium
C0000500,21,3884,117982.03,753,15,6029.81,0,0,7.1,3,0,47.9,Medium
C0000501,61,4872,40434.88,657,11,5118.32,3,2,1.8,1,0,73.7,High
C0000502,55,1590,87791.45,721,5,1082.43,1,0,5.8,0,0,42.5,Medium
C0000503,32,5277,42939.78,790,14,713.76,2,0,8.2,0,0,36.3,Medium
C0000504,21,3821,85103.36,751,13,3944.78,0,1,4.4,2,0,45.8,Medium
C0000505,18,827,49999.35,688,8,8383.72,3,1,31.9,0,0,40.3,Medium
C0000506,34,797,54286.87,705,5,10021.24,2,2,4.6,0,0,51.6,High
C0000507,76,1625,97339.79,747,12,876.42,2,1,15.2,3,0,63.0,High
C0000508,48,444,93554.86,744,7,5317.8,3,0,4.6,1,0,48.8,Medium
C0000509,34,1718,56607.92,746,9,2192.35,1,2,5.3,0,0,44.1,Medium
C0000510,49,5961,47834.22,715,13,627.56,2,0,4.4,0,0,51.6,High
C0000511,20,1463,149405.72,628,7,1258.24,4,1,14.1,0,0,63.8,High
C0000512,38,3829,85735.44,640,7,1320.1,0,1,31.2,4,0,51.0,High
C0000513,43,5865,49999.17,725,13,2996.72,1,1,10.1,1,0,59.9,High
C0000514,41,1541,43290.71,752,8,904.81,3,2,17.3,1,0,72.4,High
C0000515,53,4186,108943.35,743,12,4063.59,1,3,6.4,0,0,62.0,High
C0000516,47,2716,66062.71,639,12,2996.7,3,2,5.2,1,0,62.8,High
C0000517,51,1733,56666.33,679,17,4269.55,4,1,15.3,0,0,60.5,High
C0000518,32,5702,66047.27,602,10,1432.37,2,0,26.9,1,0,63.4,High
C0000519,55,3950,74658.37,586,7,2846.79,2,0,12.8,1,0,62.2,High
C0000520,65,2649,60096.73,696,13,1122.03,0,3,21.5,1,0,52.5,High
C0000521,28,4878,120200.62,792,8,3415.47,0,1,14.0,1,0,40.5,Medium
C0000522,30,5405,123936.65,697,8,1885.52,2,0,12.3,0,0,61.4,High
C0000523,61,4695,83069.1,833,11,2009.71,1,0,5.7,1,0,27.7,Medium
C0000524,39,5216,132056.5,678,13,2153.7,2,0,6.7,0,0,55.7,High
C0000525,62,1952,62290.42,692,22,709.33,2,0,8.7,1,0,41.0,Medium
C0000526,36,2084,90632.82,616,11,4767.63,2,1,7.1,2,0,76.7,Very High
C0000527,62,1419,107725.4,664,8,2321.75,1,0,11.0,1,0,54.6,High
C0000528,44,4185,108592.84,601,7,4780.13,2,1,4.1,0,1,63.7,High
C0000529,46,4824,102609.85,574,16,4556.48,2,1,11.9,2,0,76.6,Very High
C0000530,64,3973,87732.15,602,12,1296.7,1,0,6.5,1,0,57.0,High
C0000531,37,3607,181917.78,696,12,1846.05,1,2,4.1,0,0,49.9,Medium
C0000532,29,4634,46076.44,635,9,802.86,0,1,5.6,2,0,73.4,High
C0000533,36,1113,56926.61,653,12,4880.91,1,4,25.9,3,0,68.0,High
C0000534,48,2214,55100.22,721,8,2716.81,3,3,16.5,0,0,63.6,High
C0000535,20,4250,50637.76,574,10,2507.32,4,1,11.7,1,0,84.2,Very High
C0000536,51,341,20765.85,696,5,1838.62,2,1,12.2,1,0,68.1,High
C0000537,34,5468,132067.09,754,10,1171.3,0,2,20.7,2,0,47.9,Medium
C0000538,58,1051,35262.22,760,12,5064.31,0,0,18.7,1,0,52.1,High
C0000539,18,4728,68069.73,729,9,8101.26,1,1,8.9,0,1,54.8,High
C0000540,31,3710,28363.72,686,4,5193.79,1,1,11.5,1,0,67.3,High
C0000541,18,5090,87228.23,643,4,1973.21,0,0,4.8,1,0,50.0,Medium
C0000542,30,4657,40252.28,684,11,2835.06,3,0,14.0,1,1,53.5,High
C0000543,45,3109,33193.54,814,7,4410.16,2,2,12.4,0,0,49.0,Medium
C0000544,39,4543,68994.26,710,7,2338.75,1,3,13.7,2,0,56.2,High
C0000545,38,2098,42170.9,682,6,7786.96,1,6,13.3,2,0,87.1,Very High
C0000546,40,3514,45211.29,732,6,4952.55,2,2,7.9,2,0,57.4,High
C0000547,45,5492,68143.7,694,7,13450.6,2,0,6.8,0,0,49.0,Medium
C0000548,28,536,96267.29,707,9,2496.05,2,0,20.2,1,0,37.7,Medium
C0000549,52,2154,39528.19,671,12,457.87,1,1,13.4,1,0,51.0,High
C0000550,51,133,35944.59,659,7,2305.18,0,0,11.8,1,0,33.7,Medium
C0000551,47,3219,62805.99,765,6,1718.91,0,2,3.1,2,0,49.3,Medium
C0000552,50,4699,83406.25,544,11,2461.42,2,1,6.7,2,0,61.5,High
C0000553,46,260,138607.99,726,8,7010.71,2,0,4.6,1,0,46.0,Medium
C0000554,70,3309,34394.72,654,9,1546.91,0,1,2.2,1,0,52.7,High
C0000555,41,2508,52052.48,547,11,1281.36,5,1,6.8,1,0,83.0,Very High
C0000556,38,4702,118370.16,617,18,1444.86,1,0,7.1,2,0,64.5,High
C0000557,31,1344,183522.34,687,13,8923.13,3,1,7.8,0,0,61.3,High
C0000558,28,1001,35907.07,698,9,1630.62,1,0,13.9,3,0,56.0,High
C0000559,25,595,41296.92,746,11,2604.13,1,1,12.8,1,0,54.3,High
C0000560,30,2462,76457.84,751,7,7305.74,1,1,6.4,2,0,55.6,High
C0000561,41,2940,45122.26,574,13,3386.52,1,0,13.7,1,0,61.0,High
C0000562,47,5517,40835.71,718,12,508.15,0,0,11.0,1,0,53.9,High
C0000563,43,2811,70922.89,745,6,1607.04,2,0,9.5,1,0,49.9,Medium
C0000564,31,1054,145374.82,706,17,1439.26,0,0,8.9,2,0,40.1,Medium
C0000565,55,4203,30172.14,728,10,708.7,2,2,4.2,1,0,62.5,High
C0000566,52,397,141347.04,545,12,1614.25,2,0,4.2,2,0,76.0,Very High
C0000567,40,2091,45196.12,616,16,374.95,1,0,6.2,3,0,59.9,High
C0000568,33,3931,74987.39,792,11,2717.55,0,2,1.5,1,0,57.1,High
C0000569,50,1546,148725.49,669,13,2210.67,2,0,8.4,1,0,58.2,High
C0000570,45,3579,74147.95,850,11,1388.41,2,1,9.8,1,0,36.3,Medium
C0000571,22,2736,52642.0,594,12,678.63,3,1,20.7,3,0,62.6,High
C0000572,41,5713,92031.51,807,5,5445.98,2,0,10.1,3,1,37.3,Medium
C0000573,46,1746,56367.51,644,13,1520.48,2,0,8.8,2,0,76.6,Very High
C0000574,29,5441,82589.08,755,14,4490.14,3,1,9.1,2,0,58.3,High
C0000575,45,3766,55398.91,668,8,2027.28,3,0,12.5,0,0,60.9,High
C0000576,22,4504,99560.8,699,11,5680.39,4,2,21.2,0,0,58.3,High
C0000577,61,1037,28798.03,735,8,3216.67,1,0,4.6,3,0,57.9,High
C0000578,59,144,35505.85,644,13,2365.36,2,0,22.1,1,0,54.0,High
C0000579,38,4392,28566.19,750,12,1274.63,3,0,6.6,0,0,49.9,Medium
C0000580,47,2897,60105.31,670,13,5118.36,2,0,11.3,1,0,55.0,High
C0000581,18,1873,26732.72,703,9,1925.0,1,1,16.9,2,0,44.5,Medium
C0000582,26,5379,42377.9,492,17,1295.33,3,0,33.4,1,1,74.5,High
C0000583,38,1979,33717.08,665,8,1986.23,4,2,18.2,1,1,81.3,Very High
C0000584,27,2618,139903.98,785,10,2134.97,2,2,15.6,1,0,53.3,High
C0000585,52,4353,35954.71,742,9,3883.14,1,1,15.9,1,0,46.9,Medium
C0000586,70,5774,30555.18,756,11,647.32,4,1,5.7,3,1,58.6,High
C0000587,26,5396,71073.93,694,8,10355.09,1,0,8.5,2,0,51.3,High
C0000588,30,3925,156786.66,816,9,2973.19,1,0,9.8,0,0,31.2,Medium
C0000589,45,689,58165.8,712,11,2177.39,0,0,10.2,2,0,35.6,Medium
C0000590,65,683,60693.63,640,6,2936.02,0,0,12.9,0,0,47.4,Medium
C0000591,25,4166,126096.94,754,5,813.02,1,0,8.0,2,0,46.3,Medium
C0000592,45,3070,100500.28,759,3,2384.71,4,0,19.6,1,0,53.1,High
C0000593,67,824,78344.25,737,14,3357.45,1,1,7.0,1,0,59.6,High
C0000594,19,4182,45008.3,660,12,1816.63,0,0,13.7,0,0,49.7,Medium
C0000595,24,5655,79671.44,711,11,3091.91,6,1,15.0,2,0,65.3,High
C0000596,36,420,29332.71,794,8,3683.9,3,1,8.7,1,0,55.8,High
C0000597,35,4959,43996.62,726,11,1370.21,2,1,18.0,1,0,46.3,Medium
C0000598,53,2087,136242.83,579,10,4953.83,1,0,17.9,1,0,57.7,High
C0000599,45,2404,126878.55,643,5,2115.5,3,2,27.7,2,0,66.8,High
C0000600,18,4310,78866.06,639,12,7596.58,0,0,12.0,2,0,57.0,High
C0000601,49,1503,21455.69,633,9,5153.02,1,1,6.5,0,0,58.7,High
C0000602,34,967,31900.21,532,11,2865.21,0,1,9.0,0,0,53.5,High
C0000603,60,5784,42666.95,832,10,1297.94,1,0,19.3,1,0,31.1,Medium
C0000604,33,2109,56413.02,624,15,2046.16,2,0,8.0,1,0,55.9,High
C0000605,33,1042,31168.51,630,8,4235.72,2,0,7.4,0,0,54.2,High
C0000606,50,4148,54144.79,544,12,1529.14,2,1,5.8,2,0,71.1,High
C0000607,53,1323,163882.02,755,8,2915.99,2,0,8.2,0,0,45.3,Medium
C0000608,48,4659,77292.28,683,11,3138.22,1,0,16.7,1,0,52.2,High
C0000609,18,450,69929.6,664,9,2044.92,0,1,9.1,1,0,59.2,High
C0000610,50,3125,35427.17,668,10,1289.65,1,1,6.5,0,0,52.3,High
C0000611,28,2435,25171.01,734,12,6214.53,2,1,4.3,0,0,42.8,Medium
C0000612,45,5742,31551.66,654,12,2995.92,1,1,11.7,1,0,52.1,High
C0000613,22,3142,24617.81,541,14,1808.07,2,0,12.1,2,0,79.2,Very High
C0000614,48,5554,64612.23,593,7,1316.32,3,0,10.7,0,0,69.9,High
C0000615,31,1513,76575.07,589,6,3945.18,1,1,3.8,0,0,72.0,High
C0000616,24,2856,36460.33,711,6,2102.96,2,0,5.9,1,0,54.3,High
C0000617,52,4888,67254.91,760,10,4152.89,1,1,4.5,1,0,47.3,Medium
C0000618,45,986,139084.41,800,7,1208.11,0,0,5.8,0,0,26.9,Medium
C0000619,33,5568,181974.75,567,12,2678.22,3,1,6.0,2,1,83.8,Very High
C0000620,62,4644,94713.83,737,9,1610.57,1,0,8.2,1,0,48.8,Medium
C0000621,36,4070,56315.63,644,12,6823.86,0,1,5.1,1,0,54.4,High
C0000622,42,1481,93045.79,850,6,2794.92,0,0,13.8,0,0,15.4,Low
C0000623,46,4913,130403.03,794,8,1151.65,2,0,3.1,0,0,53.0,High
C0000624,33,5061,20556.12,818,16,4039.75,3,1,8.0,0,0,55.9,High
C0000625,49,1776,140088.22,750,8,4908.75,1,0,6.2,0,0,41.3,Medium
C0000626,35,3535,45952.66,719,11,1767.18,0,0,8.4,2,0,46.3,Medium
C0000627,36,392,46196.53,660,8,1299.65,1,2,12.0,2,0,60.0,High
C0000628,61,2382,51005.02,645,10,525.49,2,1,9.4,1,0,61.7,High
C0000629,27,929,73934.58,630,7,4499.51,1,1,15.1,3,0,47.3,Medium
C0000630,18,3351,33647.69,736,6,703.99,2,0,10.5,2,0,54.2,High
C0000631,65,3306,53010.32,807,12,2131.94,0,0,12.6,2,0,33.3,Medium
C0000632,78,3210,82767.61,663,7,716.83,2,0,17.7,3,0,56.2,High
C0000633,36,4072,69919.78,636,16,7093.02,3,0,16.8,2,0,58.0,High
C0000634,18,5550,76445.83,579,12,5237.89,2,0,12.6,0,0,60.7,High
C0000635,38,1204,51880.95,708,6,2673.92,0,0,16.8,0,0,44.4,Medium
C0000636,38,1309,90801.41,782,10,4346.9,1,0,6.1,3,0,50.1,High
C0000637,39,1316,110848.37,786,10,2018.84,1,1,31.0,1,0,37.8,Medium
C0000638,26,5571,107251.44,793,10,1287.08,1,1,47.7,4,0,37.9,Medium
C0000639,50,583,78438.9,721,10,739.9,1,0,18.5,1,0,43.9,Medium
C0000640,49,217,103910.02,697,8,3681.27,0,0,12.4,0,0,52.2,High
C0000641,21,987,100104.81,786,7,1141.52,0,0,13.5,0,0,34.6,Medium
C0000642,52,4622,270213.86,607,15,11366.96,1,1,4.9,1,0,65.7,High
C0000643,71,3490,121155.07,657,9,1067.61,2,1,13.1,1,0,73.3,High
C0000644,44,5520,59046.49,818,19,4247.39,0,1,6.1,3,0,43.9,Medium
C0000645,37,1249,37551.4,609,9,5042.28,1,0,6.2,4,0,60.8,High
C0000646,40,2382,53705.06,687,14,920.9,3,0,11.8,3,0,68.5,High
C0000647,51,3345,51658.39,737,10,1642.43,3,0,4.9,0,0,40.0,Medium
C0000648,18,466,82139.32,696,7,1894.6,0,2,23.9,1,0,45.3,Medium
C0000649,44,5513,42181.99,776,13,21160.77,2,3,15.7,1,0,54.5,High
C0000650,37,4833,119442.11,804,7,1875.69,1,0,4.1,2,0,26.2,Medium
C0000651,68,888,28872.07,726,12,1049.84,4,1,6.3,1,0,65.8,High
C0000652,40,5061,25260.59,794,10,3028.57,3,0,5.6,2,0,54.3,High
C0000653,65,2709,57559.58,620,13,1113.57,2,0,7.9,1,0,53.3,High
C0000654,27,2037,39006.45,678,12,2113.73,1,1,20.2,1,0,51.4,High
C0000655,50,5678,31034.69,850,10,1636.81,0,1,18.5,0,0,48.9,Medium
C0000656,46,3126,43673.69,836,8,3080.73,2,1,13.8,0,0,40.7,Medium
C0000657,30,1386,40785.11,594,7,1527.56,2,0,14.7,2,0,76.1,Very High
C0000658,44,4862,62346.55,689,9,1399.3,1,0,6.9,1,0,50.1,High
C0000659,59,4302,44074.24,700,14,4436.36,4,0,4.7,1,0,69.8,High
C0000660,37,1176,46090.67,721,12,2654.74,1,1,16.7,0,0,45.4,Medium
C0000661,18,4073,61834.3,786,16,2240.76,1,1,15.6,3,0,46.1,Medium
C0000662,42,3784,108306.73,828,9,629.54,3,0,11.0,2,0,39.2,Medium
C0000663,29,1673,139218.47,693,11,3295.8,2,1,17.9,1,0,66.6,High
C0000664,37,2600,67249.3,774,6,1620.16,1,2,15.7,3,0,49.9,Medium
C0000665,41,5040,70188.4,739,10,2636.43,1,0,10.3,1,0,43.7,Medium
C0000666,18,1071,56057.7,688,9,663.43,3,1,12.7,1,0,63.6,High
C0000667,19,4342,80787.41,563,5,2634.38,0,1,8.3,0,0,50.3,High
C0000668,49,4993,76842.28,766,4,2494.23,0,0,6.0,3,0,45.2,Medium
C0000669,35,5622,128554.2,735,11,1895.07,2,1,9.7,1,0,54.8,High
C0000670,18,1968,21940.78,719,9,1236.81,1,0,3.7,1,0,44.8,Medium
C0000671,53,1621,54497.82,616,11,4694.47,2,1,3.7,1,0,75.8,Very High
C0000672,46,5608,74715.59,837,15,1354.2,1,0,6.2,1,0,40.8,Medium
C0000673,32,2792,61110.16,701,11,3975.25,1,2,11.6,0,0,51.0,High
C0000674,24,3426,36987.84,604,11,4345.37,3,2,14.6,0,0,61.2,High
C0000675,54,3092,30340.48,592,10,1280.84,1,1,10.0,0,0,67.7,High
C0000676,47,3101,96603.19,741,9,3577.6,1,1,5.1,1,1,43.9,Medium
C0000677,75,3758,40887.53,743,14,1663.87,1,1,11.7,1,0,45.3,Medium
C0000678,48,2557,23616.35,655,9,3331.75,0,0,5.3,0,0,56.9,High
C0000679,47,2370,99310.32,725,10,1197.37,2,4,8.6,1,1,68.8,High
C0000680,40,2422,79804.11,740,5,2041.42,0,0,5.8,2,0,44.4,Medium
C0000681,53,3948,58171.97,700,13,2313.0,2,0,26.5,2,1,37.3,Medium
C0000682,51,4913,37492.13,637,8,2158.36,0,0,11.5,2,0,42.3,Medium
C0000683,60,3344,58249.85,762,10,2818.6,1,0,5.7,2,0,38.3,Medium
C0000684,35,4074,120989.96,753,15,1300.5,0,0,14.4,1,0,34.8,Medium
C0000685,36,2495,25509.47,733,13,1536.37,1,0,6.0,2,0,47.3,Medium
C0000686,35,4648,26231.13,627,8,3498.92,1,0,12.3,3,0,57.0,High
C0000687,53,2380,43897.77,590,9,1682.76,0,2,7.4,0,0,72.6,High
C0000688,63,2543,61098.07,696,11,1592.38,0,2,10.6,0,0,54.1,High
C0000689,36,359,47189.61,760,6,1272.87,1,1,19.8,0,0,35.5,Medium
C0000690,36,1590,88295.0,768,6,1631.39,3,3,10.0,0,1,59.6,High
C0000691,46,4438,112842.5,734,15,1128.48,1,1,24.5,0,0,41.0,Medium
C0000692,39,548,72273.48,656,9,3534.25,1,1,10.5,0,0,55.6,High
C0000693,55,1367,84383.52,630,8,1643.07,0,2,6.4,0,0,57.4,High
C0000694,18,4666,72008.86,689,6,1087.71,0,0,7.0,0,0,38.9,Medium
C0000695,30,5242,62325.08,689,7,1927.84,5,1,7.8,3,1,80.1,Very High
C0000696,31,2509,30437.55,773,7,887.58,1,0,6.3,0,0,59.1,High
C0000697,18,2459,35224.4,654,10,1261.38,1,0,12.4,0,0,59.0,High
C0000698,29,3070,29492.3,660,12,5306.2,3,0,13.4,1,0,61.0,High
C0000699,29,4627,57137.28,844,8,1084.56,2,2,6.5,0,0,49.6,Medium
C0000700,39,2831,70448.88,806,8,2004.17,1,1,6.7,1,0,41.4,Medium
C0000701,58,1065,27939.46,624,11,9231.43,1,0,26.3,1,0,58.5,High
C0000702,39,2603,64525.58,800,10,2586.93,4,1,6.4,3,0,52.2,High
C0000703,28,1550,38312.09,606,8,1578.45,0,1,8.5,1,0,57.8,High
C0000704,41,4112,34435.04,657,11,604.4,1,0,18.4,1,0,51.4,High
C0000705,57,881,43956.14,666,10,2452.13,1,0,14.4,0,0,56.4,High
C0000706,28,3664,33477.46,684,11,1335.69,4,0,7.8,0,0,58.7,High
C0000707,29,805,86556.46,736,7,3161.44,2,2,9.9,0,0,54.9,High
C0000708,50,5833,56527.77,698,11,1417.5,1,0,16.9,0,0,36.8,Medium
C0000709,39,3851,97076.77,736,12,2634.29,2,0,11.9,0,0,28.4,Medium
C0000710,51,859,48579.97,660,10,5632.77,1,2,16.8,0,0,57.5,High
C0000711,42,5754,49600.8,718,10,3403.42,3,0,13.2,4,0,65.2,High
C0000712,52,3453,173728.69,696,13,933.83,2,1,19.4,1,0,61.2,High
C0000713,28,3651,25392.43,586,9,2330.97,2,1,19.0,1,1,66.2,High
C0000714,42,407,125662.42,726,8,4115.33,1,1,12.4,1,0,51.0,High
C0000715,39,1150,154026.18,697,8,819.31,5,0,14.8,1,0,48.5,Medium
C0000716,25,4853,94474.88,636,14,6587.37,1,1,4.1,0,0,59.3,High
C0000717,20,2821,51695.75,658,16,2411.03,1,1,13.6,1,0,59.2,High
C0000718,52,3709,135901.52,660,8,3200.0,1,1,6.6,0,0,62.4,High
C0000719,37,5923,51943.97,672,10,1759.39,1,4,5.8,2,0,77.3,Very High
C0000720,28,2587,42053.91,822,14,2267.25,1,0,13.9,0,0,41.6,Medium
C0000721,41,2303,50078.25,847,5,1230.06,2,1,5.1,0,0,39.6,Medium
C0000722,58,4819,45310.0,486,7,6013.8,1,1,0.7,0,0,66.2,High
C0000723,18,424,36836.59,727,16,7056.45,5,0,14.5,6,1,73.2,High
C0000724,21,2746,114164.31,762,12,8879.9,3,1,0.8,1,0,55.6,High
C0000725,29,5133,40517.65,674,9,698.19,2,1,23.8,0,0,50.4,High
C0000726,62,1389,60997.24,760,10,2725.52,3,1,15.8,2,0,59.6,High
C0000727,46,1844,28023.96,814,9,2913.44,2,0,16.1,1,0,44.3,Medium
C0000728,53,2850,63059.6,587,3,1390.75,3,0,11.6,2,0,69.7,High
C0000729,26,473,32831.06,700,11,2803.27,1,0,4.8,0,0,45.6,Medium
C0000730,26,452,32390.57,837,12,864.73,3,0,2.7,2,0,56.5,High
C0000731,48,1531,58383.07,597,4,5725.86,0,0,2.1,2,0,63.1,High
C0000732,43,5390,110882.28,681,12,812.12,2,1,5.5,0,0,49.4,Medium
C0000733,50,1354,78993.21,656,11,2588.91,3,0,6.3,1,0,60.6,High
C0000734,39,4393,82035.38,769,14,3674.55,3,0,12.7,1,0,41.7,Medium
C0000735,46,2573,57724.4,779,11,1490.01,2,0,6.6,0,0,43.3,Medium
C0000736,44,4569,51548.97,702,5,5369.05,4,0,14.4,1,0,57.2,High
C0000737,53,2001,95799.91,692,11,671.8,0,1,10.7,1,1,38.8,Medium
C0000738,53,5250,45485.2,561,11,2156.63,0,0,10.9,0,0,42.3,Medium
C0000739,19,2243,98108.42,797,9,735.02,0,3,5.2,0,0,48.9,Medium
C0000740,18,4755,122352.38,664,10,1330.85,1,1,5.9,1,0,43.5,Medium
C0000741,56,4993,39031.6,679,6,1595.96,1,2,10.8,2,0,62.2,High
C0000742,59,2608,42317.02,763,11,1533.89,2,0,6.3,0,0,60.9,High
C0000743,28,4011,45924.64,705,11,5025.57,2,0,6.2,2,0,66.2,High
C0000744,18,738,27668.79,765,8,1026.75,4,1,18.3,0,0,52.3,High
C0000745,43,2993,47892.69,735,11,801.06,1,2,8.8,1,1,59.6,High
C0000746,55,2258,126840.67,705,12,1662.4,1,2,4.4,1,0,62.5,High
C0000747,67,5727,34885.38,713,13,2368.19,1,2,11.6,1,0,62.3,High
C0000748,49,5606,128508.14,606,12,3051.2,3,0,4.1,0,0,61.0,High
C0000749,37,4706,48849.29,679,6,4657.32,3,1,9.7,1,1,74.2,High
C0000750,29,5696,198314.47,771,16,543.87,1,0,17.6,1,0,49.1,Medium
C0000751,42,5856,42612.06,623,12,6593.42,3,2,5.9,0,0,70.7,High
C0000752,38,4614,57279.59,636,8,1292.37,1,0,4.7,3,0,54.4,High
C0000753,28,3575,37582.32,624,16,1835.75,3,1,5.2,1,0,60.5,High
C0000754,71,1250,42474.29,702,11,2233.38,2,0,9.2,2,0,64.9,High
C0000755,67,4897,129429.06,795,11,536.71,2,1,9.4,1,0,60.0,High
C0000756,58,1190,80489.73,731,6,1660.93,3,0,11.7,2,0,58.7,High
C0000757,29,1135,109178.5,527,6,4192.46,1,0,16.9,1,0,65.4,High
C0000758,54,5282,30070.97,739,16,3316.41,4,1,9.7,2,0,73.7,High
C0000759,51,713,88880.26,657,8,1589.09,1,3,4.0,0,0,63.1,High
C0000760,48,877,36337.15,728,7,2526.75,1,0,13.7,1,0,45.7,Medium
C0000761,59,3080,29713.73,679,10,2969.68,0,2,5.8,1,0,57.7,High
C0000762,51,3517,70700.72,625,14,1859.39,2,2,7.8,1,0,67.6,High
C0000763,52,302,70304.12,685,11,3030.04,2,0,5.5,3,0,63.6,High
C0000764,51,2288,63846.04,657,6,1307.57,0,0,15.5,1,0,49.4,Medium
C0000765,47,1374,92000.27,713,11,1190.04,1,1,26.6,0,0,40.9,Medium
C0000766,18,1833,100242.86,624,5,1813.78,0,0,6.5,2,0,49.9,Medium
C0000767,43,1109,139140.68,606,13,458.03,1,1,8.5,0,0,71.2,High
C0000768,34,4073,32215.44,745,12,3452.46,1,1,2.5,2,1,61.2,High
C0000769,24,2853,141633.58,773,13,2322.17,2,1,15.7,0,0,61.4,High
C0000770,66,5758,174583.95,734,5,1904.16,0,3,8.5,1,0,57.3,High
C0000771,66,79,50688.95,641,23,3692.17,6,1,6.7,2,0,85.8,Very High
C0000772,61,4672,24765.81,634,9,2829.44,2,1,13.9,1,0,61.1,High
C0000773,46,5461,28968.53,639,10,4392.63,3,0,7.1,4,0,75.2,Very High
C0000774,61,2932,48092.01,757,19,6143.25,0,0,5.2,2,0,54.2,High
C0000775,42,4205,187712.64,628,11,2727.33,0,0,18.6,2,0,45.7,Medium
C0000776,45,2661,62585.17,756,14,1377.99,1,0,17.5,0,0,38.8,Medium
C0000777,27,3582,44153.98,738,7,3524.14,0,2,2.9,2,0,58.4,High
C0000778,48,5448,42528.02,783,9,1380.95,0,1,9.5,1,0,36.2,Medium
C0000779,43,3195,29953.23,770,13,1340.43,3,0,6.3,1,0,42.6,Medium
C0000780,24,3481,100298.55,731,7,1818.89,0,0,9.2,1,0,39.1,Medium
C0000781,41,5920,58938.62,580,6,4670.38,1,1,7.2,2,0,67.9,High
C0000782,41,2994,196771.0,736,8,3582.57,0,2,27.2,1,0,37.8,Medium
C0000783,67,1063,87588.49,699,13,3912.81,1,0,9.8,3,0,55.8,High
C0000784,55,4106,97866.02,662,7,2382.94,3,0,6.5,0,0,72.9,High
C0000785,42,4166,54270.28,792,7,3185.38,3,0,1.2,1,0,57.6,High
C0000786,45,1445,34024.05,679,7,3251.22,2,0,5.6,1,0,63.6,High
C0000787,43,4380,38346.56,650,9,1406.44,0,0,31.6,1,0,32.1,Medium
C0000788,39,410,29196.49,774,13,3224.71,2,1,11.0,1,0,47.6,Medium
C0000789,27,1940,102294.05,660,18,2194.38,1,0,13.3,1,0,62.9,High
C0000790,40,5135,50170.69,647,10,1690.84,0,0,5.3,0,0,48.1,Medium
C0000791,32,3716,104690.64,605,8,1744.41,1,0,4.9,2,0,61.0,High
C0000792,24,3655,66812.31,628,14,1536.31,2,0,8.3,0,0,66.1,High
C0000793,49,3737,52777.46,635,12,1832.82,1,1,21.9,1,0,59.3,High
C0000794,47,1014,32585.02,737,10,2188.43,1,1,4.1,0,0,44.4,Medium
C0000795,18,5769,73188.07,614,12,3389.61,2,0,10.8,2,0,53.6,High
C0000796,40,1809,54975.42,551,10,5867.89,0,2,7.5,0,1,65.5,High
C0000797,56,4725,101833.14,713,9,3183.5,1,0,10.8,1,0,53.2,High
C0000798,57,5939,41831.87,642,17,2374.08,2,1,26.3,3,0,75.8,Very High
C0000799,56,1468,87007.44,689,13,599.52,1,1,4.7,1,0,48.8,Medium
C0000800,43,3817,152872.01,786,8,10599.02,3,1,4.7,0,0,42.5,Medium
C0000801,30,282,72026.93,695,11,1388.59,3,1,7.9,1,0,73.2,High
C0000802,27,3827,95492.21,803,11,1418.08,2,1,33.1,1,0,35.1,Medium
C0000803,47,2662,84916.98,685,15,5003.67,1,0,3.6,3,0,65.5,High
C0000804,47,460,176105.76,766,8,1075.38,1,0,5.6,0,0,38.6,Medium
C0000805,60,4041,76057.73,649,8,2801.39,1,0,12.9,0,0,66.7,High
C0000806,57,5814,91114.03,698,13,1628.36,4,0,8.8,3,1,61.9,High
C0000807,40,526,60775.25,620,9,1866.77,1,1,15.9,4,0,70.0,High
C0000808,25,5359,40496.71,629,9,2272.24,3,0,24.3,0,0,51.4,High
C0000809,38,5065,31901.01,673,14,1012.67,2,0,10.6,1,0,60.9,High
C0000810,45,3300,124454.8,590,12,2030.32,1,0,16.3,0,0,49.8,Medium
C0000811,39,5411,35606.8,702,7,4285.89,0,0,11.1,4,1,40.4,Medium
C0000812,34,1877,93443.77,667,8,2095.85,0,1,1.7,1,0,56.3,High
C0000813,46,4328,77940.33,708,10,21381.58,4,1,6.0,0,0,61.1,High
C0000814,35,4197,102710.7,592,9,2334.98,1,1,12.1,1,1,67.1,High
C0000815,33,3495,46713.95,743,7,1010.73,2,0,15.6,2,0,44.0,Medium
C0000816,46,5005,40134.36,817,6,1567.45,2,0,8.1,2,0,59.2,High
C0000817,36,5261,76343.19,801,10,625.65,2,0,9.2,1,0,46.0,Medium
C0000818,45,4723,52791.3,833,9,4432.24,3,1,6.1,2,0,40.1,Medium
C0000819,46,3542,31502.56,693,16,6246.43,0,2,9.0,1,0,51.1,High
C0000820,26,5862,180066.0,664,15,3805.22,2,0,6.2,0,0,57.1,High
C0000821,35,3346,40119.4,727,17,1274.27,0,0,5.8,2,1,45.0,Medium
C0000822,62,3832,35896.38,672,10,1247.78,3,0,4.7,1,0,64.9,High
C0000823,26,1157,54269.36,559,6,3551.15,3,0,5.5,1,0,70.8,High
C0000824,18,1947,123495.73,751,12,1568.07,0,0,19.7,1,0,26.7,Medium
C0000825,18,5431,18829.6,672,9,1257.38,2,1,5.0,0,0,49.1,Medium
C0000826,42,3002,117986.52,580,7,1169.24,2,2,7.6,0,1,76.6,Very High
C0000827,42,3082,37555.65,652,15,7413.79,0,1,8.7,3,0,52.3,High
C0000828,40,4903,71709.5,674,8,1627.06,1,1,9.3,2,0,60.2,High
C0000829,59,1976,42748.35,691,6,3777.47,3,1,11.2,2,0,57.7,High
C0000830,18,1614,185432.08,692,8,3144.58,2,0,3.0,0,0,50.1,High
C0000831,48,82,66398.56,793,8,1267.22,2,0,9.8,0,0,32.4,Medium
C0000832,64,1411,42000.61,593,10,2258.75,0,1,15.7,0,0,62.3,High
C0000833,26,3087,52537.87,679,9,1147.64,3,1,18.4,1,0,56.8,High
C0000834,37,4357,65133.22,624,10,5638.52,2,0,13.2,2,0,76.0,Very High
C0000835,31,1994,68364.69,784,16,1217.06,1,1,4.3,1,0,32.7,Medium
C0000836,29,2683,78921.51,648,10,2789.56,0,2,8.3,2,0,53.2,High
C0000837,37,1353,61952.12,664,6,1595.57,1,0,4.5,2,0,60.7,High
C0000838,62,4904,29069.66,769,4,1205.96,0,1,10.2,0,0,34.3,Medium
C0000839,68,3163,51417.94,789,8,4431.38,1,1,8.6,0,0,48.7,Medium
C0000840,37,887,86556.42,800,8,1567.83,0,0,10.6,0,0,31.5,Medium
C0000841,69,3669,42892.58,567,16,669.79,2,1,3.7,3,0,73.3,High
C0000842,42,2034,89762.21,726,8,2898.69,1,1,9.9,0,0,49.2,Medium
C0000843,67,5194,63091.08,710,6,1389.0,1,1,18.3,3,0,49.0,Medium
C0000844,41,1630,55002.43,686,11,2437.31,1,1,14.2,0,0,56.7,High
C0000845,44,5192,119571.38,695,9,3837.94,5,0,8.2,1,0,48.7,Medium
C0000846,47,4196,23835.17,786,12,2773.93,0,4,14.0,0,0,35.7,Medium
C0000847,87,838,42764.48,768,9,3920.35,0,2,10.7,0,1,48.4,Medium
C0000848,54,4563,122115.85,757,11,946.16,2,1,10.5,2,0,63.5,High
C0000849,32,4331,169637.1,706,6,4794.44,0,0,20.3,1,1,39.4,Medium
C0000850,56,2752,217985.87,850,10,1813.24,0,0,10.6,2,0,40.3,Medium
C0000851,37,989,63741.12,660,11,870.35,1,1,6.7,1,0,68.8,High
C0000852,35,2883,79756.48,569,14,446.19,4,0,7.3,2,0,85.2,Very High
C0000853,55,3663,97195.04,670,7,1800.39,0,2,9.6,0,0,40.1,Medium
C0000854,42,818,125014.01,694,15,1319.73,3,1,2.0,2,0,69.6,High
C0000855,46,2066,73650.8,788,12,1333.09,1,1,5.4,2,0,39.8,Medium
C0000856,42,4219,103184.26,652,11,2734.07,1,0,2.1,0,0,55.4,High
C0000857,47,3330,79838.83,727,15,6730.39,0,0,4.6,0,0,41.2,Medium
C0000858,48,5954,82628.74,579,9,1224.32,0,1,10.5,1,0,61.0,High
C0000859,18,1323,37413.49,771,8,2335.62,3,2,13.7,1,0,64.0,High
C0000860,51,4674,51731.5,695,8,1521.05,1,0,26.4,1,0,35.0,Medium
C0000861,28,2569,46507.39,669,7,1158.28,1,1,5.9,2,0,72.5,High
C0000862,22,1361,32241.1,850,8,1136.67,2,0,18.8,1,0,36.9,Medium
C0000863,41,5708,24996.89,770,11,6397.73,0,0,15.4,1,0,32.1,Medium
C0000864,43,3750,49113.76,612,10,2219.06,0,1,8.1,1,1,53.3,High
C0000865,32,3226,53624.13,682,7,1944.3,1,1,17.7,2,1,64.0,High
C0000866,54,1790,65687.25,850,3,1409.19,2,1,13.3,2,0,29.0,Medium
C0000867,23,5292,84165.93,838,9,2298.28,1,1,1.1,2,0,49.1,Medium
C0000868,36,210,68758.59,759,20,1453.16,1,0,5.9,2,0,50.6,High
C0000869,34,717,53830.12,551,10,7713.58,0,1,8.1,2,0,78.7,Very High
C0000870,41,1103,37480.28,790,5,2591.24,1,1,6.5,0,0,40.2,Medium
C0000871,46,3928,100436.17,642,9,2408.75,0,0,4.8,1,0,67.4,High
C0000872,28,642,58623.3,789,4,2373.54,1,1,7.4,1,0,58.5,High
C0000873,52,4789,48840.02,636,14,5147.61,2,1,11.0,1,0,66.5,High
C0000874,43,1199,55957.06,727,14,2168.66,2,0,4.0,1,0,56.1,High
C0000875,18,4068,41434.96,642,10,1614.06,1,0,3.7,0,0,62.2,High
C0000876,18,4779,46305.64,663,9,2442.8,0,2,10.7,2,0,57.8,High
C0000877,42,5275,45503.18,737,16,3679.69,0,1,7.7,3,0,63.0,High
C0000878,39,1778,52936.8,591,12,4746.38,1,1,5.1,0,0,73.2,High
C0000879,41,475,88925.56,850,10,2529.99,1,0,5.8,3,0,36.1,Medium
C0000880,42,4549,77559.55,613,7,2553.72,1,3,14.2,2,1,76.1,Very High
C0000881,45,2708,145160.49,609,16,4194.35,2,1,4.0,4,1,62.8,High
C0000882,55,5694,120733.47,737,8,372.04,2,0,28.1,0,0,30.6,Medium
C0000883,26,1153,181847.12,787,16,2329.82,3,0,19.1,2,0,40.8,Medium
C0000884,26,3458,84324.42,666,8,1504.68,1,0,21.8,2,0,41.6,Medium
C0000885,27,741,83583.18,610,9,2284.59,0,1,6.1,3,0,71.6,High
C0000886,46,2927,47420.55,621,11,2772.26,1,1,10.6,1,0,66.2,High
C0000887,59,36,97655.17,613,13,4941.7,0,1,8.4,3,0,65.5,High
C0000888,36,4508,43218.56,713,11,894.51,2,0,11.0,0,0,47.3,Medium
C0000889,18,3641,27615.68,685,11,1378.42,0,0,11.4,0,0,52.6,High
C0000890,18,609,143539.79,722,12,1234.06,1,1,18.7,0,0,58.4,High
C0000891,30,3011,31189.59,717,20,1482.9,1,0,4.3,1,0,50.5,High
C0000892,34,2586,78925.38,752,12,902.87,0,1,18.8,0,0,44.2,Medium
C0000893,36,4051,38204.45,659,12,8826.81,2,0,6.2,0,0,55.8,High
C0000894,43,3007,115215.19,635,8,3874.57,1,1,4.3,2,0,59.4,High
C0000895,38,2770,124183.07,702,10,1329.04,1,0,5.0,2,0,48.2,Medium
C0000896,57,4991,82945.37,686,9,2222.27,1,0,7.5,0,0,44.1,Medium
C0000897,33,3128,123055.44,709,11,1658.43,1,1,14.3,3,0,59.7,High
C0000898,30,4890,62250.7,637,12,2434.98,0,0,9.2,1,0,60.5,High
C0000899,49,5315,211861.01,738,12,1335.67,0,0,5.1,2,0,36.8,Medium
C0000900,21,5094,93459.23,602,11,817.49,0,1,12.5,0,0,46.3,Medium
C0000901,47,5734,37781.93,657,10,1516.64,3,0,5.9,1,0,60.8,High
C0000902,43,4196,64419.61,775,9,5399.55,1,0,14.6,1,0,44.0,Medium
C0000903,40,3383,57011.8,605,9,837.96,2,0,5.8,3,0,72.2,High
C0000904,64,3197,54022.53,769,15,4488.81,1,2,5.2,3,0,61.8,High
C0000905,33,1250,24920.92,584,8,3165.86,2,2,2.2,1,0,68.0,High
C0000906,71,4972,76700.63,571,10,1696.72,1,0,7.6,0,0,52.1,High
C0000907,39,4168,28932.64,578,11,3582.27,3,1,12.2,0,0,72.4,High
C0000908,24,5243,15458.52,699,9,2519.49,1,1,11.3,1,0,44.3,Medium
C0000909,43,4217,51312.11,745,12,548.33,0,0,20.3,2,0,40.7,Medium
C0000910,27,2898,40910.75,787,5,1691.31,1,0,9.7,1,0,46.9,Medium
C0000911,31,1792,38601.42,781,9,1723.83,2,0,10.6,0,0,29.0,Medium
C0000912,48,5914,12000.0,755,11,5627.73,0,0,19.0,0,0,36.9,Medium
C0000913,50,4409,38829.13,628,11,1695.4,1,2,10.7,1,0,54.6,High
C0000914,33,5252,56352.77,627,9,1918.22,2,0,17.4,1,0,63.0,High
C0000915,56,3522,43743.79,749,4,1034.23,1,1,8.6,1,0,56.8,High
C0000916,58,3077,76720.84,797,12,2111.33,2,0,11.4,0,0,37.7,Medium
C0000917,62,234,133366.07,613,16,1015.8,2,0,8.8,2,0,63.2,High
C0000918,49,443,82363.01,787,4,4456.59,0,2,7.9,0,1,39.2,Medium
C0000919,61,4249,109033.07,546,6,1673.82,1,0,16.3,1,0,60.5,High
C0000920,18,1370,114108.99,719,6,1014.22,2,1,6.8,1,0,64.0,High
C0000921,38,519,35401.74,682,20,4879.48,2,2,21.6,2,0,63.5,High
C0000922,30,4665,78936.79,675,9,941.33,0,0,3.5,1,0,60.1,High
C0000923,44,3734,107175.85,692,7,2597.2,1,2,13.4,2,1,45.5,Medium
C0000924,34,693,48781.74,626,7,836.71,2,2,5.0,0,0,73.7,High
C0000925,40,3014,40136.64,723,11,2661.58,2,2,3.2,2,0,65.1,High
C0000926,68,2834,83001.44,695,7,4403.36,1,0,18.3,1,0,52.1,High
C0000927,40,52,27446.5,760,14,1443.57,0,0,10.6,0,0,34.1,Medium
C0000928,48,3640,34080.72,809,11,1021.83,2,0,33.8,1,0,21.4,Low
C0000929,39,2398,42966.4,700,15,1042.71,2,0,9.6,1,0,41.1,Medium
C0000930,43,5273,79433.26,629,7,2122.23,2,0,6.4,1,0,61.4,High
C0000931,42,720,69932.9,605,14,7703.36,0,1,24.2,2,0,61.7,High
C0000932,48,5087,109392.07,817,7,4404.52,1,0,3.9,2,0,39.8,Medium
C0000933,58,68,37341.52,808,11,4708.02,1,2,14.2,1,0,47.5,Medium
C0000934,65,4592,36256.7,757,11,1097.48,2,0,8.7,1,0,52.6,High
C0000935,46,4702,82705.49,694,14,4488.21,0,0,13.6,1,0,31.1,Medium
C0000936,50,2463,39959.55,751,11,4178.92,0,2,11.9,0,0,42.6,Medium
C0000937,26,1704,44487.45,788,10,2682.39,4,0,5.2,2,0,60.5,High
C0000938,41,879,22329.61,644,9,1459.29,1,1,5.5,0,0,74.6,High
C0000939,55,2059,72755.15,692,8,4138.7,0,1,10.0,3,0,60.6,High
C0000940,54,4027,144726.27,607,8,1416.02,1,2,7.5,1,1,60.5,High
C0000941,45,4357,35199.27,680,7,3372.48,3,1,11.5,2,0,72.9,High
C0000942,54,1112,108752.14,806,9,1717.72,2,1,15.4,1,0,43.3,Medium
C0000943,49,96,60007.24,771,6,1159.36,1,0,17.0,4,1,44.1,Medium
C0000944,59,3381,23480.17,700,10,1690.53,2,1,4.8,0,0,47.7,Medium
C0000945,46,3497,37903.16,488,12,7905.79,2,0,8.6,0,0,86.4,Very High
C0000946,37,5884,36637.68,641,11,1031.1,1,1,15.5,1,0,48.7,Medium
C0000947,47,4575,52093.7,698,8,4191.03,0,2,6.9,2,0,54.8,High
C0000948,18,3315,78090.41,674,7,3798.59,0,0,10.6,1,0,45.9,Medium
C0000949,47,3563,171407.19,692,10,1951.52,0,1,12.8,0,0,46.6,Medium
C0000950,18,3883,28219.25,708,9,1536.63,2,1,7.0,0,0,63.3,High
C0000951,18,2726,47489.41,650,8,977.3,2,0,2.0,0,0,56.8,High
C0000952,48,4075,37877.03,689,13,5083.79,0,0,11.9,0,0,52.7,High
C0000953,49,1196,30868.79,679,11,1015.29,1,0,21.0,1,0,49.7,Medium
C0000954,26,4987,65341.71,637,8,359.16,0,0,9.3,1,0,54.6,High
C0000955,32,5174,62050.49,828,13,2687.53,2,0,14.4,2,0,46.8,Medium
C0000956,61,2626,22863.53,654,16,914.35,0,0,5.2,1,0,53.1,High
C0000957,35,2756,62622.03,521,13,2048.55,1,1,8.7,2,0,75.7,Very High
C0000958,73,3000,31949.82,824,13,918.5,2,0,4.2,3,0,55.5,High
C0000959,42,4909,62404.64,627,7,1507.72,2,0,8.7,0,0,51.2,High
C0000960,48,1080,124631.01,757,15,2301.53,1,1,8.0,0,0,50.4,High
C0000961,65,2068,79983.61,639,15,2624.68,0,1,6.2,3,0,78.4,Very High
C0000962,44,3699,68358.7,733,14,5252.26,3,1,13.1,2,0,55.3,High
C0000963,28,4169,46354.26,686,13,2202.0,3,0,4.5,1,0,67.2,High
C0000964,40,1795,64322.64,765,11,2358.72,0,1,2.4,1,0,41.0,Medium
C0000965,42,729,84514.59,674,10,1882.46,2,0,13.4,1,0,55.9,High
C0000966,23,3060,80031.95,641,7,4010.94,0,2,4.6,0,0,54.6,High
C0000967,38,3842,58707.3,709,8,1054.73,1,1,7.0,0,0,61.4,High
C0000968,32,4606,69873.84,661,10,1655.39,3,2,5.0,1,0,74.2,High
C0000969,55,47,30054.89,545,13,2198.17,1,0,9.1,2,0,53.3,High
C0000970,42,134,41398.69,645,3,1220.73,1,0,4.5,0,0,57.0,High
C0000971,38,2337,91495.72,850,8,5450.52,3,1,16.9,2,1,46.9,Medium
C0000972,41,3396,98519.3,553,15,2706.04,2,1,13.6,3,0,77.8,Very High
C0000973,45,51,65275.29,708,10,991.81,0,0,24.7,0,0,51.1,High
C0000974,51,1065,139849.32,672,10,2868.76,1,0,23.8,0,0,41.0,Medium
C0000975,28,2530,81985.72,828,8,5155.27,0,0,5.0,0,0,36.2,Medium
C0000976,27,1697,54538.9,607,14,1378.05,2,1,5.6,3,0,53.6,High
C0000977,57,4271,31698.53,698,10,5330.86,2,2,13.1,2,0,71.8,High
C0000978,36,237,136788.74,741,7,2599.82,3,0,24.1,1,0,36.8,Medium
C0000979,22,5333,94709.0,677,12,2508.17,0,0,9.6,0,0,40.9,Medium
C0000980,48,1041,166701.65,632,11,4794.23,1,0,14.2,1,0,55.3,High
C0000981,48,2660,204159.28,688,11,2511.48,2,2,14.0,1,1,64.5,High
C0000982,21,5920,30548.55,667,7,2835.29,3,0,10.8,0,0,51.1,High
C0000983,45,3986,30592.38,667,9,2336.02,0,1,19.3,1,0,62.3,High
C0000984,52,5991,12837.55,760,9,703.63,1,1,4.1,1,0,48.4,Medium
C0000985,47,147,102743.29,720,5,2874.69,3,0,6.8,0,0,62.5,High
C0000986,51,4327,88961.16,731,6,2591.82,2,1,5.6,1,0,49.2,Medium
C0000987,22,481,65425.55,715,9,1718.47,2,0,15.2,3,1,75.9,Very High
C0000988,47,3682,31587.49,762,6,419.48,0,2,3.3,0,0,48.3,Medium
C0000989,38,1975,59037.09,788,15,3296.32,3,0,4.9,0,0,47.6,Medium
C0000990,35,4668,68629.5,668,10,1257.63,1,1,3.1,0,0,60.4,High
C0000991,54,772,95357.55,751,7,1057.67,0,0,7.1,5,1,49.1,Medium
C0000992,63,5382,72044.01,593,9,994.26,1,0,6.5,1,0,68.3,High
C0000993,67,2900,89319.97,521,11,615.75,3,0,13.7,2,0,77.0,Very High
C0000994,60,3130,57908.4,827,9,2970.02,1,0,17.4,3,0,35.9,Medium
C0000995,40,3439,118741.57,665,9,10174.36,2,0,7.4,1,0,57.1,High
C0000996,47,240,87758.25,709,7,1509.12,2,0,1.7,1,0,50.4,High
C0000997,53,1883,32275.91,598,11,3751.34,2,1,10.4,0,0,63.6,High
C0000998,44,4265,133113.96,595,7,2070.13,1,0,5.0,1,0,45.0,Medium
C0000999,44,5766,121656.16,637,11,2631.86,4,1,3.9,1,0,62.8,High
C0001000,54,5908,80089.56,738,11,2106.78,1,0,19.0,0,0,41.2,Medium
C0001001,41,3228,72350.99,651,10,3658.16,0,0,8.5,0,0,49.4,Medium
C0001002,32,1570,154372.85,665,13,1003.16,1,1,4.8,0,0,66.9,High
C0001003,36,2881,25249.65,634,13,2347.08,0,1,7.7,2,0,66.0,High
C0001004,51,2796,122708.04,777,14,4600.15,0,0,7.5,0,0,40.3,Medium
C0001005,42,2401,47713.8,755,12,3470.21,3,2,20.1,0,0,48.9,Medium
C0001006,47,2186,113236.89,654,12,2719.86,1,1,4.5,1,0,64.7,High
C0001007,51,5213,66243.75,741,13,2343.96,1,1,4.6,2,0,50.2,High
C0001008,37,2361,31297.09,672,11,1740.01,2,1,16.3,1,0,56.9,High
C0001009,53,204,47183.7,665,9,1749.24,1,1,26.9,0,0,34.8,Medium
C0001010,47,4336,108753.67,686,8,801.56,1,0,6.6,1,0,53.4,High
C0001011,25,4000,55230.76,738,12,3051.17,0,0,2.3,0,0,42.5,Medium
C0001012,62,2289,44049.65,623,9,5341.98,2,0,7.4,1,0,64.4,High
C0001013,35,3791,43887.95,728,7,2663.35,1,3,18.7,1,0,55.6,High
C0001014,19,5648,88267.37,850,19,2223.9,0,0,6.8,2,0,22.2,Low
C0001015,27,5548,162387.21,704,7,3247.41,1,2,10.2,1,0,63.2,High
C0001016,28,4744,19099.24,693,14,555.14,0,2,10.5,1,0,55.6,High
C0001017,43,3512,289313.49,684,11,1582.16,1,1,6.0,0,0,63.8,High
C0001018,38,195,69351.99,726,13,2096.89,1,0,5.6,0,0,31.3,Medium
C0001019,37,3087,85307.1,569,9,725.47,2,0,12.0,1,0,64.1,High
C0001020,51,4916,48773.66,818,15,2441.9,1,4,5.2,0,0,62.4,High
C0001021,47,5074,61880.25,764,16,660.65,2,1,2.0,1,0,44.0,Medium
C0001022,46,4643,68924.83,642,9,3447.63,0,0,33.5,2,0,53.7,High
C0001023,48,5919,34817.9,692,8,2547.88,1,0,6.2,0,0,59.1,High
C0001024,51,3113,39805.68,648,8,1943.32,1,2,4.4,1,0,68.8,High
C0001025,18,684,118943.26,712,12,3608.85,0,1,13.4,1,0,42.3,Medium
C0001026,37,2995,26399.46,695,10,2420.63,1,0,20.3,1,0,40.3,Medium
C0001027,18,1932,79020.39,707,9,2996.55,0,0,7.3,0,0,45.6,Medium
C0001028,43,5018,50569.57,613,10,2645.25,2,0,15.7,3,1,69.8,High
C0001029,42,4669,36552.35,654,12,1257.91,2,0,6.0,1,0,73.8,High
C0001030,57,2565,183405.01,776,17,6097.19,3,0,2.0,2,0,58.3,High
C0001031,59,2347,36677.3,650,11,4944.07,1,2,11.0,1,0,56.9,High
C0001032,45,981,33300.7,492,5,2906.99,1,1,9.3,1,0,84.1,Very High
C0001033,35,287,55941.1,679,8,2425.88,1,0,3.1,1,0,67.2,High
C0001034,49,1898,40626.77,850,8,3582.9,2,1,3.4,4,0,53.9,High
C0001035,35,1468,62217.96,754,7,4990.61,1,0,6.7,1,0,50.3,High
C0001036,42,1613,67532.16,646,12,7584.4,0,1,15.1,1,0,60.7,High
C0001037,56,5990,70541.16,686,6,1547.25,1,0,6.3,0,0,30.6,Medium
C0001038,34,4095,57916.04,741,17,4341.58,0,1,10.9,0,0,45.5,Medium
C0001039,53,3321,42137.81,558,10,2078.77,1,0,17.3,1,0,60.1,High
C0001040,51,1097,88323.49,626,12,772.98,2,0,15.6,0,0,49.9,Medium
C0001041,29,5051,58305.9,720,11,3793.16,1,0,14.4,1,0,49.7,Medium
C0001042,56,3879,47207.13,810,10,5710.07,1,0,30.8,0,0,32.4,Medium
C0001043,52,3103,139928.41,657,7,4140.95,2,1,10.2,1,0,64.9,High
C0001044,43,2811,57998.25,808,6,1971.01,0,0,30.9,0,0,29.7,Medium
C0001045,31,3328,113038.34,633,10,2830.21,0,0,5.3,1,0,58.9,High
C0001046,30,5042,121740.96,436,10,3465.0,1,1,2.9,1,0,85.7,Very High
C0001047,34,4329,125883.19,746,10,3192.74,2,1,5.6,1,1,53.5,High
C0001048,50,2925,90674.05,731,11,4893.99,1,1,14.5,2,0,43.9,Medium
C0001049,29,4015,61978.4,745,14,4060.87,3,0,18.5,0,0,66.0,High
C0001050,48,5580,59854.19,742,10,1510.16,0,2,3.3,2,0,62.1,High
C0001051,25,1977,54210.16,704,9,2238.19,1,0,10.7,2,0,58.1,High
C0001052,39,5405,18827.94,671,9,1584.64,1,0,7.4,2,0,59.4,High
C0001053,44,3652,92063.46,673,15,2443.07,1,0,1.7,3,0,66.6,High
C0001054,76,1136,70922.69,655,10,652.92,0,0,6.1,0,0,50.9,High
C0001055,23,5802,97628.82,660,8,7704.63,0,0,9.8,2,0,57.8,High
C0001056,63,4126,58135.91,554,8,1325.33,1,0,4.3,3,0,56.2,High
C0001057,44,2334,89370.28,599,8,1576.03,1,0,12.8,1,0,67.9,High
C0001058,48,1311,29064.15,678,10,2321.57,1,2,10.6,0,0,58.6,High
C0001059,44,5497,32591.07,522,10,898.49,2,0,9.9,1,0,68.1,High
C0001060,48,4945,15882.5,539,11,1769.08,2,0,4.2,0,0,72.1,High
C0001061,40,295,57583.86,665,12,2454.81,1,0,8.7,1,0,57.3,High
C0001062,62,3825,40538.22,680,3,6424.27,0,2,3.9,4,1,71.1,High
C0001063,36,714,37723.16,666,9,2412.86,0,2,5.0,1,0,65.4,High
C0001064,58,1785,74529.36,512,11,1690.1,2,0,11.3,5,1,91.2,Very High
C0001065,33,3421,49063.01,806,9,1058.44,4,2,29.5,1,0,46.9,Medium
C0001066,41,1517,28189.07,582,10,8831.78,1,1,2.8,2,0,72.2,High
C0001067,27,3089,251327.31,629,11,2312.45,0,1,8.5,0,0,56.4,High
C0001068,48,2594,60750.7,595,10,2321.07,2,1,8.2,0,0,54.9,High
C0001069,62,3501,34171.59,787,10,902.12,1,0,9.9,0,0,44.0,Medium
C0001070,41,4810,42893.7,722,14,3094.22,2,1,11.8,1,0,54.7,High
C0001071,39,956,56368.23,655,13,1501.12,1,1,7.2,1,0,65.5,High
C0001072,26,4783,56303.07,649,14,5726.16,1,1,15.6,0,0,61.8,High
C0001073,39,1357,126890.53,703,10,2975.19,1,0,8.6,2,0,49.4,Medium
C0001074,20,229,59349.75,597,9,2386.22,1,0,6.5,2,0,77.5,Very High
C0001075,29,2695,172000.76,719,5,931.12,1,0,15.7,1,0,38.2,Medium
C0001076,45,1834,48876.75,649,6,2063.97,0,1,7.5,1,0,46.0,Medium
C0001077,60,1131,78388.26,729,9,1914.54,1,1,14.5,0,0,42.2,Medium
C0001078,81,2554,108768.69,726,12,2383.06,2,1,16.1,2,0,51.6,High
C0001079,34,5217,119637.72,645,13,611.36,2,0,8.4,2,0,58.8,High
C0001080,62,3525,127569.86,536,9,1218.04,1,2,2.2,0,0,80.4,Very High
C0001081,45,4375,53384.9,671,11,1593.82,5,0,10.9,0,0,61.6,High
C0001082,40,922,61813.1,581,13,3045.27,3,0,18.8,0,1,67.6,High
C0001083,48,482,15854.48,696,12,627.32,2,0,10.4,1,0,43.4,Medium
C0001084,43,2031,55663.74,671,13,5400.95,6,0,13.6,0,1,70.2,High
C0001085,44,4653,112992.81,646,10,4931.96,1,0,6.2,2,1,53.8,High
C0001086,36,5317,101534.07,593,9,1152.69,1,1,9.7,0,0,64.8,High
C0001087,22,637,59119.83,779,10,10949.87,7,0,9.3,2,1,62.8,High
C0001088,20,2874,157852.5,656,7,2568.65,4,2,9.9,2,0,72.3,High
C0001089,51,2397,50195.81,850,11,2049.58,0,2,15.4,1,0,38.5,Medium
C0001090,38,4472,41815.1,693,7,3236.9,2,1,1.9,0,0,63.5,High
C0001091,34,1256,47925.39,716,10,2887.0,1,0,4.5,0,0,61.8,High
C0001092,42,2924,33440.86,693,8,2374.15,2,0,17.8,2,0,57.0,High
C0001093,53,5103,87308.83,716,9,1087.1,0,1,10.7,2,0,56.0,High
C0001094,45,2805,72660.61,772,7,1655.81,2,0,16.3,0,0,47.4,Medium
C0001095,33,4694,86714.67,773,4,2775.14,1,0,7.6,0,0,34.0,Medium
C0001096,59,3742,49364.44,558,11,3783.44,3,2,11.1,0,0,78.4,Very High
C0001097,64,3596,60051.0,754,11,5607.89,2,1,10.9,1,0,47.7,Medium
C0001098,49,1578,18708.99,727,9,1634.4,2,1,16.0,1,0,68.4,High
C0001099,56,5955,76253.13,693,7,2316.28,1,0,4.8,1,0,57.0,High
C0001100,59,1521,65463.79,818,11,1432.26,0,2,15.6,2,0,34.1,Medium
C0001101,58,5588,33846.79,821,11,4479.25,2,1,4.6,0,0,40.9,Medium
C0001102,51,5936,58531.95,758,14,1796.94,2,0,23.6,3,0,40.7,Medium
C0001103,50,3082,53802.36,649,12,1501.26,3,0,5.5,1,0,65.8,High
C0001104,49,5217,163613.34,601,12,2290.41,2,1,15.7,3,0,68.8,High
C0001105,27,4299,34588.27,747,7,741.55,4,1,10.8,0,0,57.7,High
C0001106,52,4434,74397.24,792,6,3127.2,3,0,21.3,3,0,44.2,Medium
C0001107,23,439,34028.96,538,10,1798.73,3,3,9.0,0,0,81.5,Very High
C0001108,31,848,45618.07,771,13,13294.86,0,1,8.5,0,0,48.9,Medium
C0001109,60,445,72196.01,671,13,1472.01,2,1,8.1,2,1,67.0,High
C0001110,54,210,55195.68,554,4,1849.08,0,0,8.3,0,0,53.6,High
C0001111,63,5020,61796.05,725,10,4261.68,2,0,10.7,4,0,57.4,High
C0001112,38,1077,74450.28,758,12,3657.42,1,0,18.6,2,0,33.5,Medium
C0001113,26,67,47257.2,664,7,4313.73,2,1,12.8,3,0,67.7,High
C0001114,39,5628,100827.89,611,9,1834.24,3,1,10.4,3,0,73.0,High
C0001115,43,1694,52411.21,818,8,1043.86,2,0,9.2,1,0,37.9,Medium
C0001116,43,4903,58761.03,640,11,12463.06,1,2,18.9,2,0,51.9,High
C0001117,58,5764,75630.19,777,10,3077.35,0,1,13.6,1,0,40.1,Medium
C0001118,37,3152,70244.67,577,9,2547.63,3,2,12.9,2,0,82.4,Very High
C0001119,47,5562,88363.57,721,12,3714.5,2,0,16.0,0,0,44.6,Medium
C0001120,28,5813,73807.83,719,10,943.05,3,0,12.0,3,0,64.6,High
C0001121,48,891,80246.35,756,6,1635.21,4,1,6.6,2,0,53.2,High
C0001122,42,905,51840.9,802,10,1116.84,1,0,9.5,1,0,36.9,Medium
C0001123,32,2238,34443.15,629,11,2452.11,1,2,29.5,0,0,55.5,High
C0001124,39,3368,28273.73,729,11,898.23,1,0,7.0,2,0,55.4,High
C0001125,39,4722,24735.61,588,11,3408.96,4,0,5.9,2,0,85.7,Very High
C0001126,38,1123,163470.75,587,17,4748.16,1,1,5.0,1,0,74.4,High
C0001127,67,1184,18358.8,647,14,4635.93,1,1,6.1,0,0,65.4,High
C0001128,41,1859,119543.74,721,8,2929.2,0,1,18.6,1,0,54.0,High
C0001129,39,1650,39474.56,816,7,2492.79,3,0,6.5,1,0,34.4,Medium
C0001130,18,5642,119065.88,829,12,1676.6,1,1,24.6,0,0,18.8,Low
C0001131,29,2394,18462.42,663,15,2944.71,0,0,10.7,2,0,47.9,Medium
C0001132,38,5213,54479.95,713,15,2048.44,0,0,16.8,3,0,50.7,High
C0001133,32,363,137944.0,761,17,652.59,4,0,3.3,2,0,64.7,High
C0001134,61,637,91780.48,747,12,1473.4,1,1,4.3,2,0,55.8,High
C0001135,40,4827,51502.91,677,12,3682.0,2,2,19.8,1,0,59.5,High
C0001136,60,1519,21295.52,696,17,1058.37,1,0,5.9,0,0,52.6,High
C0001137,43,523,29957.08,682,11,1044.94,1,2,5.2,2,0,60.6,High
C0001138,43,3579,133108.59,674,10,1932.19,0,1,21.3,1,0,57.8,High
C0001139,41,909,51192.94,664,10,537.23,1,1,17.1,0,0,58.6,High
C0001140,42,396,59598.54,681,8,3534.94,1,1,12.0,0,0,64.6,High
C0001141,66,2454,72463.19,660,8,3337.51,1,0,8.2,1,0,66.9,High
C0001142,18,3314,30282.59,605,14,4071.94,2,0,22.4,0,0,59.0,High
C0001143,18,3178,77567.15,755,6,2540.25,2,2,11.8,2,0,66.1,High
C0001144,34,3519,49222.26,729,6,1263.75,5,1,12.8,1,0,62.7,High
C0001145,42,171,72869.55,831,11,988.98,4,1,7.3,1,1,54.5,High
C0001146,52,1767,45114.62,718,6,3147.41,0,0,11.1,4,0,57.0,High
C0001147,49,2080,26099.61,659,17,3502.55,0,0,7.8,0,0,62.1,High
C0001148,37,1779,49012.7,643,9,1064.56,2,0,12.2,0,0,61.9,High
C0001149,56,3367,88196.04,694,13,975.82,2,3,25.9,1,0,60.8,High
C0001150,56,1397,77004.78,731,7,2172.95,0,0,7.6,1,0,44.4,Medium
C0001151,45,3802,63063.77,672,9,2404.27,0,0,7.4,3,1,64.7,High
C0001152,55,5615,101606.44,580,10,4039.51,1,1,9.9,1,0,65.5,High
C0001153,46,3974,55432.04,635,12,3383.82,1,1,7.8,1,0,63.4,High
C0001154,34,2351,63949.03,691,7,2088.48,0,1,7.7,2,0,52.0,High
C0001155,52,2625,47620.46,746,20,4312.59,0,0,6.4,1,0,45.1,Medium
C0001156,44,3524,104927.99,579,10,1752.87,2,1,12.5,1,0,64.5,High
C0001157,42,4352,72782.47,710,12,1800.2,2,0,6.8,2,0,59.5,High
C0001158,63,1830,45641.05,707,14,3818.39,3,2,18.0,0,0,54.9,High
C0001159,18,259,27335.0,656,7,4099.53,1,0,4.3,1,0,56.4,High
C0001160,22,4224,113847.87,646,20,4169.85,1,0,7.1,4,1,63.8,High
C0001161,25,3979,41177.77,635,11,1957.73,3,0,6.1,0,1,62.4,High
C0001162,37,635,64506.74,701,9,2304.83,1,0,6.6,0,0,47.1,Medium
C0001163,38,3770,226119.63,775,6,1252.73,0,4,11.9,2,0,54.9,High
C0001164,21,457,96347.81,780,9,3948.84,1,0,7.7,1,0,43.4,Medium
C0001165,28,3869,150395.22,606,15,1497.97,2,0,9.7,0,0,54.9,High
C0001166,30,4473,46116.27,676,11,600.91,2,2,5.0,1,0,60.1,High
C0001167,76,122,111739.63,525,9,1651.64,5,1,9.9,1,0,91.8,Very High
C0001168,67,4368,62916.11,698,10,1261.37,2,0,11.9,2,0,57.3,High
C0001169,36,749,75826.19,735,11,378.67,0,0,12.4,0,1,39.4,Medium
C0001170,37,1612,188405.65,808,13,1515.42,1,0,14.5,0,0,39.8,Medium
C0001171,26,4237,53190.47,556,13,3658.5,2,0,15.3,0,0,66.2,High
C0001172,18,2149,62660.07,608,7,2878.75,0,0,6.1,1,0,61.5,High
C0001173,40,5862,37726.63,701,14,2875.24,1,0,7.5,0,1,48.2,Medium
C0001174,28,5744,101067.85,569,11,5557.52,1,0,15.2,1,1,62.5,High
C0001175,41,5921,45549.04,703,7,1510.14,0,0,2.8,5,1,56.5,High
C0001176,20,652,108812.38,737,16,1044.93,0,0,11.5,3,0,46.8,Medium
C0001177,31,1082,25020.17,594,4,3032.94,1,0,24.4,0,0,54.6,High
C0001178,44,1123,83837.91,700,9,2774.73,2,1,4.8,4,0,64.0,High
C0001179,47,3524,43514.89,599,12,966.0,4,0,10.3,1,0,64.6,High
C0001180,48,2597,92658.35,793,2,1962.04,2,0,2.3,0,0,44.6,Medium
C0001181,24,4482,61539.35,705,12,3122.02,0,0,18.2,0,0,45.5,Medium
C0001182,54,1714,46186.98,642,9,2630.24,1,0,6.6,1,0,60.4,High
C0001183,31,1222,50125.34,597,5,3540.18,2,0,16.9,1,0,63.7,High
C0001184,51,3904,38838.84,719,6,1421.26,1,0,10.1,1,0,52.1,High
C0001185,42,3715,98289.54,792,6,875.01,2,0,15.2,0,0,30.5,Medium
C0001186,23,4152,34826.68,632,6,1215.07,0,1,3.2,0,0,61.9,High
C0001187,38,1893,53529.94,657,8,3858.54,1,0,11.5,2,0,56.2,High
C0001188,47,3172,74964.61,634,8,4313.01,1,1,6.0,1,0,56.3,High
C0001189,51,5572,150589.32,807,7,1973.01,2,0,17.3,1,0,33.4,Medium
C0001190,40,3678,61683.73,547,6,5880.54,2,1,9.5,2,1,66.2,High
C0001191,63,5596,54258.17,786,10,1979.99,1,1,13.8,1,0,57.9,High
C0001192,56,2617,72069.69,662,11,1576.75,2,0,2.5,1,0,70.7,High
C0001193,38,297,19820.74,685,15,879.29,0,0,1.8,2,0,54.2,High
C0001194,53,4569,32068.66,664,7,2094.37,1,2,14.5,1,0,66.2,High
C0001195,69,2778,50434.87,708,12,4383.22,1,1,13.9,0,0,48.9,Medium
C0001196,69,281,41888.08,635,3,5017.8,2,0,4.9,2,0,57.1,High
C0001197,25,858,25704.76,769,12,4408.29,4,1,9.0,1,0,55.1,High
C0001198,29,1897,99376.2,772,13,3043.87,2,2,13.7,1,0,47.3,Medium
C0001199,63,1170,71521.68,616,14,6211.07,1,0,16.3,1,0,53.5,High
C0001200,27,4116,66972.38,740,8,1172.11,2,0,11.2,1,0,45.8,Medium
C0001201,23,3678,42327.6,663,14,4752.72,4,1,11.9,1,0,66.3,High
C0001202,35,1997,64767.28,694,12,2641.28,1,0,20.8,0,0,49.2,Medium
C0001203,48,535,82276.18,804,13,2522.69,2,1,4.3,1,0,40.2,Medium
C0001204,41,498,53594.24,639,14,872.38,1,1,6.4,0,0,39.6,Medium
C0001205,33,5675,79174.09,759,11,2746.51,2,2,14.3,3,0,64.1,High
C0001206,33,2089,40016.87,724,14,4657.93,1,0,4.5,0,0,43.5,Medium
C0001207,32,670,65414.98,675,11,551.45,1,0,13.0,0,0,49.5,Medium
C0001208,30,4277,116222.73,718,6,3689.77,0,0,13.5,0,0,28.9,Medium
C0001209,74,5223,122088.38,709,15,498.16,2,2,3.2,0,0,57.1,High
C0001210,46,758,128677.37,603,21,875.6,0,1,4.2,2,0,73.2,High
C0001211,54,5671,72544.27,644,11,2069.2,2,1,12.4,1,1,61.8,High
C0001212,35,4356,63087.46,612,7,6154.72,1,0,5.7,1,0,56.0,High
C0001213,39,1534,48438.77,669,7,2024.25,2,3,11.3,1,1,71.6,High
C0001214,32,4659,22943.11,791,21,2986.0,1,1,23.0,1,0,50.4,High
C0001215,18,2537,29590.09,734,8,1217.81,1,1,11.2,0,0,42.9,Medium
C0001216,23,3822,56526.19,583,5,1939.02,1,0,7.9,2,0,70.8,High
C0001217,18,787,58415.18,669,16,2122.91,2,1,10.4,1,0,49.9,Medium
C0001218,18,1488,134808.74,708,6,6343.61,0,0,7.8,1,0,59.9,High
C0001219,25,4647,127775.38,746,18,1353.53,0,0,8.4,3,0,46.3,Medium
C0001220,61,4837,42502.67,641,7,1433.32,2,1,10.8,0,0,58.9,High
C0001221,41,95,97243.05,597,4,4429.98,0,1,38.2,3,0,52.8,High
C0001222,60,1310,47691.18,686,10,1873.91,3,2,17.5,1,0,63.6,High
C0001223,48,3656,90249.08,733,14,2367.94,1,0,12.5,2,0,51.3,High
C0001224,53,5437,96587.0,708,14,2919.26,0,0,12.7,0,0,41.7,Medium
C0001225,29,4055,122766.65,624,14,1454.6,1,1,6.6,3,1,78.5,Very High
C0001226,49,4248,47284.41,822,8,579.52,2,0,3.4,0,1,49.6,Medium
C0001227,52,2350,108310.43,683,9,4425.17,3,0,11.1,1,0,55.1,High
C0001228,34,356,22133.38,705,9,2372.52,2,0,7.1,2,0,50.3,High
C0001229,50,4602,126476.06,640,9,959.27,3,0,14.0,1,0,62.4,High
C0001230,50,4801,61152.77,773,9,3648.15,1,2,13.1,2,0,53.9,High
C0001231,34,2676,61873.01,733,10,8121.05,4,0,2.4,1,0,57.0,High
C0001232,26,3053,20217.41,714,12,4776.23,3,0,6.4,1,0,56.0,High
C0001233,25,1433,50067.3,604,9,8508.53,0,4,17.4,2,0,75.5,Very High
C0001234,43,2732,130666.47,772,8,990.45,2,1,8.2,1,0,58.7,High
C0001235,47,1474,49030.78,747,6,2587.41,0,1,4.2,1,0,42.2,Medium
C0001236,31,2540,91793.26,766,13,2770.71,0,1,11.6,0,0,26.9,Medium
C0001237,42,830,63189.6,693,13,2039.21,2,1,20.5,0,0,49.7,Medium
C0001238,50,3651,111230.25,684,9,1777.88,2,1,29.8,1,1,39.4,Medium
C0001239,51,1507,68886.48,676,10,321.35,1,0,14.0,0,0,41.8,Medium
C0001240,64,4355,37137.9,850,12,6609.96,1,1,7.6,1,0,21.4,Low
C0001241,60,3120,63955.16,649,15,769.17,0,3,5.5,1,0,75.1,Very High
C0001242,28,5378,149575.86,601,11,3958.51,2,0,5.6,3,0,55.5,High
C0001243,66,1350,81519.25,662,10,2215.74,0,0,11.8,2,0,66.3,High
C0001244,35,1659,58153.67,650,14,2156.83,0,0,6.7,3,0,43.7,Medium
C0001245,57,1480,214389.29,784,9,1924.94,1,1,2.5,0,0,52.6,High
C0001246,43,3795,117296.28,588,6,2503.82,1,0,23.0,0,0,51.5,High
C0001247,36,667,97157.95,648,12,3336.64,2,1,4.3,1,0,70.6,High
C0001248,18,4127,73823.18,704,11,4083.93,1,2,8.7,0,1,61.3,High
C0001249,40,4919,92645.93,785,8,2027.13,1,0,5.9,3,0,39.1,Medium
C0001250,20,4058,94314.7,743,5,1004.9,0,0,13.7,0,0,50.5,High
C0001251,56,833,18663.8,811,11,982.73,4,0,5.9,0,0,38.8,Medium
C0001252,63,2973,77041.89,716,14,4322.19,1,2,4.8,0,0,53.7,High
C0001253,31,3214,56752.02,675,7,1844.31,3,0,5.8,0,0,71.8,High
C0001254,46,2364,47099.27,754,10,1130.15,2,1,14.1,0,0,51.1,High
C0001255,32,2813,55681.27,587,14,1358.42,1,0,10.0,1,0,59.6,High
C0001256,33,4581,26348.66,562,9,2069.74,4,3,17.2,1,0,83.6,Very High
C0001257,53,5012,22979.42,763,10,955.3,0,1,3.8,2,0,49.8,Medium
C0001258,41,1821,123064.76,706,9,2155.92,1,1,11.0,0,0,58.4,High
C0001259,66,1999,79943.58,762,6,4967.65,1,0,18.9,1,0,44.6,Medium
C0001260,35,1272,16444.28,626,14,2036.65,0,0,9.6,0,0,49.2,Medium
C0001261,56,2428,45155.99,786,6,697.35,0,1,19.2,1,0,42.7,Medium
C0001262,43,3288,100628.73,740,13,3867.14,2,0,4.6,0,0,34.7,Medium
C0001263,53,4289,53150.45,688,7,4527.1,1,1,19.6,1,0,55.5,High
C0001264,36,1627,122963.44,706,7,4684.95,2,1,8.2,1,0,54.0,High
C0001265,41,1321,110442.81,716,6,2286.0,1,0,12.4,0,0,43.4,Medium
C0001266,40,228,29398.49,626,7,10013.34,3,2,10.2,2,0,77.7,Very High
C0001267,30,590,57300.32,661,6,3549.62,1,0,3.4,1,0,61.9,High
C0001268,51,337,48457.41,715,6,15360.91,0,1,3.2,1,0,43.1,Medium
C0001269,51,1268,28877.23,658,10,5296.21,1,0,1.6,0,0,55.7,High
C0001270,50,4179,27862.55,580,16,4794.6,0,1,4.0,0,0,52.7,High
C0001271,64,4652,39798.23,712,8,1467.75,1,1,8.3,1,0,55.8,High
C0001272,62,5839,43581.18,753,10,1187.98,2,0,17.9,1,0,35.1,Medium
C0001273,37,3284,72451.02,770,6,2371.54,1,0,7.3,0,0,34.3,Medium
C0001274,47,2744,110106.91,730,9,1941.22,0,1,4.7,2,0,57.0,High
C0001275,33,5399,82239.78,751,12,1551.2,1,0,19.4,1,0,39.9,Medium
C0001276,42,907,93675.73,764,13,2021.54,1,2,25.6,1,0,46.6,Medium
C0001277,34,3792,53543.51,696,8,1934.27,0,1,10.3,0,0,43.1,Medium
C0001278,65,4913,86382.45,531,7,1451.17,3,1,15.2,0,0,78.7,Very High
C0001279,47,3030,57141.36,777,4,3372.42,3,0,1.4,2,0,44.6,Medium
C0001280,39,1590,48634.08,623,9,1349.68,3,1,9.8,0,0,65.0,High
C0001281,59,3736,176009.84,605,11,2139.16,1,0,5.6,1,0,58.8,High
C0001282,18,5973,17207.97,607,7,999.1,2,0,7.0,0,0,63.3,High
C0001283,18,1438,22127.41,850,11,2347.88,5,1,6.8,1,0,53.8,High
C0001284,53,3392,76525.14,723,9,2507.57,0,0,11.8,2,0,45.4,Medium
C0001285,43,333,53591.69,612,7,1177.74,2,0,11.9,1,0,53.6,High
C0001286,46,1418,28128.77,639,4,2303.12,0,0,11.4,3,0,43.8,Medium
C0001287,23,4609,34712.45,690,7,2064.47,1,0,9.9,5,0,58.2,High
C0001288,42,2991,37289.48,731,13,1630.62,2,1,18.9,0,0,48.6,Medium
C0001289,70,1219,101283.09,711,16,1640.66,2,0,3.0,0,0,46.3,Medium
C0001290,54,2032,120778.72,620,12,2943.28,1,0,19.3,3,0,43.9,Medium
C0001291,44,752,152763.93,714,6,2240.9,1,1,9.2,2,1,65.4,High
C0001292,36,4683,25872.44,644,12,4099.75,5,0,6.4,1,0,72.8,High
C0001293,36,5658,29230.61,769,8,1121.67,2,2,8.2,1,0,59.8,High
C0001294,18,661,28149.79,694,12,1947.49,0,1,2.0,0,0,51.2,High
C0001295,46,1450,125965.21,633,7,1475.64,3,1,14.7,3,0,56.5,High
C0001296,54,5146,77992.12,742,12,2288.19,1,0,28.7,0,0,28.2,Medium
C0001297,20,5275,64796.01,719,7,2620.65,3,0,10.7,0,0,55.2,High
C0001298,33,4611,70346.3,654,10,1020.42,1,0,7.2,0,0,61.3,High
C0001299,26,4298,60093.78,745,11,3234.64,1,0,2.9,0,0,43.6,Medium
C0001300,28,5172,33465.21,737,13,8973.46,1,0,13.1,1,0,50.4,High
C0001301,43,2259,82218.42,780,12,2458.03,0,1,8.1,0,0,23.5,Low
C0001302,18,5373,55966.77,743,7,1251.54,1,1,21.0,0,0,32.4,Medium
C0001303,51,5323,32039.12,674,12,1819.69,2,0,22.9,1,0,52.5,High
C0001304,53,1401,85028.92,563,10,1782.02,1,0,2.6,1,0,68.5,High
C0001305,38,465,49055.44,704,12,1425.79,0,0,8.3,0,0,40.3,Medium
C0001306,18,3140,70263.35,716,13,3519.18,1,2,6.0,2,0,69.3,High
C0001307,28,4557,57881.39,694,9,672.61,3,0,13.6,3,1,49.5,Medium
C0001308,59,5104,101229.75,464,8,2626.27,1,1,7.7,1,0,78.4,Very High
C0001309,18,880,69981.02,741,14,5089.95,2,0,7.7,0,0,46.6,Medium
C0001310,37,2283,38133.73,622,7,4881.04,1,0,7.2,3,0,59.2,High
C0001311,25,4614,74012.66,741,9,4281.86,2,4,9.8,1,1,69.4,High
C0001312,53,390,75355.22,818,11,1432.45,3,0,12.5,1,0,42.5,Medium
C0001313,33,4345,82135.27,671,11,5673.81,2,3,6.1,4,0,56.9,High
C0001314,48,1771,109603.05,723,6,2792.02,2,1,27.8,1,0,48.6,Medium
C0001315,50,164,44183.17,692,8,5548.79,0,0,17.8,1,0,48.7,Medium
C0001316,68,1474,89523.31,729,7,4443.63,0,0,10.0,1,0,33.1,Medium
C0001317,39,4458,24010.35,698,8,2698.82,0,3,2.5,1,0,66.5,High
C0001318,47,5224,58040.6,651,10,1876.46,0,1,5.8,3,0,59.9,High
C0001319,21,515,53307.2,622,8,10227.98,1,0,11.6,0,0,45.0,Medium
C0001320,59,2799,137475.99,809,9,691.8,3,0,5.4,1,0,48.9,Medium
C0001321,31,1231,56891.72,723,9,1965.42,2,1,17.0,1,0,43.2,Medium
C0001322,34,4110,86619.78,752,9,882.45,4,1,8.2,0,1,59.1,High
C0001323,42,4690,23527.18,720,5,2373.82,1,0,11.4,1,0,52.8,High
C0001324,20,5773,51094.02,763,8,2774.09,0,2,6.7,2,0,69.7,High
C0001325,45,2148,38924.99,623,11,1448.54,0,0,13.0,0,0,54.1,High
C0001326,56,1816,241934.13,696,7,1521.11,1,1,16.5,3,0,49.1,Medium
C0001327,46,1879,42965.44,728,11,932.45,1,0,15.6,2,0,32.5,Medium
C0001328,20,4574,64549.86,787,14,2951.17,1,1,17.9,1,0,46.3,Medium
C0001329,40,2687,66470.02,850,7,1624.73,4,2,9.8,0,0,47.2,Medium
C0001330,52,165,25865.79,721,9,2895.12,0,1,17.4,0,0,23.1,Low
C0001331,18,5687,46423.92,640,11,1565.19,0,1,15.6,2,0,51.8,High
C0001332,27,651,77459.56,600,12,2583.43,0,0,2.5,1,0,50.1,High
C0001333,54,5571,64993.13,622,9,3557.94,0,0,11.5,0,0,66.0,High
C0001334,46,996,17494.88,632,6,3002.61,1,0,7.0,2,0,52.0,High
C0001335,48,3242,45389.88,472,8,2522.82,2,1,18.0,2,0,77.0,Very High
C0001336,68,1895,108699.4,639,14,2056.99,0,3,18.5,1,0,60.8,High
C0001337,49,4130,85683.22,744,8,3000.04,1,0,16.7,1,0,44.3,Medium
C0001338,51,2435,121152.82,696,14,1486.91,1,0,13.0,0,0,54.9,High
C0001339,80,2223,36054.38,671,6,1937.38,3,1,6.1,0,0,65.6,High
C0001340,39,2877,125417.18,568,12,2755.89,1,0,7.1,0,0,58.0,High
C0001341,31,5825,60504.1,769,12,5975.33,1,1,7.0,0,0,41.1,Medium
C0001342,48,1494,148837.75,728,12,1477.97,1,0,5.3,2,0,45.2,Medium
C0001343,48,1341,62112.78,689,12,1237.47,1,0,9.6,2,0,68.2,High
C0001344,35,425,20106.09,525,7,2648.1,1,1,10.1,2,0,72.9,High
C0001345,28,4439,98911.39,653,15,4821.52,2,0,32.2,1,0,52.0,High
C0001346,74,4074,48579.51,723,10,3728.88,3,3,2.7,1,0,69.1,High
C0001347,47,3664,50410.93,688,10,2231.47,0,0,15.2,1,0,32.2,Medium
C0001348,32,171,27880.61,704,12,4879.87,2,0,4.0,2,0,68.6,High
C0001349,55,4749,151312.03,741,7,678.32,3,1,7.2,0,0,48.2,Medium
C0001350,40,4862,46550.08,702,13,4245.65,2,1,9.7,3,1,60.3,High
C0001351,38,5671,147437.46,739,11,1793.62,0,1,6.5,0,0,47.5,Medium
C0001352,50,5577,48908.47,627,6,3313.32,0,0,8.8,1,0,44.5,Medium
C0001353,24,1601,37221.05,598,11,4236.11,1,0,2.7,2,0,62.4,High
C0001354,47,4270,128108.23,726,9,2495.21,2,2,7.9,1,0,61.4,High
C0001355,69,2433,59549.05,741,11,2302.62,1,1,16.7,2,0,63.1,High
C0001356,49,3587,59869.65,729,13,1705.72,2,1,35.9,2,0,37.1,Medium
C0001357,37,2014,30637.97,700,5,6605.7,1,1,15.6,1,0,57.3,High
C0001358,35,3952,48203.98,666,9,2752.1,2,1,7.6,2,0,71.5,High
C0001359,36,5717,78485.75,706,13,2542.07,3,0,17.8,1,0,45.4,Medium
C0001360,38,3923,30343.59,718,12,5868.48,1,1,16.5,2,0,54.0,High
C0001361,37,5527,46091.85,723,8,1586.97,2,0,9.8,2,0,61.4,High
C0001362,55,5592,49199.76,850,9,1870.31,2,0,5.1,0,0,47.9,Medium
C0001363,18,739,64307.54,621,5,4046.24,5,2,17.3,1,0,69.3,High
C0001364,54,5786,139895.01,850,8,6971.21,2,0,7.8,0,1,38.3,Medium
C0001365,37,4915,52570.76,596,11,2264.61,3,0,3.5,2,0,86.1,Very High
C0001366,47,2577,42408.93,719,12,2828.47,0,0,15.2,1,0,35.9,Medium
C0001367,26,3612,280798.75,600,9,783.47,3,0,4.4,1,0,76.6,Very High
C0001368,61,3713,48856.26,713,7,5062.68,2,0,6.8,1,0,62.8,High
C0001369,59,4724,55827.82,764,14,1088.07,0,2,24.8,2,0,57.8,High
C0001370,55,4822,50923.21,692,14,1549.33,1,0,7.1,0,0,41.3,Medium
C0001371,21,641,53245.4,763,7,2486.61,1,1,5.5,0,0,45.2,Medium
C0001372,54,36,64708.95,658,9,1442.8,0,2,3.2,1,0,66.8,High
C0001373,48,1501,102880.95,536,9,623.61,5,2,7.7,2,0,95.1,Very High
C0001374,20,3176,77426.39,737,16,985.36,0,0,11.9,2,0,30.1,Medium
C0001375,42,5099,112116.32,692,11,2345.38,0,0,8.1,2,0,62.1,High
C0001376,47,3927,110095.72,654,10,5818.49,1,1,16.1,0,0,49.3,Medium
C0001377,50,841,69535.54,659,10,5521.94,1,0,4.0,0,0,46.6,Medium
C0001378,44,4311,76256.75,720,8,2820.1,0,1,6.5,0,0,56.9,High
C0001379,46,2825,114084.52,629,11,2435.92,2,2,12.2,1,0,65.1,High
C0001380,63,2231,33648.52,718,9,3694.81,0,1,11.6,0,0,59.0,High
C0001381,59,4636,244973.62,779,12,5207.7,2,1,6.6,0,0,47.5,Medium
C0001382,18,1794,46768.62,845,7,2373.93,3,0,3.9,1,0,44.6,Medium
C0001383,38,3723,51116.31,795,5,2427.54,2,1,16.1,0,0,41.8,Medium
C0001384,40,1117,31835.72,702,12,2511.21,2,0,5.3,2,0,48.1,Medium
C0001385,18,2307,32360.92,709,9,4240.58,2,1,6.8,0,0,60.7,High
C0001386,43,3360,105937.91,660,7,903.88,1,0,13.5,2,0,61.4,High
C0001387,59,3751,216099.88,655,10,2223.56,0,1,5.0,2,0,64.0,High
C0001388,27,5518,45383.67,755,14,2854.36,1,0,12.4,2,0,50.0,Medium
C0001389,47,1763,75050.29,667,6,642.64,0,3,25.3,1,0,65.1,High
C0001390,29,5378,69981.16,717,10,3993.22,0,0,5.1,2,0,45.2,Medium
C0001391,33,4905,107476.14,618,13,4428.12,0,1,11.1,2,0,68.4,High
C0001392,63,2178,210067.17,793,16,620.94,2,3,17.4,1,0,58.9,High
C0001393,34,866,143118.04,666,14,1681.65,0,1,6.2,0,0,52.5,High
C0001394,48,1569,54373.22,772,7,1718.42,2,0,4.0,2,0,46.4,Medium
C0001395,18,3957,82926.66,637,16,1234.55,0,0,9.7,2,0,52.9,High
C0001396,68,4739,87581.19,633,13,1350.32,4,0,13.1,0,0,55.4,High
C0001397,50,3685,61318.68,790,12,1566.57,1,1,6.6,1,0,51.2,High
C0001398,39,4358,33932.37,643,9,3270.43,2,0,10.8,0,0,58.9,High
C0001399,50,637,39957.14,572,10,4949.51,4,2,11.9,2,0,82.6,Very High
C0001400,22,3046,116584.73,612,11,3149.18,1,0,7.3,0,0,59.9,High
C0001401,59,5246,123390.46,754,6,1214.64,2,0,1.9,0,0,59.9,High
C0001402,37,2352,55311.03,747,8,3678.95,2,0,4.2,1,0,52.0,High
C0001403,39,5396,71572.78,633,13,3257.81,2,0,12.9,1,0,66.6,High
C0001404,35,769,119776.74,643,12,326.91,1,0,8.1,2,0,65.1,High
C0001405,34,5873,24283.24,740,15,4925.35,1,0,3.8,4,0,50.0,Medium
C0001406,52,4717,48503.72,789,16,2399.48,1,0,8.2,0,0,47.6,Medium
C0001407,46,3768,188098.1,685,5,2458.09,2,0,5.5,3,0,63.2,High
C0001408,51,3716,73094.54,732,5,708.62,1,2,12.1,4,0,63.2,High
C0001409,42,5619,33316.93,756,12,6280.84,2,2,11.2,1,0,54.0,High
C0001410,49,2279,66131.13,850,6,2738.7,0,2,6.7,3,0,33.6,Medium
C0001411,36,1014,108736.11,603,8,3641.08,3,0,3.8,0,0,51.6,High
C0001412,73,5515,15279.95,640,9,930.53,3,1,6.3,1,0,59.0,High
C0001413,20,643,68312.42,652,11,3068.27,0,0,11.3,1,0,53.5,High
C0001414,60,3968,50516.82,752,11,3108.27,3,1,4.0,1,0,53.5,High
C0001415,61,1617,25129.32,671,10,1988.42,2,0,7.5,0,0,48.3,Medium
C0001416,30,5577,64857.62,713,10,949.23,2,0,3.9,1,0,54.7,High
C0001417,73,5842,57516.41,699,9,2113.86,1,1,9.2,1,1,49.7,Medium
C0001418,56,2862,61183.94,690,9,1182.54,1,2,15.0,1,0,64.6,High
C0001419,56,3213,51192.4,698,11,1397.4,3,0,6.2,0,0,64.8,High
C0001420,42,2744,35353.55,767,8,4676.17,2,1,12.2,2,0,59.7,High
C0001421,39,2568,27854.45,617,10,2327.61,3,1,16.5,0,0,69.1,High
C0001422,39,5625,42404.52,679,10,2087.34,2,0,5.3,1,0,50.4,High
C0001423,47,1744,99456.77,599,10,1024.72,5,2,9.7,2,0,85.4,Very High
C0001424,62,5759,70479.58,707,14,2135.47,0,1,9.6,1,0,50.8,High
C0001425,45,3913,59685.5,675,7,1995.39,1,1,2.8,2,0,64.3,High
C0001426,29,5765,34996.98,770,14,1162.29,2,0,15.0,2,0,46.2,Medium
C0001427,54,3684,50475.15,690,8,4453.59,1,0,20.5,0,0,48.2,Medium
C0001428,55,4918,92997.35,657,15,4317.13,1,3,8.4,3,0,70.4,High
C0001429,51,2955,81839.95,671,7,1329.81,2,1,11.4,1,0,68.1,High
C0001430,52,2790,47687.77,819,8,2845.52,2,0,9.6,2,0,36.0,Medium
C0001431,38,1567,14744.4,572,12,659.81,0,2,5.3,0,0,67.7,High
C0001432,29,1285,42775.61,643,13,2705.57,2,1,12.5,0,0,61.3,High
C0001433,30,255,47543.85,693,11,3655.86,2,0,5.3,0,0,48.3,Medium
C0001434,19,2319,37645.98,642,8,1060.41,5,2,10.5,0,0,70.8,High
C0001435,45,5926,49396.9,727,7,2221.58,2,0,19.9,2,0,44.1,Medium
C0001436,41,5631,97148.13,686,8,2390.26,2,0,47.2,1,0,46.6,Medium
C0001437,36,4150,60741.15,709,9,14387.93,0,0,6.8,1,0,39.9,Medium
C0001438,18,2200,106854.41,699,11,11775.07,1,1,15.5,2,0,46.5,Medium
C0001439,25,3136,27045.75,682,9,2712.05,0,0,13.2,1,0,38.9,Medium
C0001440,58,4547,52423.2,593,7,1429.12,2,2,17.8,0,0,67.5,High
C0001441,33,42,21341.9,703,10,2578.88,1,0,11.6,0,0,38.1,Medium
C0001442,47,5540,49034.14,558,13,4574.65,0,0,15.3,1,0,55.6,High
C0001443,23,5226,34883.81,640,8,741.1,0,0,10.8,2,0,56.9,High
C0001444,62,5823,125439.48,727,12,564.97,2,0,3.5,1,0,58.5,High
C0001445,40,593,77670.54,779,12,1044.54,1,0,6.0,1,0,57.0,High
C0001446,46,5687,108341.75,850,12,3610.99,0,0,22.8,3,0,29.0,Medium
C0001447,75,3692,48959.48,658,10,3750.44,0,3,10.8,0,0,65.2,High
C0001448,63,3343,35385.05,625,6,2932.77,1,1,13.4,0,0,60.4,High
C0001449,38,1101,34770.69,729,14,4528.76,1,2,3.3,1,0,54.6,High
C0001450,34,2966,71745.56,830,12,1955.07,1,3,11.5,2,1,45.5,Medium
C0001451,37,2198,167791.68,805,7,1844.74,1,1,17.4,0,0,41.0,Medium
C0001452,49,5926,77784.69,612,7,2825.74,3,2,11.0,2,0,79.6,Very High
C0001453,41,2058,50451.48,679,12,6691.2,1,2,1.5,1,1,61.0,High
C0001454,36,1332,55885.81,754,11,2873.99,2,1,5.8,3,0,56.6,High
C0001455,63,5679,60941.79,759,14,2067.26,1,1,8.1,2,0,60.7,High
C0001456,40,1149,189007.71,734,13,2858.51,2,0,13.5,1,0,60.7,High
C0001457,74,5429,122195.12,656,9,5547.37,2,0,4.5,4,0,63.2,High
C0001458,43,5780,71529.63,734,12,1741.2,0,1,3.8,1,0,51.4,High
C0001459,67,1864,65857.08,760,8,1644.28,2,3,17.2,1,0,62.9,High
C0001460,47,4144,73096.37,620,10,1616.61,0,1,2.0,1,0,61.0,High
C0001461,55,4786,81368.32,790,19,3737.38,0,0,18.1,2,0,32.8,Medium
C0001462,32,3231,49396.3,764,13,1325.7,1,1,6.6,0,0,48.5,Medium
C0001463,30,4190,38973.85,634,11,3336.39,0,0,15.6,1,0,56.6,High
C0001464,48,818,109383.0,759,9,845.56,0,0,12.3,2,0,44.2,Medium
C0001465,56,3110,62754.16,751,15,1858.28,1,0,12.1,0,0,42.6,Medium
C0001466,43,3094,104473.64,754,14,2118.25,3,0,18.1,1,0,39.9,Medium
C0001467,24,3411,153319.15,808,10,7032.74,0,0,14.2,1,0,36.3,Medium
C0001468,23,5667,82555.64,689,6,4133.61,1,1,6.5,1,0,53.1,High
C0001469,22,4953,75515.36,715,20,1745.59,2,1,18.8,1,0,55.5,High
C0001470,18,3629,360419.28,492,13,1570.47,2,1,8.1,1,0,74.5,High
C0001471,44,2437,69476.98,774,9,1419.38,2,1,27.5,1,0,41.0,Medium
C0001472,58,2445,34033.1,766,5,1060.79,0,1,25.0,0,0,49.5,Medium
C0001473,42,150,53115.06,792,16,6288.24,2,0,9.9,2,0,48.2,Medium
C0001474,18,3320,145556.01,620,8,1345.84,1,1,2.9,0,0,44.7,Medium
C0001475,39,1537,30427.36,762,15,6732.95,2,0,7.5,1,0,57.3,High
C0001476,40,5320,40988.09,766,10,2346.65,0,0,5.2,0,0,30.0,Medium
C0001477,71,4648,113939.67,641,11,2085.15,3,0,8.5,2,0,59.6,High
C0001478,22,5479,53396.38,769,6,2344.08,2,0,13.9,4,0,50.7,High
C0001479,37,5975,58352.32,725,11,4830.49,2,1,9.5,0,0,60.7,High
C0001480,66,2418,111887.0,563,12,1262.5,0,2,15.7,1,0,68.1,High
C0001481,48,2587,41799.43,734,5,3061.13,1,0,10.5,0,0,32.8,Medium
C0001482,50,3660,27643.84,632,14,2145.21,2,0,15.3,2,1,63.7,High
C0001483,44,2600,28882.82,564,12,2859.36,3,0,6.4,1,0,68.7,High
C0001484,47,1696,85380.15,717,10,1926.23,1,0,16.3,0,0,42.3,Medium
C0001485,53,4251,71497.11,685,11,1739.89,2,1,19.4,1,0,52.0,High
C0001486,31,2722,42360.77,795,9,3095.24,3,0,4.0,1,0,42.9,Medium
C0001487,54,5652,32779.36,704,8,896.8,1,0,2.9,0,0,43.4,Medium
C0001488,23,1342,53427.16,748,13,5443.99,2,0,10.9,1,0,53.7,High
C0001489,47,2679,114573.77,728,11,2359.92,0,0,8.2,0,0,36.6,Medium
C0001490,45,3202,39151.33,767,7,1539.25,2,0,12.1,1,0,37.3,Medium
C0001491,33,5449,43062.74,624,12,2795.59,3,0,7.5,1,0,60.4,High
C0001492,42,3482,32212.27,705,10,1400.78,2,1,15.0,1,0,54.4,High
C0001493,33,442,50655.98,679,6,2315.68,2,0,4.7,2,0,62.8,High
C0001494,27,2046,74669.96,739,5,2325.0,2,0,5.2,2,0,55.5,High
C0001495,37,5319,198438.14,709,8,4984.12,1,2,2.1,1,0,58.6,High
C0001496,27,1654,69889.42,644,9,2637.17,1,2,6.4,4,1,64.9,High
C0001497,47,2063,60196.33,665,13,1062.6,6,1,7.6,0,1,66.4,High
C0001498,26,931,99658.52,814,4,3209.89,1,1,5.9,3,0,54.5,High
C0001499,52,4324,90926.63,563,10,3515.27,2,2,21.7,2,0,76.9,Very High
C0001500,25,863,45124.3,743,8,771.43,2,0,18.9,3,0,53.8,High
C0001501,34,2225,219920.79,783,9,1016.27,2,1,17.1,0,0,46.5,Medium
C0001502,33,4277,61174.08,733,9,8124.19,2,1,15.3,0,0,52.9,High
C0001503,61,5376,70607.81,838,6,1773.32,1,1,17.0,2,0,40.3,Medium
C0001504,47,1353,83962.99,760,6,1800.6,2,1,8.4,0,0,44.7,Medium
C0001505,39,2013,74990.71,719,6,2150.58,3,0,23.4,1,0,62.8,High
C0001506,49,734,143466.72,655,11,1450.52,2,2,10.7,1,0,55.6,High
C0001507,18,2644,44821.35,720,15,695.11,4,0,9.0,3,1,53.5,High
C0001508,41,5993,95391.99,741,14,1060.77,1,0,9.4,1,0,49.5,Medium
C0001509,70,1846,67873.59,690,8,1452.28,3,1,11.4,2,0,65.8,High
C0001510,44,1581,106445.4,634,10,1586.49,4,1,11.6,1,0,84.6,Very High
C0001511,43,2416,55085.82,600,9,1334.22,2,0,5.6,2,0,69.1,High
C0001512,50,5379,51131.77,704,6,834.2,0,1,5.8,0,0,50.3,High
C0001513,55,3295,92737.67,579,12,1535.2,1,0,13.9,2,0,69.8,High
C0001514,18,3666,75492.3,655,6,4542.04,2,1,19.1,2,0,78.1,Very High
C0001515,18,4689,39487.04,508,9,1421.49,5,0,11.0,2,0,89.1,Very High
C0001516,45,4298,129959.28,752,14,1954.16,2,0,9.3,1,0,39.4,Medium
C0001517,32,3605,92759.91,777,12,5623.53,2,0,14.5,0,0,57.1,High
C0001518,60,3378,59520.58,696,15,1407.27,0,0,26.9,1,0,41.8,Medium
C0001519,38,3213,47923.56,827,10,16047.91,1,1,22.0,2,0,40.4,Medium
C0001520,18,1109,75747.57,791,16,3928.4,1,3,11.1,1,1,37.2,Medium
C0001521,24,2503,89157.21,726,6,2313.31,0,2,22.8,0,0,40.2,Medium
C0001522,18,5086,25800.48,682,11,1872.4,1,3,8.2,1,1,57.8,High
C0001523,39,265,76230.29,664,10,5263.6,2,2,15.0,0,0,58.0,High
C0001524,39,4972,88769.18,732,7,1401.98,2,0,10.7,2,0,58.0,High
C0001525,36,3408,17001.26,679,1,1660.65,2,1,5.9,1,0,48.2,Medium
C0001526,57,2117,69064.35,731,15,6253.78,1,0,9.4,2,0,34.1,Medium
C0001527,59,710,90846.33,737,8,1723.53,4,0,8.2,2,0,70.0,High
C0001528,40,4590,85337.8,673,9,1624.35,1,0,12.6,1,0,55.2,High
C0001529,18,34,96397.57,772,14,1430.31,1,1,26.0,0,0,38.2,Medium
C0001530,51,3271,51778.38,673,10,626.51,3,1,6.0,3,0,73.4,High
C0001531,50,999,34994.32,692,14,4255.01,1,0,13.0,2,0,49.7,Medium
C0001532,46,5457,23040.99,617,10,2139.38,1,2,19.4,2,0,57.5,High
C0001533,56,1118,113053.05,670,11,4409.38,0,0,12.1,1,0,39.6,Medium
C0001534,26,4822,91269.84,850,10,1971.27,1,0,16.3,2,0,35.1,Medium
C0001535,70,3457,117896.05,622,9,1672.14,2,0,15.0,1,0,60.0,High
C0001536,29,274,41608.59,723,6,1429.37,0,1,8.7,1,0,42.7,Medium
C0001537,52,4328,96471.19,656,6,3431.65,1,3,11.5,1,1,71.4,High
C0001538,18,5279,27130.54,524,13,1304.38,1,0,3.4,1,0,75.2,Very High
C0001539,29,1352,38432.86,732,11,2824.65,2,0,5.3,0,0,38.9,Medium
C0001540,63,5812,66448.14,648,13,2255.19,3,0,6.9,2,0,73.2,High
C0001541,38,4796,89290.81,714,12,1117.12,1,0,38.2,1,0,37.4,Medium
C0001542,54,4460,156114.74,764,3,1643.92,0,0,16.0,0,0,32.1,Medium
C0001543,45,2036,54331.23,708,8,2214.44,0,1,1.6,0,0,54.7,High
C0001544,41,745,38512.08,715,14,1797.93,2,1,4.1,2,0,57.1,High
C0001545,61,2593,37438.61,625,8,7541.21,3,0,3.2,2,1,55.2,High
C0001546,39,4850,42470.9,743,12,2563.09,3,1,8.6,1,0,53.2,High
C0001547,18,3532,210334.5,676,13,1936.72,2,3,9.2,0,0,60.4,High
C0001548,31,3895,94011.29,540,8,1737.48,0,2,1.3,2,0,73.2,High
C0001549,50,4692,114322.9,752,13,1895.43,2,1,17.5,1,0,52.4,High
C0001550,48,2052,54363.46,775,8,1481.99,1,1,3.2,1,0,42.6,Medium
C0001551,20,253,61943.81,801,8,1288.45,0,1,10.7,1,1,49.0,Medium
C0001552,32,5307,91079.24,850,15,3246.43,1,2,13.1,0,0,40.4,Medium
C0001553,34,3691,46943.51,748,14,5986.19,1,0,5.8,2,0,52.2,High
C0001554,37,3406,52821.33,729,16,1641.31,1,1,6.5,0,0,46.4,Medium
C0001555,23,3452,42778.99,772,9,2908.26,2,1,9.2,3,1,63.9,High
C0001556,33,5121,48473.31,623,4,1428.58,1,0,8.1,1,0,64.2,High
C0001557,32,4622,63692.87,565,8,2353.51,0,0,5.3,0,0,50.2,High
C0001558,53,4030,39456.3,654,13,939.82,1,1,3.5,1,0,58.9,High
C0001559,53,4698,72560.65,786,4,1263.25,2,0,7.2,2,0,64.4,High
C0001560,40,1752,72504.91,640,6,1234.28,0,0,12.0,1,0,63.7,High
C0001561,37,4278,56179.26,725,4,2001.83,2,1,16.5,1,0,53.8,High
C0001562,44,5850,39331.73,733,6,1028.45,2,2,10.1,1,0,66.3,High
C0001563,31,1432,65684.57,708,13,512.8,2,1,8.3,0,0,52.5,High
C0001564,26,3438,46966.61,594,8,902.95,1,0,10.4,3,0,71.6,High
C0001565,29,4096,63609.39,716,15,1964.03,2,0,6.6,0,0,42.7,Medium
C0001566,33,3115,113420.77,658,10,1314.31,2,1,4.7,0,0,50.9,High
C0001567,26,5814,31125.19,818,8,1509.88,1,0,16.6,1,0,51.1,High
C0001568,44,2438,204906.11,775,9,2612.66,0,1,7.9,2,0,49.8,Medium
C0001569,52,1330,59575.62,661,5,1290.16,1,0,6.8,1,0,50.0,Medium
C0001570,20,843,77761.46,822,10,2088.41,2,3,6.4,1,0,59.5,High
C0001571,42,5100,40981.54,716,7,8822.36,0,1,10.2,2,0,54.0,High
C0001572,39,4126,116204.4,565,7,1717.39,1,0,7.1,2,0,54.7,High
C0001573,47,3480,57860.78,684,12,1924.89,2,1,8.9,1,0,61.7,High
C0001574,42,2601,49917.38,813,15,2817.24,1,1,2.9,0,0,48.5,Medium
C0001575,22,2477,45177.59,629,6,1292.97,2,1,12.2,0,0,74.1,High
C0001576,24,5609,53488.34,685,5,1497.54,1,0,6.6,0,0,47.7,Medium
C0001577,42,4091,78040.3,588,11,2067.71,1,0,12.5,1,0,46.8,Medium
C0001578,56,5791,68181.98,600,10,2495.81,1,0,29.2,1,0,47.2,Medium
C0001579,18,4814,60655.57,627,13,1201.6,2,0,13.6,1,0,53.9,High
C0001580,47,4612,41923.75,598,9,3162.15,2,0,14.5,0,0,56.7,High
C0001581,59,3335,40613.03,644,12,6012.15,3,0,26.2,2,0,59.2,High
C0001582,40,1477,48117.87,820,11,634.44,2,1,10.4,3,0,51.0,High
C0001583,50,3931,79860.87,687,9,2837.59,0,4,10.6,1,1,77.3,Very High
C0001584,32,4304,89244.28,749,9,2073.18,2,1,10.7,1,0,38.1,Medium
C0001585,40,3146,96111.47,772,15,1813.68,0,0,20.3,2,0,21.9,Low
C0001586,19,151,61950.0,607,8,2719.74,0,0,13.8,1,0,51.4,High
C0001587,18,5761,76561.43,628,14,5392.36,1,1,5.5,0,0,51.5,High
C0001588,55,4963,56513.89,747,11,2600.18,1,3,12.0,0,0,51.1,High
C0001589,28,2132,23780.61,642,10,4103.84,3,0,9.3,1,0,49.9,Medium
C0001590,36,2976,55057.31,742,7,2144.95,0,0,16.4,2,0,52.9,High
C0001591,23,766,50435.98,816,10,2789.21,0,0,8.7,2,0,49.5,Medium
C0001592,22,5622,35010.9,581,5,1544.85,1,0,23.0,0,0,55.0,High
C0001593,40,1406,45379.82,663,18,2254.86,1,1,7.2,1,0,71.7,High
C0001594,32,2285,66782.07,675,17,1843.54,1,0,6.1,1,0,71.7,High
C0001595,47,2588,33243.15,651,18,2358.18,1,0,5.4,1,0,55.5,High
C0001596,48,1601,41938.42,644,11,750.18,3,0,14.7,3,0,68.6,High
C0001597,46,3819,145253.5,653,15,1065.7,1,0,4.8,1,0,46.6,Medium
C0001598,45,5970,25678.29,689,14,4762.32,1,1,9.2,1,0,50.9,High
C0001599,64,5135,56057.85,702,16,5444.5,2,0,7.1,2,0,65.9,High
C0001600,27,3198,32644.1,762,11,713.91,1,0,9.3,1,0,48.6,Medium
C0001601,41,811,41006.65,688,6,1521.81,1,1,16.0,1,0,53.0,High
C0001602,58,5183,55610.88,774,8,1353.04,1,0,5.6,1,0,46.8,Medium
C0001603,60,1562,36016.15,646,5,2593.82,2,0,14.7,0,0,61.6,High
C0001604,22,5469,85012.32,600,15,2083.42,0,1,2.9,0,0,69.5,High
C0001605,38,2390,130355.75,667,16,3423.33,2,1,14.2,0,0,55.6,High
C0001606,61,3125,98500.08,725,9,914.06,1,0,8.0,2,0,47.6,Medium
C0001607,49,2637,108926.31,755,13,2761.92,1,1,15.4,1,0,47.7,Medium
C0001608,45,2750,29028.55,800,13,1770.83,2,0,11.5,1,1,36.2,Medium
C0001609,39,1014,54241.45,712,5,1362.4,0,0,8.0,1,0,43.2,Medium
C0001610,37,3330,80175.34,746,11,2931.67,4,1,7.2,0,0,64.6,High
C0001611,46,2435,100111.98,793,12,1873.51,2,0,12.7,0,0,44.2,Medium
C0001612,38,5091,162630.14,632,7,2060.59,4,1,8.2,2,0,83.3,Very High
C0001613,41,2879,111620.66,674,16,5243.98,1,0,10.5,0,0,47.4,Medium
C0001614,43,5789,101514.65,850,8,2303.76,3,2,2.1,0,0,62.1,High
C0001615,33,1801,263911.01,754,14,7788.83,2,1,8.6,0,0,46.8,Medium
C0001616,49,1990,65372.68,728,12,483.9,4,0,10.8,0,0,50.9,High
C0001617,83,249,52886.72,757,11,2186.36,3,4,7.7,3,0,61.8,High
C0001618,18,4439,68352.71,590,7,1068.14,0,0,11.5,3,0,43.9,Medium
C0001619,47,468,37481.8,641,8,1203.46,1,0,18.7,1,0,57.2,High
C0001620,31,1733,64349.74,614,7,1436.67,1,2,4.4,0,0,66.9,High
C0001621,50,5465,23983.49,721,10,4007.37,1,0,18.0,0,0,46.8,Medium
C0001622,43,3677,46335.06,662,12,1688.98,1,2,10.2,2,0,63.1,High
C0001623,53,3365,58189.26,697,12,1047.53,1,1,3.7,1,0,54.8,High
C0001624,58,4834,104525.79,667,18,3377.98,1,0,16.2,0,0,51.3,High
C0001625,45,4635,114232.31,568,9,1020.11,0,1,23.2,1,0,67.8,High
C0001626,58,5322,36493.9,756,4,6522.56,2,0,2.6,1,0,55.7,High
C0001627,18,4001,194212.47,558,8,950.55,5,0,3.5,1,0,92.2,Very High
C0001628,64,2708,67271.71,635,13,1825.23,2,1,16.9,0,0,63.6,High
C0001629,47,810,70750.47,591,8,7685.4,0,0,14.6,0,0,49.5,Medium
C0001630,57,2237,25467.5,624,8,1781.5,0,1,5.7,2,0,78.5,Very High
C0001631,25,4240,44084.26,705,14,2897.42,1,0,10.1,1,0,59.4,High
C0001632,30,1543,110447.19,783,11,2048.82,1,0,7.3,2,0,46.1,Medium
C0001633,44,4035,68068.36,573,12,2198.11,1,3,4.0,1,0,81.2,Very High
C0001634,42,826,65787.67,648,6,1292.32,2,1,6.3,0,0,65.9,High
C0001635,46,390,70251.32,559,11,2953.62,3,0,2.4,2,0,68.0,High
C0001636,57,2208,28032.71,645,15,5213.36,1,0,20.1,2,0,54.4,High
C0001637,18,1402,58791.64,695,10,622.57,0,0,11.0,4,0,53.4,High
C0001638,56,5235,134520.43,748,10,1206.39,2,1,7.3,2,0,63.7,High
C0001639,42,2288,112710.61,531,13,1536.11,1,0,8.9,1,0,65.7,High
C0001640,39,2530,57874.37,731,8,1235.79,0,2,7.0,0,0,53.5,High
C0001641,21,2438,146518.57,617,8,3340.76,3,0,7.3,1,0,78.8,Very High
C0001642,49,1924,31019.94,599,9,1483.74,3,1,7.5,0,0,71.6,High
C0001643,18,5508,36332.06,695,9,2318.87,1,1,14.7,2,0,60.2,High
C0001644,51,4442,172798.59,737,10,5798.94,1,0,5.3,1,1,53.2,High
C0001645,21,978,85201.55,682,11,685.11,1,1,19.1,1,0,51.9,High
C0001646,43,1317,52891.7,608,13,2703.39,0,1,4.8,2,1,64.4,High
C0001647,40,513,60142.04,682,12,2031.31,2,1,25.3,1,0,52.9,High
C0001648,58,1560,39784.89,636,8,2035.21,1,0,16.5,1,0,45.4,Medium
C0001649,39,3949,72187.02,735,12,1221.61,1,0,7.6,0,0,44.2,Medium
C0001650,32,5617,69109.9,771,12,1717.85,0,2,10.7,1,0,41.0,Medium
C0001651,35,2905,62681.79,766,8,2188.69,0,0,10.9,0,0,39.6,Medium
C0001652,60,517,32761.97,689,8,1951.9,3,2,6.3,2,0,77.7,Very High
C0001653,50,312,71718.61,774,12,3461.09,0,0,2.0,2,0,57.9,High
C0001654,37,2505,46335.25,613,6,1080.44,1,0,6.2,1,0,57.0,High
C0001655,39,1610,36047.84,824,16,887.37,2,0,2.7,2,0,47.2,Medium
C0001656,20,3473,124442.37,613,10,597.16,1,1,10.4,2,0,61.0,High
C0001657,47,736,204482.24,538,14,2411.68,1,0,4.4,2,0,62.3,High
C0001658,18,1404,180471.97,792,8,3597.18,0,0,9.8,1,0,38.1,Medium
C0001659,53,3348,88650.52,637,8,1026.11,2,1,11.6,1,0,48.7,Medium
C0001660,44,1707,53573.93,699,4,968.31,1,1,8.8,1,0,59.9,High
C0001661,75,2207,59646.7,613,12,7508.38,1,0,8.6,2,0,57.7,High
C0001662,27,1354,77495.17,850,13,5046.8,0,1,6.5,1,0,33.4,Medium
C0001663,41,337,49205.14,827,12,5235.16,1,0,5.0,1,0,27.1,Medium
C0001664,67,2090,128057.57,806,11,2760.58,2,1,9.3,1,0,39.7,Medium
C0001665,59,1998,20236.43,697,9,3479.76,0,0,47.1,0,0,36.6,Medium
C0001666,32,5394,52693.14,764,11,1825.54,1,1,10.0,0,0,47.7,Medium
C0001667,45,5359,96324.6,686,8,872.0,3,0,9.6,5,0,64.5,High
C0001668,42,2606,38950.69,774,12,901.13,4,1,5.5,2,0,61.6,High
C0001669,46,1749,54328.69,659,11,2204.56,2,1,5.4,0,0,55.0,High
C0001670,32,2524,85939.04,809,13,4013.69,1,1,14.9,0,0,25.4,Medium
C0001671,41,3659,142905.33,655,12,1973.08,2,1,11.5,2,0,69.5,High
C0001672,20,2337,30431.2,664,14,3268.44,1,1,16.8,0,0,59.4,High
C0001673,44,4544,29215.33,655,6,2075.39,1,0,16.7,4,0,56.3,High
C0001674,48,5785,36848.61,704,10,2681.3,2,0,5.4,1,0,63.5,High
C0001675,39,2437,26615.39,661,3,3631.0,1,1,4.5,0,0,49.1,Medium
C0001676,19,730,27677.68,727,10,5225.29,3,1,9.1,0,0,62.7,High
C0001677,56,751,36312.82,654,9,2648.34,2,0,7.9,2,0,55.8,High
C0001678,47,5235,122187.39,749,8,7760.55,1,0,12.5,1,0,40.9,Medium
C0001679,32,2514,52221.39,804,12,1890.7,0,0,12.8,2,0,28.9,Medium
C0001680,38,1983,63079.18,696,10,5201.07,2,2,13.0,1,0,67.8,High
C0001681,21,3727,36657.9,850,10,3212.62,3,0,14.7,2,0,49.2,Medium
C0001682,28,5740,87845.52,775,7,669.36,0,0,15.8,0,0,33.1,Medium
C0001683,34,2565,173956.38,850,9,5514.16,2,1,4.1,4,0,48.5,Medium
C0001684,59,1911,38051.4,685,11,1211.23,1,1,27.5,0,0,56.7,High
C0001685,33,5180,160091.57,565,7,1871.43,1,0,13.3,2,0,65.2,High
C0001686,51,524,75759.8,637,11,3880.65,0,1,24.7,1,1,50.0,Medium
C0001687,34,5070,62577.72,645,7,1355.96,1,0,10.9,0,0,39.6,Medium
C0001688,45,3134,77262.02,619,12,2100.68,1,0,8.8,1,0,67.3,High
C0001689,40,150,76855.26,525,15,3372.47,1,0,5.3,2,0,63.5,High
C0001690,54,1390,172180.24,767,6,1289.2,0,1,11.7,0,0,44.2,Medium
C0001691,35,4084,82537.75,550,7,1887.32,1,1,9.7,3,0,64.2,High
C0001692,20,4525,83491.37,760,11,1748.44,1,1,12.8,1,0,50.1,High
C0001693,23,1197,49171.27,850,11,4116.62,2,0,5.9,0,0,34.8,Medium
C0001694,35,3954,98359.27,632,10,6097.41,1,2,12.9,0,0,56.1,High
C0001695,25,5935,36630.04,719,14,1076.19,2,0,3.5,0,0,37.8,Medium
C0001696,48,4128,65830.72,660,10,2314.0,1,0,9.9,1,0,51.1,High
C0001697,35,4223,302759.98,752,16,1564.83,2,0,15.9,1,0,33.4,Medium
C0001698,75,1185,15639.97,600,10,2244.82,0,1,28.2,0,0,53.2,High
C0001699,18,3835,70482.56,680,5,6936.71,0,1,9.1,1,0,55.3,High
C0001700,45,4260,71989.98,774,9,2816.07,1,0,4.7,1,1,46.1,Medium
C0001701,26,690,54690.25,686,11,1525.74,1,1,6.3,2,0,54.1,High
C0001702,35,1888,55403.83,568,15,904.02,2,0,8.2,2,0,62.6,High
C0001703,44,5299,65196.76,783,8,4211.71,1,2,7.7,2,1,57.3,High
C0001704,18,5992,53975.63,593,7,1632.29,2,3,19.6,2,1,90.8,Very High
C0001705,45,1064,70050.98,696,8,1328.52,0,2,9.6,1,0,52.5,High
C0001706,69,4398,47415.47,734,11,2680.63,0,0,11.8,0,0,45.0,Medium
C0001707,36,3024,188566.44,699,11,3205.31,0,0,2.0,1,0,46.5,Medium
C0001708,46,3554,53975.32,850,12,1731.38,2,0,8.9,2,0,40.1,Medium
C0001709,56,3080,84810.61,745,9,1189.58,1,1,8.2,1,0,45.5,Medium
C0001710,40,5206,42912.56,675,7,5354.94,1,2,8.7,1,0,64.7,High
C0001711,34,2687,103581.95,735,16,3430.68,2,0,18.8,2,0,35.2,Medium
C0001712,18,3548,92808.82,706,11,4179.42,4,1,8.5,0,0,44.2,Medium
C0001713,51,4025,78079.5,693,8,1744.44,1,1,3.8,2,0,57.1,High
C0001714,40,3329,35237.12,708,10,1282.97,4,0,6.6,1,0,68.3,High
C0001715,28,5281,40989.37,657,14,1556.08,0,1,19.8,1,0,56.3,High
C0001716,44,1446,156730.78,706,13,817.17,2,2,18.3,1,0,62.4,High
C0001717,34,5689,40740.55,652,10,1770.07,0,1,8.2,1,1,69.3,High
C0001718,35,4078,88202.08,548,7,1418.33,2,1,8.0,1,1,83.6,Very High
C0001719,50,5761,36876.16,776,10,2091.65,1,0,3.4,1,0,43.0,Medium
C0001720,23,2266,107958.31,648,9,2271.24,0,1,9.6,2,0,54.6,High
C0001721,57,2888,42504.75,701,10,2333.61,1,0,6.9,0,0,36.7,Medium
C0001722,22,287,36502.51,633,10,1503.77,2,1,3.6,1,0,66.6,High
C0001723,33,5546,41902.52,635,4,1016.23,2,1,9.4,0,0,74.0,High
C0001724,69,4901,45720.33,612,12,861.6,3,0,13.4,2,0,74.6,High
C0001725,58,1798,77455.59,761,16,2497.89,4,0,3.6,1,1,65.7,High
C0001726,43,339,64411.71,779,12,2402.33,1,0,23.3,5,0,45.7,Medium
C0001727,29,4190,33946.93,692,3,890.13,0,0,6.2,2,0,47.6,Medium
C0001728,35,4043,61054.29,650,7,5560.34,3,1,5.5,0,0,68.4,High
C0001729,43,3180,33056.18,563,7,3785.0,2,0,8.9,1,0,73.3,High
C0001730,43,965,88330.98,750,14,1132.57,1,0,2.6,1,0,46.5,Medium
C0001731,41,5512,97702.87,639,10,2614.36,1,3,4.4,0,0,73.1,High
C0001732,42,2612,61188.75,606,7,2012.74,1,0,10.6,3,0,59.4,High
C0001733,39,4355,71991.19,692,9,2611.14,2,0,6.8,0,0,54.0,High
C0001734,22,5158,162520.26,665,12,2460.23,3,1,1.4,3,0,67.6,High
C0001735,35,3303,56852.08,576,11,3404.31,0,1,8.1,0,0,62.4,High
C0001736,55,593,36884.54,586,7,5754.19,1,0,6.5,3,0,68.5,High
C0001737,23,5329,85258.84,715,12,2672.26,1,0,12.5,0,0,45.6,Medium
C0001738,39,4012,33253.99,641,7,3110.79,2,1,10.9,1,0,57.5,High
C0001739,31,5369,55219.79,728,8,5700.73,1,1,16.0,1,0,39.3,Medium
C0001740,44,3687,44598.04,701,4,1550.93,3,0,3.2,1,0,72.7,High
C0001741,37,5447,42145.73,769,13,1199.57,1,0,11.5,0,1,45.6,Medium
C0001742,63,5209,54032.53,628,12,3404.94,0,0,5.3,1,0,54.0,High
C0001743,49,1317,101704.81,707,10,993.6,1,1,5.4,1,0,61.9,High
C0001744,24,1061,113892.18,738,14,1301.49,0,1,7.3,1,0,47.9,Medium
C0001745,51,986,103187.49,643,11,5851.5,1,1,14.3,1,0,68.1,High
C0001746,31,4804,74599.15,775,11,720.24,0,0,12.4,0,0,31.7,Medium
C0001747,34,1465,53806.28,565,6,2678.65,1,0,7.3,1,0,56.9,High
C0001748,46,2717,16951.06,628,12,861.59,2,0,12.1,2,1,53.6,High
C0001749,35,4734,75894.78,562,5,2872.83,3,1,14.8,1,0,70.7,High
C0001750,54,2589,17698.89,635,11,7239.28,1,0,28.5,5,0,43.8,Medium
C0001751,31,399,21526.45,678,14,1139.04,2,1,3.2,0,0,59.1,High
C0001752,33,2189,56725.12,752,16,560.63,2,1,23.2,0,0,39.9,Medium
C0001753,33,594,71711.55,678,17,2773.89,2,0,10.9,2,0,54.3,High
C0001754,34,2331,48377.64,645,8,1463.06,0,0,3.7,2,0,59.9,High
C0001755,57,4428,144268.55,574,8,1951.9,0,0,18.0,1,0,60.1,High
C0001756,51,3134,79941.11,599,10,2788.55,4,0,1.6,0,0,59.9,High
C0001757,66,4059,54052.73,713,5,3172.02,3,1,8.0,1,1,67.4,High
C0001758,74,667,132901.05,756,9,3192.35,3,0,6.5,1,1,47.6,Medium
C0001759,28,4508,146635.03,659,10,2161.08,2,0,5.5,1,0,44.2,Medium
C0001760,43,2567,82190.66,781,11,2920.28,2,1,14.7,0,1,30.4,Medium
C0001761,26,1743,40477.35,619,13,1946.96,3,1,14.3,0,0,72.6,High
C0001762,31,3922,45809.23,661,10,1776.46,3,1,6.5,0,0,66.7,High
C0001763,33,834,27978.27,667,5,2176.84,1,2,5.4,0,0,68.2,High
C0001764,27,3004,60570.33,805,9,3201.67,1,1,2.3,1,0,61.4,High
C0001765,27,2550,34799.8,700,8,1444.68,0,0,7.3,1,0,44.8,Medium
C0001766,40,1020,51735.45,555,16,2529.68,1,3,11.9,0,0,83.0,Very High
C0001767,25,5714,71554.87,761,13,1632.47,2,0,11.8,1,0,41.6,Medium
C0001768,54,2197,20823.76,828,12,1363.54,1,2,12.0,3,0,44.4,Medium
C0001769,29,273,30940.83,671,5,4357.41,3,1,8.1,1,0,70.6,High
C0001770,81,2674,46916.43,623,10,2800.19,2,0,19.5,1,0,48.4,Medium
C0001771,36,5800,60234.44,755,13,2817.03,2,2,20.4,0,0,38.1,Medium
C0001772,43,4023,47251.97,837,6,1190.02,0,0,15.3,1,0,21.7,Low
C0001773,24,3831,53428.78,754,6,1874.17,1,0,9.4,1,0,38.2,Medium
C0001774,66,5407,42044.62,568,14,3250.93,0,1,14.6,1,0,54.2,High
C0001775,58,530,27937.35,747,13,2802.17,0,1,4.7,1,0,42.6,Medium
C0001776,46,3315,46201.92,720,12,11651.68,2,1,13.7,2,0,62.8,High
C0001777,23,1945,55140.9,618,6,2538.03,2,0,16.9,2,0,64.1,High
C0001778,45,4067,52269.86,787,8,1427.93,3,1,11.8,2,0,50.7,High
C0001779,26,5120,65931.88,723,11,1657.99,0,1,8.3,0,0,50.2,High
C0001780,62,490,78063.8,789,13,1260.77,1,3,9.9,1,0,64.8,High
C0001781,53,974,90204.91,610,6,1445.3,2,0,9.8,0,0,63.9,High
C0001782,43,5728,43758.31,720,13,2347.33,1,0,2.3,0,0,55.4,High
C0001783,18,2967,26061.16,623,10,1627.44,2,0,5.4,3,0,64.9,High
C0001784,28,1911,124775.03,709,8,5243.08,3,1,9.5,0,0,63.3,High
C0001785,52,938,76640.81,801,9,3900.53,1,2,8.2,1,1,54.8,High
C0001786,59,2145,36674.07,583,8,3857.82,4,1,4.8,0,0,60.7,High
C0001787,58,59,72231.21,587,6,1867.75,1,1,14.4,3,0,84.7,Very High
C0001788,20,1360,111556.53,762,10,3984.61,0,0,14.5,3,0,39.5,Medium
C0001789,46,1122,160481.95,689,5,4278.02,1,0,4.3,0,0,47.1,Medium
C0001790,56,535,71162.79,778,8,6207.52,1,2,7.2,2,0,52.5,High
C0001791,19,5815,111046.97,629,8,1547.62,0,0,6.2,1,0,67.9,High
C0001792,42,4746,31876.0,694,9,2216.67,1,1,7.0,0,0,41.1,Medium
C0001793,46,5644,60787.72,742,12,1350.42,1,2,20.0,0,0,53.4,High
C0001794,38,1465,51566.77,706,15,12231.22,3,1,8.8,0,0,56.7,High
C0001795,18,1751,74854.62,556,12,1929.47,2,0,9.5,1,0,72.5,High
C0001796,37,1717,150398.89,850,13,5041.64,0,1,6.2,0,0,30.3,Medium
C0001797,37,3364,71134.58,706,11,2435.73,2,1,6.5,0,0,55.1,High
C0001798,40,1115,37018.01,589,7,3896.52,2,0,23.3,2,0,57.1,High
C0001799,34,1435,30945.98,714,14,2179.38,2,0,40.9,1,0,42.2,Medium
C0001800,36,5850,153287.22,722,7,4008.89,1,1,19.4,0,0,41.3,Medium
C0001801,41,2132,82246.49,765,8,2632.84,1,1,13.2,0,0,45.0,Medium
C0001802,48,4692,79327.05,760,13,6664.64,2,2,29.0,1,0,51.8,High
C0001803,38,1396,51320.08,674,9,2684.47,3,0,6.5,1,0,75.9,Very High
C0001804,36,5581,71841.22,561,11,1375.55,0,0,7.2,1,0,62.7,High
C0001805,43,4172,36028.36,725,16,3080.91,1,0,11.9,1,0,43.2,Medium
C0001806,18,5174,76714.71,567,10,2213.27,2,0,11.2,0,0,59.5,High
C0001807,49,3112,32490.76,781,14,1158.55,0,0,11.4,1,0,31.8,Medium
C0001808,42,5440,50882.84,635,16,2815.0,1,0,14.2,1,0,51.3,High
C0001809,43,2195,43534.04,738,6,1473.35,1,0,6.0,1,0,42.6,Medium
C0001810,55,2889,12000.0,641,7,1887.41,2,1,8.3,1,0,72.6,High
C0001811,18,397,51234.42,653,9,2259.55,2,1,3.1,0,1,62.7,High
C0001812,18,1048,37816.97,630,7,589.01,1,0,7.8,1,0,55.8,High
C0001813,46,4634,55225.23,744,15,1662.11,0,0,20.7,4,0,45.5,Medium
C0001814,42,1981,62058.78,643,9,4010.58,1,2,3.3,2,1,75.6,Very High
C0001815,44,638,163939.42,748,12,1941.53,2,1,9.1,0,0,44.8,Medium
C0001816,36,1775,73312.0,645,8,639.1,0,1,16.5,1,0,52.8,High
C0001817,51,2136,74507.24,673,11,2086.24,3,0,26.2,2,0,68.4,High
C0001818,55,4311,81428.23,693,13,3011.33,1,1,4.2,1,0,48.2,Medium
C0001819,49,570,100145.99,702,6,1812.79,2,1,4.3,0,0,51.5,High
C0001820,38,183,79597.93,621,15,1851.32,1,0,8.1,0,0,61.1,High
C0001821,18,4352,72390.61,743,11,1646.02,1,2,4.8,1,0,51.9,High
C0001822,53,877,91681.46,670,9,3293.19,2,0,11.7,0,0,50.6,High
C0001823,59,2535,16321.54,731,12,1289.32,0,1,15.6,2,0,49.0,Medium
C0001824,51,4106,195608.02,689,9,3137.83,1,0,7.8,0,0,43.5,Medium
C0001825,30,3099,148633.84,734,6,1848.38,2,0,7.6,0,0,52.9,High
C0001826,51,766,69864.6,659,10,4967.9,3,2,7.5,0,0,83.4,Very High
C0001827,54,4341,28502.19,631,8,1604.81,1,0,8.1,4,0,53.7,High
C0001828,64,318,120641.96,722,4,1068.73,1,0,8.1,3,0,45.0,Medium
C0001829,30,1416,42330.26,653,10,3289.39,3,1,11.1,0,0,77.0,Very High
C0001830,39,682,83158.38,799,14,3030.57,0,1,12.9,1,0,35.0,Medium
C0001831,52,3090,30616.42,695,14,2875.37,1,4,4.3,0,1,65.2,High
C0001832,43,4153,210957.81,587,8,3813.97,2,0,13.9,0,0,51.1,High
C0001833,26,3909,28047.94,646,13,1147.13,3,1,11.4,0,0,74.5,High
C0001834,48,861,64397.62,615,6,1317.86,0,0,4.6,1,0,62.1,High
C0001835,50,2079,19296.65,770,8,5187.51,3,0,13.3,1,0,50.6,High
C0001836,43,903,60610.13,748,7,2919.87,2,0,6.9,0,0,47.6,Medium
C0001837,45,2075,49069.0,685,14,1636.04,0,1,11.0,1,0,47.6,Medium
C0001838,38,1404,115883.49,712,8,699.15,1,0,15.0,2,0,47.6,Medium
C0001839,63,4450,49066.46,683,11,979.9,2,1,13.5,0,0,60.0,High
C0001840,29,4512,115975.31,755,8,1180.71,4,0,8.5,0,0,46.0,Medium
C0001841,34,4915,35299.47,729,10,1527.55,1,2,17.9,2,0,65.2,High
C0001842,42,1226,53093.55,742,9,2683.25,2,0,9.7,2,0,61.9,High
C0001843,54,110,53682.27,676,13,905.45,0,1,11.8,0,0,56.2,High
C0001844,21,241,81427.08,643,8,1561.08,0,0,6.6,0,0,54.6,High
C0001845,24,5065,75924.57,740,10,967.73,0,1,9.3,1,0,53.1,High
C0001846,18,5438,92236.71,806,3,1672.92,2,0,7.3,2,0,58.7,High
C0001847,42,1294,71800.48,773,11,10365.51,1,0,11.5,2,0,39.7,Medium
C0001848,26,5261,89197.9,809,7,4765.85,3,0,9.1,2,0,55.3,High
C0001849,37,3192,37837.82,702,7,3193.97,1,1,6.1,2,0,47.2,Medium
C0001850,51,1133,76782.26,617,14,1566.74,1,0,4.9,2,0,63.9,High
C0001851,33,1898,150151.93,624,10,1092.49,2,1,8.3,1,0,67.7,High
C0001852,45,1614,24609.64,793,8,2079.48,1,2,6.7,1,0,54.5,High
C0001853,38,4588,81132.92,550,13,801.48,2,1,4.7,1,0,65.6,High
C0001854,51,1155,89959.83,803,9,3352.61,3,1,3.1,0,0,49.2,Medium
C0001855,49,1122,138488.45,631,6,1934.05,1,1,17.0,0,0,59.5,High
C0001856,32,4325,92430.79,834,8,2160.97,2,2,4.0,3,0,57.3,High
C0001857,40,1834,65516.9,685,10,745.82,0,0,16.7,2,0,47.7,Medium
C0001858,57,1522,78545.23,744,10,2272.4,3,2,10.0,1,0,62.8,High
C0001859,48,4852,41382.73,850,9,1883.39,1,2,3.0,0,0,44.1,Medium
C0001860,22,5590,50086.52,665,19,1181.32,0,1,9.5,0,0,47.1,Medium
C0001861,51,3345,29740.15,664,8,2545.57,1,0,6.0,2,0,55.8,High
C0001862,27,4971,140470.94,638,22,1697.96,1,2,15.7,3,0,56.5,High
C0001863,62,5052,79417.67,615,8,2664.47,0,2,20.0,1,0,57.8,High
C0001864,56,3542,37459.96,665,6,3288.27,2,1,11.4,1,0,57.8,High
C0001865,46,4983,71979.45,648,13,1086.89,1,0,19.0,0,0,43.8,Medium
C0001866,44,83,117304.79,596,9,2358.48,1,0,14.4,0,0,56.2,High
C0001867,39,240,107036.53,674,7,2329.74,0,0,7.4,0,0,45.2,Medium
C0001868,51,5305,37223.23,724,9,4937.42,1,1,9.4,1,0,59.4,High
C0001869,37,868,12000.0,623,10,3800.39,0,1,8.5,1,0,67.0,High
C0001870,45,4374,77060.95,678,7,1754.25,2,0,12.9,3,0,42.4,Medium
C0001871,54,2538,38067.32,795,10,1668.19,1,0,11.9,1,0,37.7,Medium
C0001872,34,4733,87305.59,584,8,2424.74,0,0,6.4,3,0,62.6,High
C0001873,33,4001,104562.3,835,12,1059.82,2,1,1.1,0,0,45.7,Medium
C0001874,25,458,114392.17,639,8,1168.36,1,2,28.1,0,0,54.6,High
C0001875,27,2040,161861.6,705,8,1623.08,0,2,6.2,0,0,48.9,Medium
C0001876,18,4260,122379.97,786,8,467.85,1,2,3.7,1,0,57.5,High
C0001877,52,5531,162290.22,809,7,1156.24,1,0,12.7,0,0,39.9,Medium
C0001878,67,4833,132372.19,725,15,1772.68,0,0,4.1,2,0,57.4,High
C0001879,62,5354,138872.2,638,4,13195.18,1,0,12.2,0,0,49.4,Medium
C0001880,19,5741,60621.94,631,13,1447.41,0,0,7.2,0,0,43.0,Medium
C0001881,52,5368,30508.49,647,6,3379.08,2,0,6.6,1,0,67.5,High
C0001882,62,3495,242835.2,832,11,1934.22,1,0,9.6,2,0,40.7,Medium
C0001883,36,2036,64184.29,661,10,2928.33,1,1,8.6,1,0,53.9,High
C0001884,43,3063,121866.21,714,9,1088.53,0,0,24.9,1,0,35.5,Medium
C0001885,18,4780,45809.12,612,8,805.57,1,0,15.1,1,0,47.0,Medium
C0001886,46,2569,105350.38,603,13,5385.64,2,0,3.1,0,0,62.1,High
C0001887,27,4990,16157.83,692,13,926.73,2,0,3.4,0,0,52.3,High
C0001888,45,4216,49471.19,666,9,5770.82,5,0,9.0,1,0,54.8,High
C0001889,20,1279,58733.38,671,12,1728.59,1,2,4.7,2,0,54.5,High
C0001890,50,5527,79963.41,579,10,1285.14,0,0,7.3,1,0,57.9,High
C0001891,56,5082,111804.07,684,10,1572.7,0,4,8.1,2,0,71.4,High
C0001892,31,3610,33965.86,806,13,6233.08,1,0,12.3,2,0,27.4,Medium
C0001893,26,1188,89131.86,626,8,1397.14,1,1,8.7,2,0,59.3,High
C0001894,18,1386,121729.48,757,8,1716.17,3,0,6.9,1,0,55.7,High
C0001895,38,5041,225289.39,430,9,4146.92,1,1,10.9,1,0,92.7,Very High
C0001896,34,134,91448.85,630,9,2993.36,2,2,7.6,0,1,67.3,High
C0001897,20,2917,48154.09,547,17,8489.4,1,2,9.5,3,0,75.1,Very High
C0001898,48,3726,30804.59,783,7,4692.22,2,0,2.9,2,0,54.5,High
C0001899,36,1418,169558.1,756,7,1399.17,1,0,11.2,1,0,41.4,Medium
C0001900,27,5191,93006.79,612,12,5130.11,1,0,14.3,1,0,46.2,Medium
C0001901,34,3148,61255.14,712,9,630.67,1,2,5.2,0,0,54.3,High
C0001902,57,423,25437.75,780,6,3629.55,3,0,10.6,2,0,56.5,High
C0001903,50,1941,37150.72,792,7,1437.52,0,0,4.6,2,1,47.9,Medium
C0001904,40,2403,87738.48,660,5,3240.11,0,0,4.3,3,0,50.6,High
C0001905,51,1360,75319.76,524,10,7883.33,1,0,14.0,1,0,50.5,High
C0001906,26,5642,21256.27,623,6,742.82,1,1,19.6,0,0,54.5,High
C0001907,42,2182,87800.86,747,15,4008.24,4,1,7.6,2,0,65.0,High
C0001908,44,3025,26166.88,847,7,3798.26,4,0,7.0,0,0,52.0,High
C0001909,35,3225,130560.85,686,7,3379.13,1,0,6.9,0,0,62.7,High
C0001910,48,1347,69535.69,644,14,1163.39,1,1,7.5,2,0,74.3,High
C0001911,31,3420,48050.5,850,14,2075.66,1,1,11.7,0,0,36.7,Medium
C0001912,49,2141,106881.34,720,15,1176.42,1,0,5.4,3,0,56.0,High
C0001913,50,91,75305.94,598,13,2909.43,2,0,11.6,1,0,54.0,High
C0001914,18,2466,128489.16,681,13,942.38,4,0,9.4,3,0,74.7,High
C0001915,59,3515,64805.86,765,15,1655.71,3,0,6.1,2,0,63.0,High
C0001916,18,730,66919.14,685,12,3313.55,2,0,8.5,0,0,40.4,Medium
C0001917,33,4682,52997.6,750,5,1366.39,0,0,9.6,1,0,44.4,Medium
C0001918,56,3974,71648.08,570,8,1700.43,2,0,3.7,2,0,72.8,High
C0001919,38,1880,157749.35,582,13,1220.45,2,1,7.0,3,0,84.1,Very High
C0001920,21,3565,47021.93,635,12,2599.48,0,0,5.7,3,0,60.2,High
C0001921,27,1842,88544.9,669,12,2011.71,2,2,27.8,1,0,59.9,High
C0001922,56,3896,38202.1,715,10,1366.48,1,2,8.0,1,0,61.0,High
C0001923,18,949,19894.27,738,5,1460.11,1,0,7.4,3,0,47.8,Medium
C0001924,58,3676,69493.74,850,15,2438.1,1,0,11.8,2,0,28.9,Medium
C0001925,41,358,76009.43,635,11,1105.85,1,0,14.3,1,0,53.3,High
C0001926,25,129,58358.57,666,10,2137.57,3,2,3.3,2,0,69.3,High
C0001927,34,1548,27230.64,637,10,2247.97,1,0,7.3,1,0,57.3,High
C0001928,28,1071,73295.56,771,14,2434.98,0,1,9.0,1,1,64.0,High
C0001929,54,2959,71780.07,775,9,1558.58,0,0,6.6,0,0,42.5,Medium
C0001930,52,1018,38027.33,656,10,3260.12,2,0,5.0,1,0,54.2,High
C0001931,18,1489,29450.59,845,7,4110.32,2,0,2.8,2,0,39.1,Medium
C0001932,36,614,53964.21,637,11,3350.86,0,0,16.8,1,0,59.9,High
C0001933,30,5324,88787.46,767,7,2521.47,1,0,7.2,1,0,43.9,Medium
C0001934,60,4420,77967.69,799,14,870.47,1,0,15.9,2,0,46.9,Medium
C0001935,23,1329,38193.83,588,16,6537.7,1,1,14.0,1,0,55.7,High
C0001936,64,747,66849.46,733,7,2285.43,2,2,2.5,1,1,58.9,High
C0001937,42,5105,100993.27,486,8,2694.32,4,0,6.2,0,0,79.1,Very High
C0001938,26,4019,32530.18,752,9,1391.24,0,1,12.0,2,0,53.2,High
C0001939,33,5318,64191.44,607,11,1913.33,4,1,7.6,1,0,76.2,Very High
C0001940,31,1094,129533.16,733,10,4735.36,1,0,3.4,1,0,52.0,High
C0001941,24,2171,30750.97,747,9,3659.02,1,0,13.6,0,0,46.8,Medium
C0001942,43,736,117058.5,774,13,1797.01,3,0,2.2,0,0,49.8,Medium
C0001943,25,2557,151061.57,757,10,5938.42,3,0,5.0,0,1,55.3,High
C0001944,18,1000,54867.51,694,16,1141.6,0,0,5.7,2,0,50.1,High
C0001945,37,54,51340.49,661,10,737.79,1,1,8.4,0,0,66.7,High
C0001946,18,3065,109435.61,684,8,627.82,2,0,14.0,0,0,47.0,Medium
C0001947,31,5874,55967.03,606,14,3688.33,2,0,19.8,2,0,56.8,High
C0001948,29,3883,16994.92,674,13,1399.36,2,1,7.7,1,0,58.7,High
C0001949,30,4548,58721.0,668,9,2008.16,1,0,8.4,0,0,44.7,Medium
C0001950,70,4877,80306.98,631,7,4480.79,2,0,21.0,1,0,47.6,Medium
C0001951,43,5834,93147.15,559,11,2724.1,1,0,10.1,1,0,62.8,High
C0001952,45,797,38198.2,594,11,1017.63,1,0,23.7,2,0,69.4,High
C0001953,18,1527,53449.85,454,8,6322.93,1,3,10.9,0,0,86.7,Very High
C0001954,33,3708,106105.45,667,10,1820.86,2,0,14.2,1,0,56.8,High
C0001955,45,4931,59987.44,717,7,2111.81,1,0,2.4,2,0,50.7,High
C0001956,28,4649,26744.49,489,9,1384.2,1,0,8.9,1,0,81.0,Very High
C0001957,55,4373,122466.23,708,10,1065.33,2,1,18.5,0,0,42.8,Medium
C0001958,25,1895,55112.32,681,9,2555.36,1,0,3.2,0,0,44.1,Medium
C0001959,38,2208,112990.61,602,13,862.05,0,2,7.4,3,0,68.9,High
C0001960,34,505,28778.63,658,18,2084.34,0,1,13.1,0,0,54.7,High
C0001961,44,1903,58008.62,769,11,6165.48,0,0,11.0,1,0,32.4,Medium
C0001962,33,960,82063.16,617,16,3585.06,2,0,13.8,0,0,55.0,High
C0001963,38,5630,59098.45,696,7,2510.28,3,1,18.0,1,0,58.6,High
C0001964,39,576,32345.7,716,17,1077.41,0,2,20.9,1,0,59.9,High
C0001965,32,2199,16683.04,628,12,2114.88,0,0,13.1,2,0,42.9,Medium
C0001966,49,5326,143298.55,766,11,1311.3,2,1,4.4,0,0,54.9,High
C0001967,45,5736,71062.19,720,15,5617.58,1,0,13.5,1,0,53.1,High
C0001968,41,2278,117786.65,671,13,1616.72,1,2,7.3,1,0,75.2,Very High
C0001969,36,2808,103327.38,850,12,1319.92,2,1,9.0,0,0,31.6,Medium
C0001970,53,3154,86090.59,766,13,1909.7,2,0,9.6,1,0,39.2,Medium
C0001971,39,4938,51956.08,564,13,1323.58,1,1,19.5,0,0,57.0,High
C0001972,38,4619,81166.79,661,11,2564.16,1,0,15.8,0,0,40.2,Medium
C0001973,43,3158,136323.36,850,11,7187.08,2,0,3.8,3,0,52.7,High
C0001974,66,2247,64896.29,616,7,2210.28,2,0,9.7,1,0,64.9,High
C0001975,23,2253,176455.72,695,14,1207.62,0,0,8.1,0,0,46.3,Medium
C0001976,53,3905,27179.21,782,13,1985.25,1,1,8.2,1,0,49.7,Medium
C0001977,18,5016,25619.01,739,12,963.08,1,1,10.5,3,0,62.2,High
C0001978,45,487,106759.19,750,7,14242.44,1,4,11.3,0,0,41.0,Medium
C0001979,64,4619,39520.75,745,13,7092.48,1,1,3.2,1,0,55.0,High
C0001980,49,2901,190751.15,692,11,4948.18,1,0,3.9,2,0,57.4,High
C0001981,44,896,129369.43,631,15,3585.42,2,2,13.0,0,0,69.6,High
C0001982,34,606,148457.5,723,7,1975.64,1,0,18.0,2,0,36.0,Medium
C0001983,42,2042,100843.96,660,8,2004.19,1,1,8.6,0,0,55.6,High
C0001984,38,1512,37347.4,654,7,1906.38,3,1,7.0,0,1,57.7,High
C0001985,31,651,24890.76,801,10,10313.11,1,3,8.1,0,0,59.6,High
C0001986,38,1781,141110.95,661,9,1941.69,1,2,12.4,1,0,62.0,High
C0001987,45,5007,27177.02,818,9,1524.7,0,0,11.0,0,0,31.1,Medium
C0001988,31,4313,148238.36,709,9,2055.47,2,0,15.9,0,0,50.9,High
C0001989,31,1277,89606.02,678,14,3078.65,0,0,2.5,0,0,40.8,Medium
C0001990,23,4054,59453.56,554,8,228.76,1,1,13.7,2,0,78.7,Very High
C0001991,47,2726,79064.23,849,8,2840.89,1,0,16.0,1,0,42.4,Medium
C0001992,50,4490,80081.46,690,20,421.4,4,1,6.3,3,0,61.4,High
C0001993,45,1506,55468.13,520,6,5727.66,3,2,3.8,1,0,93.6,Very High
C0001994,56,398,135810.75,764,13,717.32,0,2,13.4,2,0,60.8,High
C0001995,43,1897,133273.69,686,16,1305.24,0,3,8.8,2,0,57.1,High
C0001996,47,5963,67541.82,620,11,632.79,4,1,10.7,0,0,63.8,High
C0001997,46,3348,44573.41,760,8,7092.15,0,1,19.7,1,0,34.7,Medium
C0001998,41,354,127155.29,499,10,2182.51,3,2,11.3,0,0,88.1,Very High
C0001999,35,5853,20383.51,636,7,9353.37,0,0,1.8,1,0,68.4,High
C0002000,73,4959,79144.5,668,10,8009.25,0,1,7.3,0,0,48.8,Medium
C0002001,36,3275,93121.09,754,13,4955.45,0,0,24.9,1,0,39.6,Medium
C0002002,33,4449,39312.43,850,11,884.57,0,0,12.3,3,0,38.8,Medium
C0002003,48,1133,105923.42,672,7,2449.83,3,1,17.9,2,0,59.0,High
C0002004,46,3562,61106.74,724,10,5346.78,1,1,8.7,0,1,46.2,Medium
C0002005,22,5480,45924.53,850,11,2832.6,0,0,11.0,2,1,33.2,Medium
C0002006,58,2649,105309.88,690,15,1729.89,0,2,5.9,1,0,58.0,High
C0002007,41,262,34124.24,725,7,2764.77,2,3,3.9,2,1,61.7,High
C0002008,26,4550,100002.05,597,14,2943.1,2,2,8.0,0,0,68.4,High
C0002009,59,4388,20839.37,837,6,842.2,2,0,7.8,1,0,42.9,Medium
C0002010,51,4446,72549.7,637,6,1521.96,2,2,4.2,2,0,72.8,High
C0002011,24,3901,63513.25,710,9,3363.55,1,0,11.1,1,0,64.3,High
C0002012,67,848,46076.44,708,15,3883.79,3,1,5.7,2,0,57.8,High
C0002013,51,713,76817.16,696,10,2577.08,0,0,11.2,2,0,60.2,High
C0002014,42,4762,59345.17,657,5,1687.65,0,2,3.1,1,0,64.7,High
C0002015,64,5135,110743.53,708,10,1941.92,1,0,6.2,2,0,51.8,High
C0002016,44,498,84370.47,822,10,1347.36,5,1,32.8,1,0,66.7,High
C0002017,42,3498,79528.56,850,16,2056.11,1,0,3.7,1,0,39.5,Medium
C0002018,33,3018,72795.78,677,10,3822.89,0,0,8.3,1,0,41.1,Medium
C0002019,50,2119,47819.95,656,8,10663.01,0,3,7.3,2,0,67.5,High
C0002020,49,3881,52517.29,629,9,1005.71,3,1,19.3,0,0,71.8,High
C0002021,42,5487,71069.13,850,11,5012.09,3,3,4.9,1,1,59.5,High
C0002022,31,4935,56361.52,700,7,2821.53,3,0,14.7,0,0,58.2,High
C0002023,44,943,114255.07,774,9,776.98,1,2,7.8,1,0,49.4,Medium
C0002024,41,2794,65269.97,742,12,2064.64,0,2,17.5,0,0,45.3,Medium
C0002025,23,5616,76242.27,850,20,1954.56,2,0,11.9,0,0,30.4,Medium
C0002026,21,1444,28664.47,671,11,2197.69,0,1,13.1,1,0,46.8,Medium
C0002027,50,5128,104158.21,607,10,4347.12,3,0,8.5,1,0,70.1,High
C0002028,18,2959,45037.2,829,11,7941.69,1,1,1.6,1,0,50.0,Medium
C0002029,45,3142,34941.49,758,8,5105.18,0,2,10.6,3,0,48.1,Medium
C0002030,35,1523,153321.45,724,14,2526.37,1,1,22.8,0,0,42.0,Medium
C0002031,60,5518,90996.97,805,12,2715.56,4,0,22.2,0,0,54.3,High
C0002032,35,3186,106116.45,728,5,8497.55,1,0,11.3,3,0,43.9,Medium
C0002033,51,3461,79607.42,808,7,1105.5,1,0,7.6,1,0,35.0,Medium
C0002034,36,2791,58903.56,708,14,4932.32,6,0,7.7,0,0,53.8,High
C0002035,44,563,53162.44,758,15,1043.65,6,0,12.4,1,0,57.1,High
C0002036,52,4689,95168.12,729,10,816.2,0,2,18.7,0,0,46.1,Medium
C0002037,36,1991,115586.58,666,10,3315.86,1,1,7.9,1,1,64.4,High
C0002038,56,1463,59717.99,675,9,749.01,0,2,9.0,3,0,60.2,High
C0002039,28,4698,193839.98,661,16,1704.25,0,0,14.5,0,0,51.8,High
C0002040,46,1223,55623.69,710,6,5374.84,1,1,17.1,2,0,44.8,Medium
C0002041,55,4106,28801.57,656,12,1214.62,5,2,13.3,1,0,68.0,High
C0002042,51,2860,24053.89,723,12,7073.57,4,0,2.7,3,0,54.4,High
C0002043,69,4805,24504.53,720,10,507.15,1,1,3.0,0,0,57.2,High
C0002044,31,331,49379.63,705,8,4337.21,1,0,7.2,2,0,48.7,Medium
C0002045,23,4654,54572.19,707,9,894.74,1,1,6.2,1,0,69.9,High
C0002046,28,1399,90248.25,648,7,1938.95,3,0,5.7,0,0,76.1,Very High
C0002047,51,5227,61032.1,669,5,2531.19,0,1,19.4,2,0,57.1,High
C0002048,49,2141,98591.84,565,13,1831.18,0,1,8.8,0,0,50.4,High
C0002049,43,71,63549.9,681,6,1861.23,4,0,6.9,1,1,62.7,High
C0002050,26,2941,62462.8,616,14,856.79,3,1,16.1,2,0,70.3,High
C0002051,53,356,45127.92,697,6,5518.98,2,1,13.0,3,0,61.9,High
C0002052,25,1638,135579.48,636,9,989.14,2,2,4.3,1,0,54.8,High
C0002053,58,4308,26704.12,536,12,988.56,1,1,14.0,1,0,62.0,High
C0002054,82,3376,73175.09,850,6,2065.26,1,0,8.4,0,0,25.7,Medium
C0002055,47,4261,56105.1,673,9,1398.67,2,0,7.5,3,0,59.8,High
C0002056,50,5274,95306.63,799,9,3794.44,1,1,15.7,0,0,42.6,Medium
C0002057,35,2823,61293.77,650,5,1555.25,4,1,12.2,2,0,73.7,High
C0002058,18,3276,62295.45,817,7,2198.32,1,1,15.6,0,0,33.3,Medium
C0002059,34,377,53542.87,604,8,2369.97,1,0,15.4,3,0,63.0,High
C0002060,27,1742,133409.78,703,14,4143.03,1,0,13.1,1,0,49.7,Medium
C0002061,22,4353,62082.09,608,13,1561.21,1,1,4.7,1,0,61.1,High
C0002062,66,400,183175.1,850,15,742.15,0,0,21.3,0,0,29.5,Medium
C0002063,46,2174,72014.7,671,7,1299.79,1,2,7.8,2,0,71.9,High
C0002064,47,845,62746.47,752,15,4607.6,1,0,2.9,1,0,40.8,Medium
C0002065,38,5148,57237.23,724,14,2758.53,2,2,16.5,0,0,49.6,Medium
C0002066,40,3380,84560.75,688,13,1729.25,2,0,6.7,0,0,53.4,High
C0002067,56,3877,44858.72,729,14,2289.16,3,0,17.8,2,0,60.6,High
C0002068,42,4111,67174.43,792,3,1851.13,0,0,9.5,1,0,34.3,Medium
C0002069,49,1369,62278.09,740,5,3670.97,1,0,13.9,1,0,55.9,High
C0002070,39,326,74144.85,702,6,2739.62,2,1,16.1,1,0,64.7,High
C0002071,37,2404,75162.4,729,14,1835.25,0,1,9.4,2,0,38.3,Medium
C0002072,22,1137,77341.57,834,12,3994.57,0,1,7.2,3,1,44.2,Medium
C0002073,18,1952,65322.2,659,10,4727.43,0,0,3.2,1,0,53.1,High
C0002074,38,1934,146944.26,551,7,1210.32,2,0,3.3,0,0,63.1,High
C0002075,43,4698,78221.71,608,5,1224.79,4,2,8.9,1,0,77.3,Very High
C0002076,24,1939,259933.76,613,8,10476.18,2,0,4.7,1,0,68.1,High
C0002077,42,933,63723.45,624,9,3304.91,4,3,13.0,0,0,75.0,High
C0002078,43,5751,105060.53,626,14,6511.2,1,1,3.6,2,0,73.9,High
C0002079,18,322,41587.82,688,15,3929.44,5,0,7.0,0,0,57.4,High
C0002080,29,1246,133963.65,709,8,2965.62,2,1,3.8,1,0,59.0,High
C0002081,48,2103,42088.65,708,17,548.6,3,1,11.0,1,0,59.8,High
C0002082,47,403,79667.94,635,11,994.72,2,1,13.6,0,0,53.9,High
C0002083,26,5399,53608.06,765,8,3357.4,4,0,8.9,1,0,43.7,Medium
C0002084,44,2137,79498.54,730,11,1221.71,0,3,11.3,0,0,55.5,High
C0002085,56,4700,54488.87,809,14,1997.88,4,0,10.3,1,0,45.1,Medium
C0002086,53,832,40166.98,754,4,3975.63,2,0,3.9,0,0,37.6,Medium
C0002087,41,3144,53397.22,664,7,2402.77,1,0,6.9,0,0,52.4,High
C0002088,35,785,144749.33,788,16,2850.98,0,0,29.0,2,0,29.8,Medium
C0002089,33,1412,80168.95,711,11,5422.88,1,1,2.7,0,0,53.6,High
C0002090,49,2462,30516.48,750,15,5783.41,2,2,5.8,1,0,65.0,High
C0002091,45,5180,113249.67,744,6,2120.93,1,1,18.0,2,0,46.8,Medium
C0002092,51,1859,37970.2,681,19,5035.57,2,1,8.1,1,0,69.4,High
C0002093,44,4536,93315.11,698,19,1178.12,1,0,6.3,1,0,53.9,High
C0002094,53,577,84046.92,680,8,2549.43,0,1,14.6,2,0,55.0,High
C0002095,43,1531,87017.14,626,10,3178.37,0,0,6.6,1,0,41.2,Medium
C0002096,53,3637,171809.86,529,10,2054.32,1,1,1.5,2,0,72.7,High
C0002097,54,2825,39306.18,638,11,1904.32,3,2,6.9,0,0,73.9,High
C0002098,31,3025,86753.56,705,11,1062.73,1,0,4.5,1,0,51.4,High
C0002099,18,4079,123953.7,771,9,2149.72,2,0,10.3,0,0,36.6,Medium
C0002100,64,490,43523.3,750,4,773.33,0,0,16.3,3,0,39.1,Medium
C0002101,46,4181,41139.55,669,5,2017.56,2,0,20.2,0,0,59.8,High
C0002102,18,5180,52941.17,639,5,2287.95,2,2,3.8,1,1,70.5,High
C0002103,32,4603,74123.87,677,7,3571.04,0,1,6.6,2,0,59.9,High
C0002104,53,1729,28541.88,617,12,1024.15,2,1,7.2,1,0,73.8,High
C0002105,38,2125,83965.46,531,9,2743.89,0,0,13.4,1,0,64.5,High
C0002106,35,5769,28574.7,574,9,3185.99,3,0,9.4,0,0,69.9,High
C0002107,62,4746,126275.54,793,8,2168.68,1,3,8.2,0,0,47.2,Medium
C0002108,27,5591,82245.29,829,9,2942.57,1,1,14.9,2,0,48.9,Medium
C0002109,31,5483,177569.36,747,7,2621.85,1,1,6.2,2,0,48.7,Medium
C0002110,45,2621,89565.07,686,9,405.76,4,0,6.9,1,0,68.0,High
C0002111,47,802,52431.95,586,12,1208.13,1,1,12.7,2,0,73.2,High
C0002112,49,1394,39959.32,678,7,8857.35,1,1,9.2,2,0,63.3,High
C0002113,55,1786,70705.58,736,8,3369.88,0,0,9.1,1,1,45.3,Medium
C0002114,45,5014,60976.99,752,9,1487.97,0,2,14.0,0,0,37.7,Medium
C0002115,49,1679,119046.1,742,7,2792.02,1,2,6.4,1,0,65.5,High
C0002116,38,2186,37203.17,781,15,3492.42,0,0,19.3,1,0,39.6,Medium
C0002117,43,5112,188411.89,836,10,5990.57,1,0,7.2,0,0,27.2,Medium
C0002118,44,1006,124993.5,660,12,1708.13,0,0,7.3,0,0,47.5,Medium
C0002119,45,3991,55434.18,850,6,1493.38,4,0,4.3,1,0,47.6,Medium
C0002120,53,3323,166656.68,539,9,1591.89,1,0,6.2,0,0,71.3,High
C0002121,50,5907,40302.52,632,11,1517.48,1,1,9.9,1,0,48.3,Medium
C0002122,43,2951,69422.34,705,14,1484.68,3,0,13.3,1,0,56.4,High
C0002123,31,3141,30724.96,731,11,2484.97,2,2,9.8,0,0,57.5,High
C0002124,43,5104,171185.45,676,14,1673.26,0,0,5.4,1,0,44.3,Medium
C0002125,42,5950,25054.96,653,9,2112.99,1,0,7.3,2,0,62.6,High
C0002126,45,4383,28075.34,850,12,7429.74,1,0,4.0,3,0,41.2,Medium
C0002127,73,4197,43730.34,649,9,1180.37,1,1,10.5,0,0,61.2,High
C0002128,35,5260,128305.28,614,11,2738.47,1,2,8.9,1,0,61.4,High
C0002129,48,5878,104825.71,817,11,1051.6,0,0,15.7,0,0,34.0,Medium
C0002130,57,4416,66304.8,754,7,4018.93,0,2,4.4,2,0,57.3,High
C0002131,43,1775,108586.14,772,15,4553.05,0,1,17.7,2,0,38.4,Medium
C0002132,75,3863,58186.7,705,7,1251.66,0,1,3.9,0,0,46.4,Medium
C0002133,37,1440,78215.69,587,16,1399.54,0,2,12.6,0,0,55.1,High
C0002134,47,3016,153789.34,696,13,3393.36,2,0,20.6,1,0,43.5,Medium
C0002135,31,2683,54135.71,576,14,1840.51,2,0,5.4,0,0,61.5,High
C0002136,37,5925,40675.64,708,6,5526.8,3,1,7.8,0,0,59.0,High
C0002137,45,3339,80305.56,739,10,1007.29,3,1,4.6,1,0,62.8,High
C0002138,54,5756,93156.91,771,8,4430.62,0,0,5.5,1,0,43.5,Medium
C0002139,46,4854,65883.01,683,6,9420.13,2,0,2.3,1,0,64.0,High
C0002140,60,5097,107661.72,746,6,2838.61,0,0,4.7,2,0,42.1,Medium
C0002141,41,1040,55503.27,622,12,1454.23,2,0,5.2,0,0,52.0,High
C0002142,37,4658,66505.5,762,11,1327.56,0,0,19.7,2,0,31.3,Medium
C0002143,80,1531,76183.93,741,6,1980.09,0,1,5.5,1,0,55.7,High
C0002144,48,3478,72615.83,630,7,3414.04,3,0,16.3,5,0,55.6,High
C0002145,32,2932,150570.86,730,10,833.29,3,0,5.3,0,0,60.9,High
C0002146,32,1580,75973.94,772,9,1798.76,2,0,7.7,1,0,38.3,Medium
C0002147,29,5909,52456.71,696,10,2396.49,2,0,10.1,0,0,53.5,High
C0002148,55,5256,82890.82,628,7,6041.56,1,1,12.8,1,0,69.7,High
C0002149,37,3458,107986.08,703,8,7378.45,3,1,2.9,1,0,64.2,High
C0002150,44,94,94913.3,731,7,2019.63,1,1,5.2,3,0,58.1,High
C0002151,41,1124,92063.5,628,11,1070.39,0,1,14.4,1,0,50.2,High
C0002152,52,1387,27199.72,614,8,2409.82,2,1,6.5,0,0,67.5,High
C0002153,30,5832,15740.74,729,11,2466.58,0,1,17.0,0,0,47.5,Medium
C0002154,27,2440,125027.02,752,7,4756.15,1,1,8.3,0,0,61.7,High
C0002155,45,309,78925.63,850,15,1648.82,1,0,19.9,1,0,30.7,Medium
C0002156,50,3529,61268.56,740,8,1156.74,0,1,26.2,0,0,58.0,High
C0002157,47,5704,90831.54,599,9,2183.41,2,0,20.4,1,0,52.2,High
C0002158,31,3378,178958.66,843,10,1763.65,1,2,9.8,0,1,44.6,Medium
C0002159,51,2680,134905.77,769,6,1733.5,1,1,7.1,0,0,43.8,Medium
C0002160,32,1079,105251.81,540,8,1251.15,0,1,10.3,0,0,63.1,High
C0002161,35,5276,38070.33,613,15,972.79,2,0,4.3,1,0,55.5,High
C0002162,29,655,40890.57,653,9,3271.31,1,2,20.6,3,0,69.1,High
C0002163,60,5603,16686.7,753,7,2611.86,3,0,3.5,0,0,61.0,High
C0002164,51,1357,87844.38,512,7,1304.94,3,1,9.8,2,0,84.4,Very High
C0002165,50,854,114077.65,681,8,3748.73,1,1,21.8,0,0,54.9,High
C0002166,59,2111,119310.85,749,12,664.16,0,0,11.2,0,0,33.0,Medium
C0002167,81,59,89893.1,477,11,1687.52,2,0,5.7,1,0,69.7,High
C0002168,18,113,56962.75,746,8,2530.55,1,0,8.4,0,1,49.6,Medium
C0002169,32,1143,45457.68,755,14,4520.21,2,0,8.3,2,0,52.7,High
C0002170,33,4163,39377.07,627,12,1533.23,2,0,9.3,1,0,70.7,High
C0002171,30,4892,56670.33,604,10,4568.03,3,0,15.9,0,0,66.0,High
C0002172,27,1508,36209.81,625,11,1440.27,4,3,13.7,2,1,67.2,High
C0002173,38,3877,162862.96,490,4,3752.44,0,1,2.8,5,0,79.3,Very High
C0002174,25,2127,30290.38,666,7,6565.73,0,1,15.8,2,0,61.9,High
C0002175,47,2614,55631.81,706,7,1148.54,0,1,6.0,0,0,44.4,Medium
C0002176,43,2029,21374.83,599,4,2427.57,1,0,2.6,1,0,63.3,High
C0002177,49,5351,72983.95,763,11,3126.33,3,1,14.2,3,0,50.8,High
C0002178,49,3085,61918.77,698,8,979.9,1,2,11.9,0,0,62.9,High
C0002179,50,3052,50952.8,710,19,2914.14,2,1,3.2,1,0,58.2,High
C0002180,37,5163,37118.06,660,13,1522.4,2,0,7.5,1,0,59.6,High
C0002181,72,3953,62084.01,746,5,1271.96,2,2,6.8,1,0,59.5,High
C0002182,45,921,45955.84,787,12,1670.8,1,0,5.4,2,0,47.5,Medium
C0002183,18,1157,57504.15,659,7,1593.61,1,0,10.1,1,0,47.9,Medium
C0002184,28,2064,181947.99,747,12,3702.12,1,1,12.4,2,0,58.0,High
C0002185,18,614,68158.23,748,10,2198.7,2,0,11.6,2,0,53.7,High
C0002186,42,4161,83113.85,721,10,9879.18,3,0,7.6,1,0,58.6,High
C0002187,40,2987,48022.94,816,7,1552.71,2,0,6.9,0,0,45.4,Medium
C0002188,35,294,40273.55,636,12,2993.61,2,1,23.8,1,0,59.8,High
C0002189,70,2420,61222.06,658,15,1994.76,1,1,14.4,2,0,62.5,High
C0002190,50,4984,245744.82,632,9,959.77,0,3,4.3,2,0,66.2,High
C0002191,52,5445,52934.17,744,6,6185.72,1,1,4.4,0,0,59.0,High
C0002192,29,5772,75635.46,670,7,2377.8,2,1,9.2,0,0,42.0,Medium
C0002193,28,5537,39311.43,638,9,1324.23,0,0,9.0,2,0,58.1,High
C0002194,43,3657,13622.66,815,12,2852.97,2,1,16.2,0,0,39.4,Medium
C0002195,44,5565,40154.2,826,6,4306.71,0,1,10.4,0,0,50.8,High
C0002196,18,5740,229642.7,665,12,1267.06,5,0,7.6,0,0,67.0,High
C0002197,39,3822,86021.65,587,9,2273.19,0,1,10.0,1,0,67.4,High
C0002198,42,2495,152878.38,830,7,4326.15,3,0,11.4,1,0,32.2,Medium
C0002199,39,5797,51207.56,725,10,2449.19,0,2,14.0,0,0,42.3,Medium
C0002200,31,2507,16960.33,722,7,3153.99,0,0,8.4,2,0,47.2,Medium
C0002201,34,1023,33694.83,698,3,1853.03,2,0,12.2,1,0,59.1,High
C0002202,40,664,77130.44,630,12,791.43,2,2,3.3,1,0,69.3,High
C0002203,43,3417,70655.93,659,10,1867.86,2,2,7.5,1,0,75.7,Very High
C0002204,50,241,61645.57,741,13,1528.13,1,1,6.6,1,0,52.2,High
C0002205,57,738,46316.46,656,7,2049.51,3,1,9.5,1,0,82.0,Very High
C0002206,38,1489,103957.07,722,12,1539.05,4,1,5.4,2,1,63.0,High
C0002207,36,3193,47058.6,691,10,2457.5,0,0,9.5,0,0,54.9,High
C0002208,48,2884,73437.42,611,13,1756.09,1,0,10.1,2,0,64.5,High
C0002209,51,3081,69031.63,812,13,3721.81,2,1,5.2,3,0,53.7,High
C0002210,36,3060,50625.63,735,11,3282.62,1,1,5.0,1,0,48.9,Medium
C0002211,53,5965,38184.19,715,8,1206.32,2,0,6.0,0,0,54.2,High
C0002212,56,1328,49013.85,732,9,4978.97,3,0,6.5,2,0,51.3,High
C0002213,60,2860,173751.54,556,10,1374.84,2,0,16.3,2,0,67.8,High
C0002214,67,3688,114317.62,653,4,1059.34,1,1,15.0,1,0,48.1,Medium
C0002215,30,1665,108673.52,575,10,4368.58,0,0,19.2,1,0,62.4,High
C0002216,42,1111,40228.65,699,6,1496.99,2,0,9.8,1,0,51.6,High
C0002217,42,308,28117.87,714,13,2344.43,1,0,15.6,4,0,59.5,High
C0002218,41,1977,113318.93,701,12,952.54,0,0,10.5,0,0,50.3,High
C0002219,33,1547,101977.93,778,11,1734.18,1,0,12.4,2,0,50.9,High
C0002220,21,1198,66861.37,578,17,2041.06,0,2,31.1,0,0,53.2,High
C0002221,43,1649,50568.93,630,8,1704.55,2,0,7.6,0,0,70.1,High
C0002222,31,4189,27714.75,721,10,1575.36,1,1,4.5,1,0,58.8,High
C0002223,43,4970,99903.49,710,11,2259.38,0,2,11.4,0,0,42.8,Medium
C0002224,31,3113,119045.85,591,5,4186.98,2,0,6.4,1,0,64.9,High
C0002225,27,427,42675.87,780,7,1192.92,0,3,6.4,3,1,57.3,High
C0002226,45,4424,40760.14,806,10,425.54,2,0,3.2,0,0,45.2,Medium
C0002227,44,937,122697.07,722,7,4924.12,1,0,8.0,1,1,63.6,High
C0002228,50,371,43558.68,577,11,1434.12,3,0,7.9,1,1,64.6,High
C0002229,73,3423,164945.89,702,12,1515.77,1,0,17.2,0,0,45.0,Medium
C0002230,46,2569,58390.66,716,13,1543.37,0,1,9.9,3,0,50.9,High
C0002231,49,1891,50125.28,670,12,927.77,1,0,5.5,2,0,55.0,High
C0002232,27,5802,63557.42,791,13,1701.94,2,0,8.6,2,1,60.2,High
C0002233,24,574,50123.35,681,8,1834.15,0,1,8.5,0,0,52.2,High
C0002234,64,350,115186.34,848,16,2919.37,2,0,10.8,3,0,48.4,Medium
C0002235,29,3537,100920.19,749,12,1541.05,3,3,6.3,1,1,70.6,High
C0002236,27,2527,112797.35,711,8,450.03,1,1,5.8,1,0,57.3,High
C0002237,41,4815,68622.48,759,8,922.36,1,0,16.7,3,0,53.3,High
C0002238,41,271,48237.63,805,10,4542.71,1,0,15.3,0,0,40.7,Medium
C0002239,29,2533,61691.69,757,11,1274.25,1,0,5.7,2,0,49.6,Medium
C0002240,38,905,49057.9,684,2,3136.91,1,1,7.6,2,0,56.6,High
C0002241,59,275,138901.14,641,5,1383.64,2,0,8.3,0,0,59.6,High
C0002242,31,2791,107596.16,606,7,3731.45,1,1,25.6,0,0,60.2,High
C0002243,22,4417,58956.31,507,4,2346.35,2,2,2.8,1,0,79.6,Very High
C0002244,55,970,37247.07,703,12,856.49,1,0,9.0,1,0,51.2,High
C0002245,49,5058,144690.39,661,9,1027.72,1,0,11.7,2,0,53.0,High
C0002246,33,3126,66840.6,665,7,835.35,2,0,5.4,1,0,56.9,High
C0002247,20,2898,57716.45,767,10,3981.11,2,1,14.6,0,0,48.5,Medium
C0002248,32,5538,145393.43,682,10,970.69,3,0,25.0,0,0,61.1,High
C0002249,41,1995,46836.49,832,10,1730.55,2,0,5.1,2,0,46.2,Medium
C0002250,58,1226,52025.01,647,12,2088.17,0,0,22.5,2,0,56.1,High
C0002251,27,4724,54610.0,617,5,2541.51,2,1,1.4,0,0,73.1,High
C0002252,41,669,30054.77,596,13,1630.34,0,1,9.1,3,0,75.6,Very High
C0002253,51,5236,73757.95,744,14,790.07,2,1,13.8,2,0,50.3,High
C0002254,18,4956,40765.85,776,10,1004.05,1,1,22.1,2,0,42.7,Medium
C0002255,56,5862,45296.85,645,8,1110.35,0,1,8.6,2,0,63.7,High
C0002256,25,2777,42085.15,610,13,393.41,4,2,14.2,1,0,81.7,Very High
C0002257,47,3744,44891.38,805,9,2912.43,3,0,8.4,0,0,51.0,High
C0002258,45,5299,39084.71,581,13,3055.64,4,0,13.7,3,0,75.7,Very High
C0002259,57,815,71029.99,766,16,1096.13,1,2,11.1,1,0,66.5,High
C0002260,50,1857,56914.96,647,9,5136.66,0,0,12.6,0,0,55.3,High
C0002261,18,2846,63658.88,720,10,2052.99,1,0,7.1,1,0,55.2,High
C0002262,31,3776,226267.48,771,10,3816.47,1,0,2.5,0,0,35.2,Medium
C0002263,44,4084,56915.96,726,10,3642.94,0,2,15.6,4,0,51.9,High
C0002264,39,5542,86475.02,668,6,2016.28,2,0,9.6,0,0,43.8,Medium
C0002265,49,2951,92060.56,795,8,588.25,2,0,11.2,0,0,36.7,Medium
C0002266,53,1055,59893.22,712,12,2503.86,1,2,15.5,0,0,60.4,High
C0002267,51,1163,72076.2,850,7,3097.59,0,0,7.1,2,0,28.6,Medium
C0002268,39,4810,62709.84,562,13,1439.5,2,0,19.1,0,0,64.6,High
C0002269,18,2782,69306.69,561,11,2442.42,3,2,5.7,1,1,76.2,Very High
C0002270,36,3800,44905.05,765,10,2159.38,1,1,12.4,1,0,49.4,Medium
C0002271,48,3390,47243.65,688,8,1183.91,0,0,7.6,2,0,46.4,Medium
C0002272,27,4883,62579.74,749,13,2061.71,3,2,10.2,2,0,65.1,High
C0002273,51,1334,20959.4,608,9,1580.07,1,0,4.5,0,0,52.8,High
C0002274,55,1049,141171.35,694,11,2807.38,1,0,7.5,0,0,46.4,Medium
C0002275,44,4409,203487.85,724,14,1499.23,1,0,8.9,0,0,37.0,Medium
C0002276,18,2621,68089.77,649,14,1385.24,0,2,6.6,3,0,56.8,High
C0002277,24,4900,89401.94,707,14,758.76,1,0,7.6,1,0,49.8,Medium
C0002278,68,799,112360.91,588,2,9231.75,1,1,5.2,1,0,63.8,High
C0002279,34,1653,29921.16,720,7,1639.33,0,0,12.7,1,0,36.1,Medium
C0002280,18,5761,103305.15,798,15,1055.09,1,0,18.7,0,0,31.8,Medium
C0002281,59,5066,49037.85,597,12,3256.79,0,0,9.6,0,0,41.7,Medium
C0002282,42,404,218553.91,593,10,2484.22,0,0,4.0,1,0,54.6,High
C0002283,57,4906,55901.52,779,9,3141.77,0,0,2.6,1,0,41.6,Medium
C0002284,46,420,102169.64,591,5,3365.64,2,0,5.0,0,0,60.5,High
C0002285,48,748,56205.09,753,13,4488.64,1,2,4.8,2,0,51.4,High
C0002286,47,5391,207538.2,694,17,1101.16,0,1,9.8,2,0,48.0,Medium
C0002287,52,782,46774.67,659,12,2419.91,2,1,13.1,1,0,66.1,High
C0002288,74,1825,117675.78,800,7,788.27,2,0,2.3,1,0,36.8,Medium
C0002289,56,838,87514.74,760,21,1802.35,2,0,16.8,1,0,38.7,Medium
C0002290,20,3594,77440.11,711,15,3402.06,2,0,6.2,1,0,48.1,Medium
C0002291,48,371,70322.26,529,3,1229.45,2,0,4.5,0,0,78.0,Very High
C0002292,58,1746,42960.35,743,6,9379.47,1,0,4.6,0,0,57.0,High
C0002293,59,1978,14951.38,610,12,2225.93,1,0,15.2,0,0,62.0,High
C0002294,36,3903,111949.74,673,7,678.24,1,0,5.3,2,0,53.4,High
C0002295,58,2994,47383.44,691,4,3479.4,1,2,8.5,1,0,63.6,High
C0002296,55,1179,117968.13,832,10,9314.6,2,1,25.3,2,0,41.8,Medium
C0002297,78,2801,75231.36,671,4,514.16,1,0,8.0,1,0,51.5,High
C0002298,31,2769,119974.07,583,16,3500.28,2,0,8.9,2,1,74.1,High
C0002299,35,2141,96368.1,800,9,1156.48,0,1,6.7,0,0,28.4,Medium
C0002300,38,3214,15983.42,744,10,2124.07,0,0,11.2,1,0,47.1,Medium
C0002301,35,1977,86949.46,747,11,939.41,2,2,11.2,0,0,59.0,High
C0002302,30,2021,51321.66,802,8,3831.41,0,0,17.2,1,0,28.2,Medium
C0002303,18,4706,117670.76,819,9,1788.69,3,0,11.0,0,0,38.0,Medium
C0002304,36,1532,85823.98,623,7,4677.24,3,1,17.8,1,0,61.6,High
C0002305,47,1994,86380.97,586,10,1126.6,2,2,15.3,2,0,79.9,Very High
C0002306,35,867,53378.12,753,10,1923.56,0,3,5.7,1,0,56.5,High
C0002307,69,4197,37532.27,670,7,488.95,1,1,9.9,1,0,50.2,High
C0002308,42,4245,48864.28,677,15,11905.11,1,0,4.7,0,0,56.4,High
C0002309,60,4078,23039.12,606,3,7661.7,2,2,12.5,2,0,68.3,High
C0002310,46,1034,44810.63,734,11,9070.08,1,0,0.8,2,0,44.3,Medium
C0002311,54,2725,27711.48,720,10,5959.43,0,1,27.4,0,0,46.4,Medium
C0002312,46,1773,28117.07,678,15,1498.36,3,4,5.8,3,0,83.4,Very High
C0002313,61,4589,66101.92,586,15,2137.77,2,1,5.9,0,1,68.1,High
C0002314,43,2041,83167.89,781,11,2658.85,3,0,10.7,0,0,58.7,High
C0002315,49,2513,60925.27,709,12,2806.26,0,1,3.5,2,0,52.2,High
C0002316,47,2742,47124.81,774,11,1079.37,0,1,4.4,0,0,35.3,Medium
C0002317,38,4571,36820.69,532,12,1044.65,1,1,8.4,0,0,72.8,High
C0002318,48,4224,52074.65,694,11,922.52,1,2,3.9,0,0,67.0,High
C0002319,73,4925,39445.17,636,9,1667.31,0,1,6.2,0,0,62.1,High
C0002320,38,2584,59894.07,693,11,1786.92,2,1,1.6,3,0,69.1,High
C0002321,48,4923,26850.7,761,10,1639.22,0,0,15.4,2,0,34.7,Medium
C0002322,60,5230,91182.14,718,5,2590.24,1,1,21.7,2,0,40.4,Medium
C0002323,58,3157,45388.89,691,11,895.46,0,1,19.8,0,0,45.9,Medium
C0002324,42,4088,76254.44,691,17,1262.52,3,1,8.3,2,1,57.5,High
C0002325,18,5460,100998.58,573,11,1342.12,4,2,11.5,2,1,79.2,Very High
C0002326,49,5035,74251.9,622,9,3746.33,0,2,15.0,3,0,63.0,High
C0002327,18,1680,96221.62,774,5,2501.34,2,0,4.3,2,0,57.5,High
C0002328,63,4306,19895.29,652,10,2740.9,1,1,11.2,2,0,67.0,High
C0002329,44,2692,47278.86,776,15,1198.89,0,1,9.1,3,0,35.9,Medium
C0002330,56,917,113729.92,752,8,2258.68,0,1,5.4,2,0,55.8,High
C0002331,29,2249,82040.3,756,5,1329.88,0,0,10.3,2,0,42.0,Medium
C0002332,20,5868,171363.87,715,13,1359.8,1,0,3.4,1,0,46.8,Medium
C0002333,46,5748,158308.18,657,11,2797.38,0,0,6.0,0,0,51.0,High
C0002334,42,4725,73105.97,679,7,1444.81,0,0,13.1,0,0,42.6,Medium
C0002335,35,5942,53976.36,738,20,2054.17,3,3,6.8,0,1,59.3,High
C0002336,43,3449,36597.98,531,9,1846.01,3,0,9.3,3,0,80.7,Very High
C0002337,81,4552,47724.25,783,7,1025.53,0,0,10.5,1,0,42.1,Medium
C0002338,54,1016,49530.99,652,11,1511.47,1,1,11.2,0,1,62.2,High
C0002339,57,1813,44739.08,684,14,1527.27,1,1,11.0,0,0,52.4,High
C0002340,54,1060,37414.14,684,10,1716.63,1,1,8.0,1,0,71.4,High
C0002341,63,5627,77323.78,687,9,681.52,5,1,29.2,2,0,68.4,High
C0002342,39,3697,157635.63,591,8,1369.47,1,0,6.5,3,0,64.5,High
C0002343,18,5597,103588.43,701,11,3979.53,1,0,22.3,3,0,57.5,High
C0002344,39,2514,51925.15,735,12,2923.44,1,0,15.2,1,0,37.5,Medium
C0002345,53,2438,108294.05,537,12,1696.91,3,1,5.3,1,1,71.3,High
C0002346,28,4064,75022.82,592,8,1021.86,1,0,7.7,2,0,65.1,High
C0002347,40,3420,60627.4,757,9,2348.36,0,1,8.5,0,0,28.8,Medium
C0002348,32,2253,58581.38,743,9,4126.58,1,1,2.0,0,0,47.8,Medium
C0002349,63,1926,55543.55,712,16,5897.54,3,0,6.1,0,0,58.2,High
C0002350,52,3091,88696.53,639,12,1564.96,2,0,22.8,0,0,61.9,High
C0002351,51,480,66950.46,744,8,1104.51,1,0,6.9,2,0,48.0,Medium
C0002352,51,1152,41533.56,600,11,3008.98,3,0,12.0,2,0,77.3,Very High
C0002353,41,291,40441.87,680,15,2778.41,2,0,10.6,1,0,46.1,Medium
C0002354,45,956,73360.2,592,9,2214.97,4,1,14.2,1,0,75.4,Very High
C0002355,25,1216,78483.83,678,7,1455.83,0,2,3.8,0,0,63.9,High
C0002356,18,481,52191.07,613,10,939.61,2,2,11.2,1,1,80.0,Very High
C0002357,44,361,33265.85,747,10,3410.79,0,0,14.8,0,0,34.6,Medium
C0002358,47,4923,123367.19,722,9,3940.1,2,0,3.7,1,0,60.6,High
C0002359,59,1120,109767.77,647,5,1741.02,1,2,7.8,1,0,75.9,Very High
C0002360,64,3345,20781.79,772,12,6687.96,2,1,3.9,2,0,49.4,Medium
C0002361,64,618,129529.03,618,6,2565.11,1,2,15.0,1,0,69.8,High
C0002362,28,5684,55268.2,687,13,1963.51,0,0,6.1,1,0,44.9,Medium
C0002363,37,1456,68829.15,644,6,1019.79,0,0,7.8,2,0,54.1,High
C0002364,49,4504,115949.77,746,8,728.44,3,0,8.4,0,1,61.1,High
C0002365,77,3857,153858.1,738,12,1577.25,4,2,22.3,0,1,51.0,High
C0002366,63,4619,107631.17,788,10,2795.88,2,0,4.2,2,0,51.0,High
C0002367,58,3786,70788.83,696,14,10027.05,1,0,12.6,1,0,43.5,Medium
C0002368,37,3069,29094.0,468,11,2298.77,1,1,5.6,0,0,93.7,Very High
C0002369,30,4639,20342.39,658,11,3233.05,0,0,8.2,0,0,47.2,Medium
C0002370,53,4898,100496.39,807,9,1284.98,1,0,4.2,1,1,42.2,Medium
C0002371,27,2298,129703.5,666,6,2519.55,1,1,13.0,1,0,62.5,High
C0002372,39,5654,39609.92,546,14,2314.38,1,1,5.4,1,0,68.0,High
C0002373,40,5925,53450.47,724,11,1189.94,1,0,8.4,2,0,46.6,Medium
C0002374,64,4338,45633.32,729,11,5250.25,2,0,16.6,3,0,56.2,High
C0002375,37,5575,44969.72,635,7,2016.42,2,1,4.7,3,0,76.9,Very High
C0002376,18,660,111984.79,671,13,4512.91,1,0,6.7,0,1,47.7,Medium
C0002377,49,3255,69912.16,626,8,2213.84,1,1,17.9,1,0,57.8,High
C0002378,32,3916,54657.49,729,9,1773.67,0,3,11.5,3,0,61.0,High
C0002379,43,5568,267406.61,694,14,1323.96,1,0,7.3,0,0,55.4,High
C0002380,41,748,28168.46,603,11,1751.94,2,1,10.4,2,0,68.3,High
C0002381,38,4842,83804.4,689,11,5700.26,1,1,14.4,0,0,45.6,Medium
C0002382,53,491,34820.15,635,12,1226.69,2,1,16.7,1,0,52.3,High
C0002383,21,2167,56857.27,800,8,3392.5,0,1,13.1,3,0,38.2,Medium
C0002384,35,4166,67281.51,757,9,1797.13,2,0,8.1,1,0,52.4,High
C0002385,52,1767,98658.27,681,8,3227.24,0,1,11.5,2,0,54.3,High
C0002386,33,5013,53703.83,696,13,2516.64,0,0,4.8,1,0,48.1,Medium
C0002387,19,5585,50668.93,766,7,924.8,0,0,7.3,0,0,38.4,Medium
C0002388,51,978,53177.62,677,14,2450.17,1,1,16.0,1,0,56.2,High
C0002389,58,1570,34231.98,747,10,8990.65,2,1,4.1,1,0,59.3,High
C0002390,41,472,87786.24,801,17,2686.71,2,0,8.8,0,0,34.9,Medium
C0002391,18,4269,72375.53,653,11,4019.06,2,1,10.7,0,0,45.2,Medium
C0002392,52,5322,78765.66,813,8,2668.87,3,0,11.0,1,0,42.6,Medium
C0002393,19,3621,59673.36,792,13,3672.25,1,1,16.4,1,0,36.2,Medium
C0002394,46,819,55759.71,709,7,1379.52,1,0,10.8,1,0,39.7,Medium
C0002395,30,1067,118358.08,657,16,2033.03,3,1,10.7,0,0,62.0,High
C0002396,26,239,108757.1,708,8,3898.17,1,0,8.6,4,0,47.3,Medium
C0002397,36,2955,134999.99,672,3,1752.16,3,1,9.5,2,0,79.1,Very High
C0002398,39,4334,76100.99,631,9,4416.57,1,0,7.7,1,0,54.9,High
C0002399,33,925,130464.3,730,12,1145.86,3,2,4.3,2,0,63.0,High
C0002400,50,5090,49317.99,613,9,2285.73,4,2,13.2,3,0,94.7,Very High
C0002401,36,1538,55515.7,665,5,1859.28,3,0,0.8,0,0,68.6,High
C0002402,56,3101,119634.33,666,11,12223.21,2,2,9.9,0,0,63.3,High
C0002403,46,4015,98594.57,588,6,1707.61,3,0,12.1,1,0,62.9,High
C0002404,32,3253,52846.25,739,9,2891.0,2,2,20.8,1,0,52.2,High
C0002405,30,2882,34872.28,673,13,602.93,0,0,23.3,0,0,51.3,High
C0002406,19,2041,55420.75,787,10,1029.81,2,0,12.6,1,0,41.7,Medium
C0002407,46,2597,42540.51,672,13,2683.71,1,1,6.7,4,0,67.1,High
C0002408,37,1453,160070.01,660,14,1853.23,2,2,9.7,3,0,72.6,High
C0002409,18,1788,94175.19,622,8,1876.55,1,1,10.1,1,0,68.0,High
C0002410,34,4538,40685.71,693,9,1781.08,0,1,18.6,0,0,43.3,Medium
C0002411,29,5299,34896.6,693,8,1950.7,2,0,6.1,1,0,66.6,High
C0002412,64,5100,40409.39,746,11,723.24,0,2,9.7,1,0,46.2,Medium
C0002413,18,2005,45594.2,695,12,2079.35,1,1,5.1,3,0,69.9,High
C0002414,22,1947,56568.32,847,12,1907.72,2,1,12.9,2,0,45.7,Medium
C0002415,58,378,114449.65,724,12,4400.28,0,0,7.5,0,0,43.7,Medium
C0002416,61,1664,36435.74,616,10,3785.97,1,0,2.9,1,0,62.6,High
C0002417,32,3525,218411.28,610,11,349.86,2,0,6.0,1,0,67.8,High
C0002418,33,1628,36903.97,730,7,1364.71,2,0,24.5,1,0,51.7,High
C0002419,51,4408,28564.31,614,9,7098.07,0,0,5.6,1,0,71.6,High
C0002420,18,332,156914.65,735,8,3964.2,1,1,8.0,1,0,42.4,Medium
C0002421,18,2488,128229.93,757,10,3026.83,4,0,14.8,0,0,50.5,High
C0002422,38,1708,56083.55,759,14,1586.74,3,0,1.2,3,1,59.0,High
C0002423,64,2980,76467.6,625,9,3559.15,1,1,3.0,0,0,71.2,High
C0002424,36,183,77536.39,759,11,821.61,1,1,9.2,3,0,48.5,Medium
C0002425,43,2530,66841.64,714,16,1522.88,4,0,23.7,2,0,56.0,High
C0002426,58,4736,30388.69,644,18,2752.75,1,2,14.0,0,0,72.4,High
C0002427,71,5146,15832.3,678,12,3265.47,3,0,5.6,0,0,56.8,High
C0002428,34,1557,38959.98,725,12,2532.27,1,1,3.3,0,0,44.6,Medium
C0002429,42,2589,168345.65,640,7,2841.35,2,0,5.8,1,0,75.3,Very High
C0002430,68,4150,172020.18,713,14,2447.77,0,0,8.5,0,0,29.3,Medium
C0002431,21,2798,53684.49,798,12,1792.38,1,0,15.7,1,0,34.6,Medium
C0002432,56,3272,36607.53,762,7,5258.84,1,0,8.7,2,0,52.1,High
C0002433,28,2068,72247.74,696,16,7328.97,1,1,4.3,2,0,61.0,High
C0002434,43,5029,78931.0,708,4,2128.55,1,2,20.4,1,0,52.3,High
C0002435,39,3800,86274.16,650,16,1024.84,0,1,17.5,3,0,47.2,Medium
C0002436,29,5763,15444.74,652,7,1888.45,0,0,19.8,2,0,50.8,High
C0002437,28,4685,352094.74,575,9,2327.76,1,1,8.6,0,0,58.3,High
C0002438,46,2222,115583.76,709,11,523.07,1,0,3.6,2,0,52.5,High
C0002439,56,1987,55607.01,741,4,5251.25,0,0,23.8,1,0,33.2,Medium
C0002440,40,557,41761.37,685,11,1452.91,1,0,12.6,0,0,46.2,Medium
C0002441,43,3746,106714.02,624,12,1285.37,1,1,12.3,0,1,55.8,High
C0002442,50,4505,81418.41,695,12,1764.29,0,1,12.5,0,0,58.1,High
C0002443,28,2144,65223.22,791,19,1617.97,0,2,7.6,3,0,67.6,High
C0002444,52,157,79775.66,757,11,2282.56,1,0,10.8,3,0,44.8,Medium
C0002445,53,4958,58272.98,688,11,3675.66,3,1,5.2,2,0,76.2,Very High
C0002446,78,1361,77335.93,844,11,5040.8,1,0,20.1,2,0,26.0,Medium
C0002447,37,3506,92446.86,850,7,3677.77,2,1,2.7,0,0,50.5,High
C0002448,36,347,74885.38,654,12,1192.02,2,0,17.7,2,0,60.2,High
C0002449,53,404,72758.19,672,10,2049.47,3,0,5.8,0,0,48.1,Medium
C0002450,53,5391,133380.7,742,7,2354.89,1,1,14.2,0,0,41.1,Medium
C0002451,35,4044,25757.49,622,9,2686.24,2,2,14.3,3,0,68.7,High
C0002452,36,61,39976.79,754,8,3023.72,3,1,14.7,1,0,56.0,High
C0002453,50,630,62912.37,698,10,2314.11,3,1,11.0,0,0,60.5,High
C0002454,30,2971,41500.57,718,8,2079.82,1,1,13.8,0,0,45.5,Medium
C0002455,36,4091,49864.86,647,10,3976.63,1,1,6.4,1,0,52.6,High
C0002456,43,2561,125887.97,631,11,2018.07,0,1,15.3,1,0,41.9,Medium
C0002457,56,5240,57122.63,541,4,4097.87,2,2,10.2,0,0,71.9,High
C0002458,34,3926,22670.59,801,11,3732.95,1,0,6.0,0,0,38.2,Medium
C0002459,18,3697,49121.48,761,6,5656.12,0,1,11.5,0,0,53.3,High
C0002460,18,1759,64013.67,741,7,2534.5,0,1,6.8,2,0,50.2,High
C0002461,24,4101,63368.29,716,9,5622.95,1,0,13.0,2,0,44.8,Medium
C0002462,24,5245,84179.8,517,13,1806.13,2,0,8.1,1,0,82.4,Very High
C0002463,40,322,80483.17,634,12,2754.15,3,0,9.0,2,0,69.5,High
C0002464,25,4414,57442.25,671,8,3617.26,2,2,16.0,4,0,67.2,High
C0002465,32,5282,32167.69,609,12,1140.56,2,1,10.7,2,0,55.9,High
C0002466,31,2610,48642.99,563,6,1704.3,1,1,19.6,1,0,58.7,High
C0002467,36,4602,44018.38,617,14,1425.24,2,0,2.4,1,0,64.7,High
C0002468,61,2167,53001.88,694,10,2119.16,1,0,11.7,0,0,45.3,Medium
C0002469,51,1181,90674.58,694,3,1556.13,0,0,2.3,1,0,53.5,High
C0002470,42,4900,77431.28,758,13,2357.76,0,2,3.5,1,0,52.9,High
C0002471,36,1887,97547.31,845,7,2091.32,1,1,1.5,0,0,24.1,Low
C0002472,36,4549,50193.65,741,13,1834.6,1,0,21.1,0,0,38.4,Medium
C0002473,47,1912,142128.67,677,11,2426.57,0,1,10.1,2,0,57.1,High
C0002474,50,2412,89765.04,825,6,1411.86,3,0,2.5,2,0,59.2,High
C0002475,29,4120,65947.8,571,13,1256.13,1,2,11.1,3,1,63.6,High
C0002476,43,2067,86398.91,534,12,1012.93,1,1,15.4,1,0,62.6,High
C0002477,18,4852,42754.15,623,7,688.17,0,0,14.6,1,0,54.8,High
C0002478,45,262,19439.74,751,10,1414.32,2,0,1.9,1,0,44.0,Medium
C0002479,53,99,44409.41,703,14,3122.67,1,0,15.8,0,0,49.4,Medium
C0002480,38,517,93525.65,605,10,1934.69,1,1,17.5,0,0,60.0,High
C0002481,67,1559,64796.6,635,7,2217.49,2,0,18.8,1,0,61.8,High
C0002482,30,351,57505.2,597,15,1691.14,0,1,7.2,2,0,80.6,Very High
C0002483,45,2302,38893.31,597,9,7724.52,3,0,13.2,2,0,65.9,High
C0002484,41,175,21145.56,806,8,2449.94,1,0,2.6,1,0,39.0,Medium
C0002485,41,4544,135747.9,679,10,1520.15,1,0,15.8,3,0,61.2,High
C0002486,40,942,55301.07,823,10,1106.84,0,1,18.8,0,0,46.4,Medium
C0002487,43,5833,48954.36,623,17,6699.51,1,1,2.5,1,0,69.9,High
C0002488,54,5147,42851.0,727,9,884.46,3,0,23.5,2,0,59.8,High
C0002489,61,4175,123608.8,707,11,1312.41,3,0,9.3,1,0,55.5,High
C0002490,42,4795,100672.97,756,9,1312.91,0,1,5.9,3,0,53.6,High
C0002491,53,4656,36421.26,709,10,2150.93,3,0,8.0,2,1,56.9,High
C0002492,32,5078,117640.46,764,12,2771.09,2,1,13.3,3,1,44.1,Medium
C0002493,53,3345,57245.31,732,11,2300.08,2,3,7.9,0,0,60.8,High
C0002494,31,3754,44315.57,608,5,1735.74,2,3,6.4,0,0,75.1,Very High
C0002495,57,2830,52754.42,745,10,887.18,1,0,4.4,1,0,46.0,Medium
C0002496,73,3755,40298.77,682,12,7354.13,6,1,4.3,1,0,83.1,Very High
C0002497,40,2306,29983.64,632,21,2613.4,3,2,7.2,1,1,77.6,Very High
C0002498,18,769,95012.31,742,13,3181.67,1,0,5.1,2,0,53.0,High
C0002499,34,5588,54912.81,759,13,1417.72,0,0,4.0,3,0,42.2,Medium
C0002500,59,4202,87060.18,654,10,1813.65,2,1,8.3,2,1,64.9,High
C0002501,50,4238,72609.93,664,11,4715.3,1,0,15.3,0,0,46.4,Medium
C0002502,45,1701,83833.44,586,10,524.7,1,0,3.7,0,0,59.6,High
C0002503,56,4631,20122.56,555,12,3613.7,2,0,12.5,2,0,67.5,High
C0002504,49,3129,38490.68,672,10,1873.66,0,0,8.1,1,0,52.0,High
C0002505,59,487,84799.11,749,10,2883.05,1,0,13.8,1,0,44.4,Medium
C0002506,55,5729,30752.69,647,14,6492.48,4,2,11.4,3,1,71.0,High
C0002507,63,5950,76120.7,797,9,1612.65,0,2,5.6,1,0,46.7,Medium
C0002508,47,5227,28853.95,675,10,379.9,2,1,12.1,2,1,65.5,High
C0002509,55,2865,62563.28,675,8,1082.28,3,1,11.4,1,0,67.7,High
C0002510,38,1422,150299.37,668,14,2218.56,0,1,15.8,1,0,44.0,Medium
C0002511,34,95,94932.34,764,13,6426.13,0,2,8.7,0,0,46.4,Medium
C0002512,66,4427,22403.72,618,11,1709.41,0,0,17.9,1,0,41.1,Medium
C0002513,45,5348,98863.36,680,5,6017.58,1,1,9.9,1,0,51.9,High
C0002514,53,651,168909.9,649,8,485.52,0,1,4.3,0,0,55.4,High
C0002515,44,4115,288730.35,648,12,1585.87,2,0,20.2,2,0,61.8,High
C0002516,34,189,80513.59,693,7,4319.28,1,1,5.7,0,0,60.3,High
C0002517,42,4666,29274.11,682,5,4063.2,3,1,10.4,2,0,59.2,High
C0002518,62,198,78744.41,769,5,617.68,3,2,5.2,0,0,60.4,High
C0002519,50,5852,149150.05,689,8,1274.34,1,0,4.6,2,0,52.3,High
C0002520,18,1046,55937.55,732,8,2010.74,0,0,13.4,2,0,45.7,Medium
C0002521,39,2419,110040.04,703,6,1428.74,1,0,3.6,0,0,46.7,Medium
C0002522,67,4178,39069.92,795,9,4704.38,0,0,8.6,2,0,33.3,Medium
C0002523,39,5082,76090.9,667,11,2218.49,1,2,10.1,2,0,71.2,High
C0002524,18,2198,15766.16,668,13,860.38,1,0,21.8,5,0,61.0,High
C0002525,69,5883,36761.46,746,8,2968.05,3,0,8.5,1,0,58.4,High
C0002526,52,125,61791.64,666,7,3072.06,2,4,10.8,2,0,80.7,Very High
C0002527,41,2844,50769.11,727,14,1042.32,1,0,11.4,1,0,44.1,Medium
C0002528,37,5928,30319.61,850,7,1232.83,3,0,18.1,4,0,45.6,Medium
C0002529,57,1666,47102.38,617,11,1385.23,1,1,6.3,2,0,61.2,High
C0002530,34,3214,74324.8,805,7,5348.08,0,1,15.4,0,0,41.4,Medium
C0002531,58,2683,59128.27,653,8,2077.31,2,0,3.5,1,1,71.8,High
C0002532,50,2381,64113.19,790,18,523.29,1,1,4.6,0,0,51.9,High
C0002533,45,4613,92732.34,741,7,1006.26,1,0,9.9,1,0,48.2,Medium
C0002534,44,3127,51336.14,735,10,3503.53,0,1,9.4,0,0,38.2,Medium
C0002535,40,4291,130932.54,679,10,1687.28,0,0,11.2,1,0,45.1,Medium
C0002536,57,3134,35982.59,671,6,990.69,2,3,10.4,0,0,68.5,High
C0002537,30,5984,179026.85,636,12,1720.25,0,2,13.0,0,0,67.1,High
C0002538,19,2837,114354.77,690,12,4163.31,2,0,7.8,1,0,57.5,High
C0002539,51,4782,50975.01,676,9,9051.54,5,1,21.6,3,0,70.5,High
C0002540,51,3689,52879.15,704,9,2118.65,2,0,11.0,2,0,49.3,Medium
C0002541,49,4814,69466.11,584,10,3024.34,0,0,4.6,0,0,58.1,High
C0002542,48,5317,86177.01,692,6,2061.29,0,0,6.4,0,0,50.4,High
C0002543,38,1382,113197.71,785,8,2536.47,3,0,5.4,0,0,53.0,High
C0002544,53,1831,29660.29,761,15,1205.87,0,0,10.9,1,0,40.8,Medium
C0002545,41,1830,78864.23,692,7,5627.8,4,0,3.4,3,0,60.7,High
C0002546,35,2937,19356.95,850,7,1633.13,1,0,12.4,3,0,47.4,Medium
C0002547,38,2966,56239.49,647,11,1076.6,2,2,3.9,1,0,74.0,High
C0002548,70,51,137935.51,683,8,1334.45,1,2,11.9,1,0,55.4,High
C0002549,18,5375,28430.13,581,10,3389.52,2,1,14.9,2,0,79.7,Very High
C0002550,49,5163,25727.32,660,15,1396.79,0,1,13.9,2,0,64.0,High
C0002551,18,3618,70005.35,824,13,5896.16,0,0,6.1,1,0,37.6,Medium
C0002552,40,1856,132982.88,663,8,3333.99,1,1,24.2,1,0,49.9,Medium
C0002553,36,4964,74150.88,575,10,3851.42,2,1,8.2,1,0,67.9,High
C0002554,18,1649,21749.58,755,6,1675.81,0,0,3.6,1,0,43.1,Medium
C0002555,47,1855,24567.24,719,10,1468.9,3,1,17.5,1,0,42.2,Medium
C0002556,37,5985,65424.38,752,12,2247.59,0,1,8.4,0,0,47.1,Medium
C0002557,18,5545,32412.72,668,7,1016.95,2,0,8.5,1,0,57.7,High
C0002558,54,3518,66840.68,614,10,2990.75,1,1,6.1,1,0,61.8,High
C0002559,62,1040,69056.96,676,7,3993.53,1,0,8.1,1,0,48.9,Medium
C0002560,63,764,47359.52,732,12,1403.04,0,1,16.4,1,0,50.7,High
C0002561,47,5786,168216.06,685,10,3444.59,1,0,15.5,2,1,44.8,Medium
C0002562,43,1615,85789.05,719,4,2596.02,1,0,15.2,1,0,51.1,High
C0002563,61,4098,120724.29,650,4,4544.96,0,0,15.3,2,0,50.2,High
C0002564,66,2138,102868.8,722,7,6403.23,5,0,10.5,1,0,67.1,High
C0002565,58,2995,57088.0,690,14,3656.81,2,0,7.3,0,0,47.4,Medium
C0002566,29,5916,55711.6,637,8,2120.97,0,0,6.5,0,0,60.5,High
C0002567,45,3569,52638.27,700,8,4817.27,0,0,6.7,0,0,44.5,Medium
C0002568,48,2600,90173.95,661,9,2268.7,3,2,11.9,1,0,70.0,High
C0002569,18,2511,43355.5,736,12,1851.23,1,0,7.9,2,1,40.2,Medium
C0002570,49,1403,160116.63,755,11,1480.09,1,1,10.2,1,0,54.5,High
C0002571,74,3352,41136.93,728,7,2344.33,2,0,12.6,0,0,46.7,Medium
C0002572,51,3431,69762.43,567,8,4228.33,1,2,8.8,1,0,66.5,High
C0002573,63,597,54660.42,618,12,1125.24,3,0,10.9,1,0,83.6,Very High
C0002574,45,2446,48385.4,642,14,982.51,2,0,3.3,1,0,74.0,High
C0002575,41,3879,204777.73,630,12,995.28,0,0,1.3,2,0,46.5,Medium
C0002576,47,358,48698.81,649,9,4274.56,1,1,15.2,0,0,53.9,High
C0002577,31,5858,52433.08,759,9,2849.97,4,3,2.6,1,0,55.5,High
C0002578,29,5169,43028.42,742,9,5736.59,2,0,5.4,2,0,47.4,Medium
C0002579,60,3832,63415.4,658,4,1570.05,0,2,4.7,2,0,52.1,High
C0002580,61,123,58639.93,734,1,993.72,0,1,4.8,1,0,48.7,Medium
C0002581,28,3122,33499.99,715,8,6052.66,3,2,13.4,1,0,50.7,High
C0002582,56,5393,49093.71,688,13,1363.99,0,0,8.0,1,0,56.2,High
C0002583,41,165,86700.7,776,7,3413.6,1,0,7.9,3,0,42.1,Medium
C0002584,47,4757,109068.61,640,14,924.24,0,0,8.9,0,0,57.7,High
C0002585,48,5041,62823.85,694,7,2474.31,2,0,6.7,1,0,62.3,High
C0002586,56,482,64044.72,611,8,1978.66,1,1,4.2,0,0,80.3,Very High
C0002587,43,1405,50835.1,615,11,871.87,3,0,12.9,0,0,65.3,High
C0002588,62,4349,47030.27,588,15,7524.92,2,1,4.4,1,1,71.9,High
C0002589,46,5472,37388.73,616,14,1234.96,6,0,2.0,0,0,68.4,High
C0002590,51,4632,26337.06,696,10,1197.91,0,1,15.2,1,0,49.8,Medium
C0002591,30,3168,42131.21,667,15,1437.82,1,0,11.1,1,0,48.8,Medium
C0002592,72,3625,101937.87,670,10,533.68,2,2,21.7,1,0,62.3,High
C0002593,49,3162,49092.44,668,14,1778.56,1,0,5.9,1,0,54.6,High
C0002594,52,3478,51255.56,823,13,1438.07,0,1,8.8,1,0,37.6,Medium
C0002595,19,4630,50709.72,605,10,4193.19,2,0,10.0,1,0,52.4,High
C0002596,30,326,122943.34,597,10,2701.52,0,2,6.7,1,0,74.3,High
C0002597,59,1280,37208.01,627,5,965.01,0,0,2.4,1,0,62.5,High
C0002598,46,385,72205.32,685,10,1438.75,1,0,17.7,0,0,49.6,Medium
C0002599,18,4783,59708.72,729,11,8932.32,2,3,12.8,1,0,61.7,High
C0002600,57,4371,64360.12,736,10,1216.21,0,1,6.1,0,0,51.9,High
C0002601,34,347,70918.2,761,8,3757.51,1,0,26.0,2,1,40.1,Medium
C0002602,62,660,63980.29,682,9,1413.95,1,3,22.5,1,0,71.5,High
C0002603,41,1611,95899.08,660,12,1146.23,1,2,12.0,0,0,60.1,High
C0002604,45,1473,61010.31,813,10,1546.88,2,1,4.0,2,0,56.3,High
C0002605,59,3130,161829.19,481,6,5721.41,1,0,17.8,1,0,69.0,High
C0002606,29,3008,63535.47,695,16,847.62,2,2,5.8,1,0,61.9,High
C0002607,28,2165,24293.96,722,10,3371.08,2,1,26.9,2,0,51.9,High
C0002608,39,1010,88076.44,831,7,4860.26,0,0,8.1,1,0,35.0,Medium
C0002609,54,3906,76921.67,565,13,1536.75,1,1,4.7,0,0,56.7,High
C0002610,23,4745,63119.78,658,11,4206.04,1,1,18.5,2,0,65.0,High
C0002611,19,3852,53751.42,588,10,3801.38,1,1,4.2,0,0,59.6,High
C0002612,54,4850,19377.14,555,11,1302.37,1,0,7.7,2,0,61.5,High
C0002613,34,5486,21250.28,675,13,1186.59,2,0,20.2,3,0,53.2,High
C0002614,37,5057,153433.92,752,13,1990.49,0,1,12.4,1,0,45.6,Medium
C0002615,18,3919,44930.1,780,11,2360.25,0,1,20.2,1,0,38.1,Medium
C0002616,32,325,105448.81,650,11,1730.0,2,1,11.8,1,1,64.3,High
C0002617,42,2027,25673.67,740,11,3176.37,1,1,4.7,0,0,46.8,Medium
C0002618,55,2584,34860.78,675,9,1330.43,0,0,14.6,2,0,60.3,High
C0002619,31,4283,90051.97,732,10,1216.41,1,3,16.8,1,0,54.4,High
C0002620,65,5086,58601.41,777,15,2205.65,1,3,12.9,0,0,54.6,High
C0002621,32,3852,83333.56,675,9,2552.24,1,0,4.5,1,1,40.8,Medium
C0002622,32,2198,61536.87,771,11,5161.41,0,1,4.5,2,0,36.7,Medium
C0002623,64,4732,55307.85,599,16,2955.8,2,0,16.5,0,0,52.9,High
C0002624,45,4184,42653.54,739,8,3488.87,2,2,2.3,0,0,53.7,High
C0002625,34,4794,32150.66,768,7,1758.04,2,0,2.8,1,0,48.2,Medium
C0002626,40,3547,134104.6,760,6,1765.79,1,1,16.7,0,0,50.9,High
C0002627,61,3890,146812.23,601,7,1455.5,1,1,3.1,2,0,54.2,High
C0002628,63,2102,35017.49,675,14,2477.57,0,0,10.8,1,0,52.3,High
C0002629,31,2417,33780.74,713,12,2418.36,4,0,12.1,1,0,53.7,High
C0002630,41,1680,51206.13,723,10,2342.93,5,2,10.2,1,0,65.6,High
C0002631,43,1563,74766.78,699,7,1928.54,2,0,6.0,0,0,67.8,High
C0002632,28,3926,56099.92,797,9,2139.87,2,4,6.9,0,1,59.3,High
C0002633,41,2320,81603.36,593,8,6458.61,0,0,12.2,1,0,53.2,High
C0002634,42,827,60343.15,672,11,2629.44,0,0,0.6,0,0,42.9,Medium
C0002635,58,239,58211.75,563,18,3214.51,0,0,8.7,1,0,65.0,High
C0002636,59,5164,233767.65,737,6,2983.88,3,1,23.7,2,0,47.1,Medium
C0002637,37,2628,46445.18,732,10,1964.45,1,3,3.2,0,0,48.7,Medium
C0002638,39,3471,152796.23,850,10,3118.73,3,0,10.1,3,0,37.0,Medium
C0002639,51,5431,137401.74,767,11,2229.96,2,0,12.8,2,0,43.2,Medium
C0002640,34,695,81808.88,715,9,976.06,4,0,19.4,1,0,64.6,High
C0002641,50,5626,21493.74,709,8,1508.39,2,1,24.6,2,0,58.5,High
C0002642,41,4230,63068.16,666,17,8038.4,3,1,11.9,1,0,57.9,High
C0002643,28,3851,46714.39,700,20,4696.86,3,1,7.3,0,0,64.1,High
C0002644,29,2603,62688.89,711,10,1811.57,1,0,5.9,0,0,38.9,Medium
C0002645,62,4246,34553.29,543,14,3411.53,1,1,19.4,2,0,55.8,High
C0002646,40,1248,93979.46,705,16,2536.05,1,0,15.1,2,0,60.5,High
C0002647,65,1833,106577.9,698,7,6829.57,2,1,2.8,2,0,74.8,High
C0002648,35,5767,117995.65,822,14,2022.28,0,0,32.0,2,0,23.4,Low
C0002649,46,1676,50246.26,680,5,2545.6,0,2,11.4,2,0,49.4,Medium
C0002650,75,4326,34620.66,633,16,1310.44,2,0,11.0,0,1,60.3,High
C0002651,27,5583,75230.68,710,16,2015.97,0,2,3.9,0,0,56.0,High
C0002652,18,3570,162873.73,696,7,370.35,3,0,2.9,0,0,55.0,High
C0002653,60,1807,64411.92,680,7,2604.57,3,0,7.4,2,0,56.1,High
C0002654,30,5097,79511.19,594,8,4223.86,0,0,8.9,1,0,64.3,High
C0002655,42,4962,54485.06,678,6,6608.84,2,1,10.3,1,0,62.1,High
C0002656,34,3276,47003.67,647,10,3007.44,4,1,6.4,1,0,68.2,High
C0002657,46,716,89048.94,674,11,1734.9,2,1,6.2,0,0,52.7,High
C0002658,29,2665,58486.6,745,8,1289.84,2,1,6.7,1,0,55.3,High
C0002659,39,2606,77406.6,639,12,1615.28,1,3,21.2,2,0,58.3,High
C0002660,48,1160,81962.61,673,12,778.37,1,0,15.9,1,0,55.7,High
C0002661,28,2430,75058.56,731,9,1867.81,3,0,27.3,2,0,57.7,High
C0002662,32,945,84264.01,670,11,991.82,0,2,4.2,1,0,70.9,High
C0002663,37,4164,38782.97,850,12,1492.21,1,0,28.8,0,0,20.4,Low
C0002664,22,2608,37502.9,709,11,1926.37,2,1,7.6,2,0,54.7,High
C0002665,36,4391,60563.51,597,10,2725.22,2,1,11.0,0,0,67.1,High
C0002666,44,2752,61370.28,627,7,752.18,2,2,13.8,1,0,76.9,Very High
C0002667,36,4291,46518.81,620,11,1760.21,0,0,7.1,0,0,52.7,High
C0002668,38,4407,70787.65,628,13,3436.22,1,1,4.7,2,0,62.7,High
C0002669,42,986,102171.62,730,4,5464.62,2,0,17.0,0,0,30.8,Medium
C0002670,33,2669,119136.03,607,8,2096.23,2,1,10.2,4,0,77.5,Very High
C0002671,52,4507,134811.62,665,5,9176.39,1,0,12.2,2,0,45.7,Medium
C0002672,62,3571,30084.0,776,5,3468.24,0,0,14.6,0,0,35.5,Medium
C0002673,35,1353,32703.6,651,13,2289.98,1,2,3.4,1,0,61.0,High
C0002674,49,5000,52869.65,740,6,4936.63,1,0,8.3,1,0,54.6,High
C0002675,39,1223,64799.12,564,11,1582.25,1,0,6.5,1,0,62.0,High
C0002676,47,5960,54380.44,662,13,1113.32,1,1,13.7,0,0,55.0,High
C0002677,64,4249,45749.59,624,8,4023.79,0,2,13.8,1,0,60.6,High
C0002678,49,1955,52441.82,712,6,3106.18,1,2,8.1,1,0,53.7,High
C0002679,18,1191,80879.22,612,8,4337.12,0,0,1.4,0,0,67.5,High
C0002680,48,5414,29839.77,845,11,4272.5,2,0,13.6,2,0,72.5,High
C0002681,59,3155,224973.1,567,7,8126.73,3,0,9.3,0,0,61.6,High
C0002682,39,4842,62720.03,775,12,856.44,2,0,9.1,0,1,42.1,Medium
C0002683,56,4995,110509.39,756,13,1747.24,1,1,10.7,2,0,45.2,Medium
C0002684,32,435,45066.16,713,7,1824.56,1,1,8.9,0,1,53.1,High
C0002685,21,4112,85031.92,694,3,4696.5,3,0,20.6,2,0,57.5,High
C0002686,44,2024,65508.8,829,6,2803.15,2,1,22.2,3,0,50.6,High
C0002687,18,5449,99323.18,850,6,4708.37,1,0,8.9,2,0,27.9,Medium
C0002688,39,1337,55583.07,674,4,2644.54,0,0,10.9,1,0,55.4,High
C0002689,60,230,145546.31,702,12,2173.74,2,1,9.5,2,0,45.8,Medium
C0002690,18,3996,27289.55,649,7,3424.39,2,0,8.9,0,0,61.4,High
C0002691,24,3325,104510.76,602,10,2607.24,4,1,2.6,1,1,71.8,High
C0002692,28,3345,66183.44,725,14,2834.31,1,0,15.5,1,0,36.1,Medium
C0002693,41,1601,35412.14,709,13,3360.83,3,1,6.5,1,1,63.2,High
C0002694,37,2984,181411.99,569,5,2916.52,0,0,7.2,1,0,56.2,High
C0002695,62,5786,171385.97,724,6,4167.18,2,0,18.5,1,0,58.3,High
C0002696,55,4588,19816.31,711,11,2275.34,3,1,18.9,1,0,61.0,High
C0002697,49,5909,68331.15,645,14,2456.41,3,0,8.5,0,0,58.6,High
C0002698,44,2019,91400.3,640,8,1147.82,1,0,15.6,1,0,50.8,High
C0002699,48,5225,79049.33,722,9,4168.08,0,0,3.1,1,0,46.0,Medium
C0002700,30,2315,142690.17,811,11,6691.29,1,0,11.5,0,0,50.1,High
C0002701,54,5615,127272.74,720,13,681.87,3,0,11.7,0,0,40.2,Medium
C0002702,26,5197,71735.62,749,12,3337.04,3,3,21.0,0,1,49.1,Medium
C0002703,54,1012,216922.77,628,5,2000.86,2,0,20.0,1,0,67.4,High
C0002704,59,5834,103793.15,659,5,1951.56,2,1,2.9,1,0,55.9,High
C0002705,45,3655,51103.68,736,6,3308.31,3,0,20.9,1,0,51.6,High
C0002706,40,4664,45756.93,588,11,2157.92,1,1,10.5,0,0,68.3,High
C0002707,48,3486,122851.0,706,16,2839.44,1,2,4.7,3,0,60.7,High
C0002708,18,1325,40085.3,727,10,1741.36,2,1,6.1,1,0,61.5,High
C0002709,46,5908,49490.38,687,15,5850.71,2,1,10.6,0,0,42.5,Medium
C0002710,40,702,54345.94,714,9,1890.82,2,0,9.4,0,0,53.0,High
C0002711,41,4859,75395.21,694,11,1341.33,0,3,5.7,2,0,75.3,Very High
C0002712,52,1278,55741.91,643,13,2756.57,2,2,4.1,2,1,72.3,High
C0002713,41,4720,30048.13,602,7,1278.58,1,0,11.8,4,0,70.4,High
C0002714,26,2553,117481.19,683,11,2562.79,2,1,3.6,0,0,77.0,Very High
C0002715,40,1441,49635.94,788,11,6417.73,1,1,20.7,1,0,40.4,Medium
C0002716,43,1443,188311.74,767,8,2136.84,2,1,2.6,3,0,48.4,Medium
C0002717,44,1937,73283.02,664,11,912.23,2,0,15.2,4,0,45.4,Medium
C0002718,44,5409,124474.2,663,13,1679.73,1,0,5.2,1,0,56.3,High
C0002719,57,4623,87716.34,657,11,3730.53,2,0,5.1,2,0,53.2,High
C0002720,27,4034,127793.46,657,4,2358.28,3,0,7.2,2,0,70.2,High
C0002721,44,3790,84844.56,712,8,3470.48,1,0,3.3,1,0,58.7,High
C0002722,60,2517,70560.98,769,9,1458.22,1,1,11.7,2,0,45.4,Medium
C0002723,18,5411,113115.92,850,10,1683.18,1,0,7.0,3,0,28.7,Medium
C0002724,45,1664,243330.12,628,13,3321.2,0,1,12.9,0,0,60.5,High
C0002725,34,5659,53449.97,739,7,6268.52,2,0,14.9,1,0,45.5,Medium
C0002726,37,2302,95999.62,731,10,1710.4,2,0,7.1,0,1,55.1,High
C0002727,29,2068,61821.41,665,11,2254.13,0,1,2.2,2,0,59.1,High
C0002728,40,2872,81897.37,613,12,4496.93,0,2,8.4,0,0,64.3,High
C0002729,68,4498,63454.4,711,14,2395.61,1,0,14.0,2,0,53.0,High
C0002730,24,4291,18922.96,849,7,3330.13,1,1,17.1,2,0,37.4,Medium
C0002731,26,4607,55536.01,710,9,1359.83,5,0,4.6,2,0,71.4,High
C0002732,24,563,107435.39,631,13,2205.09,2,0,4.2,4,0,79.8,Very High
C0002733,66,991,40701.74,678,8,1468.97,0,1,8.8,0,0,42.0,Medium
C0002734,36,5097,102889.43,604,9,735.53,3,1,7.6,0,0,61.2,High
C0002735,42,5885,68588.13,691,13,1238.07,1,0,6.5,2,0,53.0,High
C0002736,36,791,55802.27,741,13,2944.07,0,0,12.7,0,0,31.7,Medium
C0002737,29,5427,102036.73,638,15,3149.18,4,2,4.1,2,1,66.8,High
C0002738,39,1596,90170.45,446,9,3625.68,1,0,6.5,0,1,81.5,Very High
C0002739,76,5876,78134.78,711,9,3062.66,0,0,14.4,1,0,47.5,Medium
C0002740,61,5961,108405.57,652,8,1904.38,4,1,15.9,0,0,59.9,High
C0002741,30,3832,69327.28,634,9,668.27,0,3,6.7,0,0,74.2,High
C0002742,51,1165,25092.48,633,7,1045.8,1,0,7.5,2,0,76.1,Very High
C0002743,30,4735,50358.52,720,8,4511.1,2,0,9.6,0,0,54.3,High
C0002744,18,633,22982.04,659,8,1272.6,1,1,27.4,1,0,61.8,High
C0002745,56,2025,89004.33,760,13,2096.01,1,0,10.7,0,1,42.5,Medium
C0002746,58,3841,101498.53,761,9,2291.59,2,2,23.3,0,0,50.2,High
C0002747,57,433,104070.71,670,15,894.11,2,2,5.1,1,0,59.1,High
C0002748,35,2376,81136.79,651,14,2730.25,2,0,3.8,0,0,57.9,High
C0002749,40,4789,105582.56,700,13,5938.85,3,3,12.2,1,0,72.7,High
C0002750,52,578,26049.6,679,5,2173.35,4,2,5.8,0,0,70.0,High
C0002751,47,2219,58438.36,559,10,1846.74,0,0,8.6,2,0,65.8,High
C0002752,36,52,28472.27,834,6,1036.14,0,0,4.0,2,0,46.5,Medium
C0002753,19,3959,50909.68,744,13,1841.23,2,2,30.8,3,0,59.7,High
C0002754,44,502,150817.85,655,10,3127.64,2,1,13.5,3,0,72.4,High
C0002755,57,1707,113116.11,546,12,2190.91,1,0,6.3,1,0,70.0,High
C0002756,25,3150,89245.53,676,11,1653.09,0,0,4.2,1,0,46.2,Medium
C0002757,51,1310,56106.03,646,4,4230.38,0,0,5.9,0,0,40.6,Medium
C0002758,47,1408,35897.13,685,5,1856.02,0,1,1.9,1,0,49.7,Medium
C0002759,53,5014,68717.21,528,10,1665.89,2,1,9.9,0,0,69.8,High
C0002760,54,4671,114206.26,655,4,2411.49,1,0,11.2,1,0,51.0,High
C0002761,32,512,77677.35,659,10,5144.89,1,2,10.9,3,0,68.5,High
C0002762,19,5149,25919.73,676,11,1989.74,3,0,6.7,0,0,74.7,High
C0002763,35,2825,65671.85,672,13,1237.21,1,2,3.4,0,0,68.8,High
C0002764,54,894,21645.64,694,7,3136.91,2,0,12.3,1,0,53.6,High
C0002765,34,5442,96489.63,804,8,1773.25,1,0,18.5,1,0,30.9,Medium
C0002766,32,2042,42350.5,651,9,3155.36,1,1,20.4,0,0,55.2,High
C0002767,18,1974,31639.86,622,5,580.88,2,1,15.2,3,0,76.8,Very High
C0002768,67,905,97221.92,560,8,2253.29,2,1,15.9,4,0,90.0,Very High
C0002769,54,5321,84334.6,652,9,1871.72,0,2,9.9,1,0,52.3,High
C0002770,53,1741,70453.56,585,7,1179.07,2,1,19.5,3,0,80.3,Very High
C0002771,56,3566,206969.98,762,14,1000.04,3,2,22.9,0,0,50.6,High
C0002772,50,1458,87916.22,683,10,1833.86,1,1,10.4,0,0,51.9,High
C0002773,39,5376,43484.65,760,15,1097.82,1,1,2.6,1,1,49.7,Medium
C0002774,40,4727,82491.6,800,14,320.03,1,2,17.5,0,0,49.0,Medium
C0002775,36,3033,52973.5,625,7,1024.82,2,0,9.5,0,0,58.1,High
C0002776,79,2092,124443.49,664,10,996.38,1,1,19.1,2,0,62.8,High
C0002777,50,3940,72361.32,790,11,2242.24,4,1,1.9,2,0,63.9,High
C0002778,36,2988,76408.37,704,8,1015.85,3,0,12.5,1,0,58.5,High
C0002779,49,5647,28045.6,729,11,2199.05,1,1,11.0,2,1,54.6,High
C0002780,28,4053,64127.79,767,21,1184.02,3,1,9.6,1,0,54.2,High
C0002781,63,192,60110.72,757,10,3658.61,2,0,25.5,1,0,38.9,Medium
C0002782,33,4938,35297.67,721,7,2806.62,0,2,7.4,2,0,67.4,High
C0002783,49,1181,54888.76,795,11,1810.1,2,1,4.4,1,0,47.1,Medium
C0002784,57,1828,78790.96,685,9,2415.76,0,1,4.7,1,0,60.7,High
C0002785,47,2633,61851.86,729,6,3196.47,2,0,11.8,1,0,61.6,High
C0002786,43,1279,28516.41,677,11,2289.2,2,1,7.7,0,1,60.2,High
C0002787,42,5655,53349.53,767,16,2411.43,2,1,5.9,2,0,56.9,High
C0002788,41,5871,47929.0,637,8,559.17,2,0,13.3,0,0,48.9,Medium
C0002789,34,959,68962.77,564,12,1570.71,0,1,11.2,0,0,52.1,High
C0002790,36,1941,64986.35,739,13,1326.29,1,0,6.4,0,0,34.5,Medium
C0002791,63,2243,49439.38,613,12,4355.77,1,0,3.9,2,0,64.3,High
C0002792,40,4036,48388.85,606,11,1706.91,0,0,10.6,2,0,51.9,High
C0002793,31,3598,64335.19,785,15,1418.9,2,1,13.9,0,0,41.6,Medium
C0002794,35,4076,105295.6,762,12,3209.29,2,0,1.6,1,0,52.0,High
C0002795,57,215,72268.38,664,6,819.64,0,0,13.1,2,0,54.0,High
C0002796,51,3098,135615.34,462,10,2080.15,2,0,13.1,3,0,76.7,Very High
C0002797,50,1289,115629.3,730,7,608.84,4,1,3.6,2,0,68.6,High
C0002798,38,1393,141218.7,740,10,1377.51,4,0,5.8,2,0,52.4,High
C0002799,50,4654,131614.82,729,7,1628.33,1,1,3.5,1,0,43.7,Medium
C0002800,33,874,146460.62,725,9,5672.05,0,0,9.5,1,0,42.5,Medium
C0002801,38,217,32881.36,676,11,1997.04,2,0,17.3,1,0,64.8,High
C0002802,56,2937,88519.14,659,8,1233.23,1,1,8.0,1,0,52.5,High
C0002803,54,4422,121171.96,607,11,2017.17,4,1,4.8,0,1,81.3,Very High
C0002804,28,3080,133833.89,638,11,5611.79,0,1,9.1,0,0,53.0,High
C0002805,30,993,40578.53,714,12,578.68,2,1,8.3,4,1,67.7,High
C0002806,44,4646,89005.1,715,11,3635.09,0,0,6.9,2,0,60.4,High
C0002807,66,2308,64618.2,749,4,2815.14,0,0,11.4,1,0,31.1,Medium
C0002808,18,4267,171231.68,585,11,2039.34,2,3,10.8,0,0,71.9,High
C0002809,46,1236,28908.16,566,11,1797.81,2,0,12.4,1,0,68.7,High
C0002810,23,5474,40610.44,662,10,5598.95,4,2,10.6,0,0,77.0,Very High
C0002811,33,1722,22903.41,614,4,3509.29,1,0,18.3,1,0,55.8,High
C0002812,37,5826,67132.84,704,13,1120.74,0,1,10.7,0,0,52.5,High
C0002813,36,2282,215346.11,592,10,2232.18,2,0,13.1,0,0,62.2,High
C0002814,35,4375,60506.24,779,19,4942.42,2,0,11.1,1,0,51.1,High
C0002815,42,3027,65542.76,628,15,3120.78,2,1,4.4,0,1,66.5,High
C0002816,35,486,83911.75,809,10,2609.06,3,1,13.9,1,0,38.4,Medium
C0002817,22,616,58158.65,729,8,943.12,0,0,2.6,1,0,51.0,High
C0002818,53,2448,75826.57,611,9,9896.07,0,3,11.1,1,0,77.6,Very High
C0002819,53,1182,76926.53,847,11,3516.23,1,1,9.4,1,0,40.0,Medium
C0002820,54,3664,38942.19,710,12,7012.6,1,0,11.7,0,0,50.7,High
C0002821,20,853,58874.54,702,10,2675.91,2,0,7.8,1,0,69.2,High
C0002822,46,3553,93241.93,685,4,2174.08,0,0,11.2,1,0,46.8,Medium
C0002823,51,1252,103322.1,725,7,1447.17,0,1,31.4,0,0,40.5,Medium
C0002824,28,1113,126635.17,729,14,4146.87,2,2,13.3,0,0,59.2,High
C0002825,42,2221,74561.5,625,11,5823.44,2,0,7.4,1,0,51.2,High
C0002826,40,3510,75400.7,674,14,4328.93,1,1,11.0,0,0,50.6,High
C0002827,68,2414,93666.07,699,6,9531.88,2,1,9.5,0,0,61.0,High
C0002828,69,2117,44701.67,734,12,2395.63,1,0,13.5,1,0,34.3,Medium
C0002829,19,2061,43704.71,735,9,1469.44,2,1,25.6,1,0,48.0,Medium
C0002830,77,2053,57887.16,702,11,2600.48,1,0,21.8,0,0,51.6,High
C0002831,29,2440,30749.53,649,11,3710.28,1,1,12.6,0,0,53.2,High
C0002832,56,5009,77550.54,645,10,1854.58,1,4,11.3,0,0,59.9,High
C0002833,56,3480,110402.14,601,12,2138.76,3,1,6.8,1,0,67.8,High
C0002834,28,2548,41955.54,734,14,2528.05,0,0,8.6,1,0,44.0,Medium
C0002835,49,4504,78764.82,644,8,3032.18,0,2,20.7,0,0,63.4,High
C0002836,40,3178,43864.81,676,9,2401.46,2,1,2.1,2,0,65.0,High
C0002837,50,5695,35446.26,708,7,2523.27,2,0,13.2,0,1,40.0,Medium
C0002838,45,3390,192037.94,690,13,3326.09,4,1,7.8,2,0,63.1,High
C0002839,59,1319,35726.98,690,10,3625.82,1,3,18.5,1,1,57.2,High
C0002840,43,3391,30676.86,622,10,1594.73,1,0,13.4,1,0,62.9,High
C0002841,40,4648,69771.66,710,15,666.89,2,2,7.5,2,0,61.7,High
C0002842,57,1302,71867.29,667,6,1120.32,2,0,4.1,2,0,55.2,High
C0002843,50,1237,89488.67,684,10,2968.73,1,0,7.1,1,0,53.3,High
C0002844,52,3608,186384.14,777,13,1368.1,0,0,8.2,1,0,43.2,Medium
C0002845,33,5310,40435.7,728,9,2614.48,1,0,22.3,1,0,38.2,Medium
C0002846,27,2027,45105.05,647,12,2119.64,0,2,8.5,1,0,65.4,High
C0002847,34,3055,150201.45,679,11,2297.85,1,0,2.6,0,0,62.3,High
C0002848,33,3940,103923.23,810,12,3027.8,1,0,9.9,2,0,36.9,Medium
C0002849,53,3991,96272.15,667,8,4768.13,4,0,6.4,4,1,77.4,Very High
C0002850,56,899,44822.34,693,9,2176.32,0,1,5.5,6,0,62.2,High
C0002851,40,2389,115165.81,740,13,1117.49,1,0,10.0,1,0,44.6,Medium
C0002852,62,5964,96436.52,706,15,2692.83,3,0,11.1,1,0,56.6,High
C0002853,61,5334,68812.12,662,8,3496.9,1,2,9.3,3,0,72.2,High
C0002854,45,4639,44944.31,634,16,508.43,0,0,11.4,3,0,50.1,High
C0002855,30,174,65747.19,689,10,1375.67,3,0,13.1,0,0,51.9,High
C0002856,64,2520,153515.6,739,12,2242.21,1,0,9.7,1,0,48.5,Medium
C0002857,41,335,33969.13,789,8,1610.05,1,0,7.6,2,0,46.5,Medium
C0002858,44,1829,39934.67,580,12,2400.93,0,0,1.4,1,0,74.7,High
C0002859,37,5193,43896.87,822,10,1466.39,1,1,8.4,3,0,53.6,High
C0002860,30,2345,49460.91,668,12,4045.31,0,1,7.8,1,0,59.4,High
C0002861,21,1035,61465.69,759,9,2274.73,5,2,9.1,2,0,87.3,Very High
C0002862,51,4335,105040.76,635,10,682.91,1,1,5.9,0,0,46.6,Medium
C0002863,31,4561,79910.89,569,12,3539.05,2,0,3.4,0,0,67.9,High
C0002864,85,3942,64109.78,592,14,3688.22,2,0,5.7,1,1,63.5,High
C0002865,27,4859,72202.94,665,14,2147.25,1,1,12.8,1,0,43.9,Medium
C0002866,24,4221,87385.5,729,13,665.55,6,0,6.5,1,0,70.7,High
C0002867,49,3818,24586.47,692,11,3954.01,1,3,6.7,1,0,56.8,High
C0002868,63,5337,111776.99,671,7,1132.18,1,1,9.8,1,0,48.0,Medium
C0002869,43,1965,39354.38,774,12,1739.53,2,0,7.7,1,0,51.3,High
C0002870,50,2754,48579.6,690,16,1514.76,1,0,5.2,2,0,50.2,High
C0002871,18,3391,74766.79,711,17,863.09,1,0,12.1,3,0,60.4,High
C0002872,33,4027,59481.25,850,8,2208.79,1,0,4.8,0,0,32.1,Medium
C0002873,27,2874,81040.26,689,7,2509.9,1,0,4.3,1,0,55.3,High
C0002874,18,2665,67029.96,638,10,2368.28,2,0,2.7,1,0,74.0,High
C0002875,44,1016,52878.75,726,10,1920.13,3,0,10.6,2,0,66.8,High
C0002876,18,3839,143732.13,745,8,1355.57,5,2,8.9,2,1,68.5,High
C0002877,23,768,91521.18,713,8,5716.58,2,0,19.8,1,0,43.8,Medium
C0002878,34,2864,73207.58,702,9,2481.66,0,0,14.4,1,0,45.9,Medium
C0002879,30,2471,90742.0,801,10,1197.68,1,0,4.3,1,0,43.5,Medium
C0002880,48,4666,42064.46,792,13,2929.27,1,1,10.2,0,0,39.3,Medium
C0002881,46,2875,205051.02,681,5,2788.03,1,0,10.5,0,0,59.4,High
C0002882,55,61,34087.61,642,9,3281.91,1,2,9.4,0,0,54.8,High
C0002883,53,3050,65981.68,722,6,2154.41,1,1,25.4,1,0,45.3,Medium
C0002884,58,1317,52963.34,641,11,1467.78,0,1,22.3,5,0,58.8,High
C0002885,42,2298,51868.23,756,9,903.32,1,0,2.3,0,0,39.6,Medium
C0002886,46,1799,48293.32,722,6,1558.56,1,0,5.3,1,0,44.6,Medium
C0002887,49,1024,40556.41,850,9,749.64,1,1,4.5,0,0,33.7,Medium
C0002888,44,5674,119190.45,800,6,2675.08,1,1,10.7,1,1,47.8,Medium
C0002889,36,1543,31962.0,609,10,774.49,1,0,5.1,0,0,61.6,High
C0002890,37,3057,106494.63,651,11,1746.15,1,0,5.5,1,0,49.2,Medium
C0002891,31,4973,88573.27,546,8,3533.48,1,2,3.9,0,0,59.9,High
C0002892,48,2205,50281.85,530,7,1879.68,1,2,7.0,0,0,75.3,Very High
C0002893,41,5625,83101.97,699,11,2117.1,0,0,6.2,1,0,52.8,High
C0002894,33,2443,56842.82,601,9,2935.03,3,1,14.7,3,0,76.2,Very High
C0002895,33,5682,33837.88,813,7,3071.32,2,0,5.2,0,0,32.8,Medium
C0002896,25,2727,34035.22,777,15,4319.32,1,2,5.3,1,0,62.4,High
C0002897,56,116,88910.23,670,8,3172.84,2,0,7.0,0,0,54.4,High
C0002898,43,5210,86409.54,665,6,2776.08,1,0,5.8,0,0,54.4,High
C0002899,30,5188,70827.03,801,7,614.78,1,1,6.6,2,0,44.9,Medium
C0002900,53,5775,49988.87,819,5,2574.19,2,0,11.1,1,0,41.9,Medium
C0002901,34,769,55834.78,620,7,6465.81,0,0,6.4,2,0,52.2,High
C0002902,22,5069,51835.75,610,17,3351.04,0,0,12.1,2,0,48.6,Medium
C0002903,56,2069,23719.92,667,10,4131.85,2,1,5.6,0,0,72.8,High
C0002904,34,5054,64124.32,722,8,1419.32,4,1,17.8,2,0,55.8,High
C0002905,36,5782,82639.23,651,9,2103.7,2,0,24.1,0,0,60.5,High
C0002906,43,1218,64348.86,724,4,3175.38,4,0,12.7,1,0,54.4,High
C0002907,58,2246,164049.21,836,10,2934.17,4,1,12.9,3,0,71.6,High
C0002908,42,1634,35681.25,585,10,3676.74,2,0,20.1,0,0,67.1,High
C0002909,25,1848,43100.19,657,13,1052.48,2,1,2.6,1,0,65.5,High
C0002910,50,3588,66706.0,586,13,1313.82,2,1,10.4,0,0,62.7,High
C0002911,35,2492,70895.44,627,6,948.85,2,1,12.0,0,0,59.1,High
C0002912,68,3947,21790.4,668,4,2602.78,1,1,5.1,2,0,68.7,High
C0002913,42,4056,86368.09,635,16,1947.84,1,1,5.3,1,0,56.6,High
C0002914,18,1240,71073.08,729,10,1938.64,2,1,2.7,1,0,71.5,High
C0002915,47,292,19326.33,701,14,1413.45,0,2,20.9,0,0,45.4,Medium
C0002916,69,4485,58145.26,712,12,1271.52,1,0,8.4,1,0,63.2,High
C0002917,64,1114,39743.11,667,14,2202.65,4,0,2.4,2,0,68.0,High
C0002918,68,1223,48318.12,674,9,4518.78,2,0,7.3,0,0,56.4,High
C0002919,28,3620,29700.95,664,9,6093.78,1,1,9.6,0,0,61.6,High
C0002920,55,1600,77947.71,671,10,6107.73,3,0,4.8,2,0,66.2,High
C0002921,32,1162,163385.33,721,4,1622.52,0,0,1.6,2,0,45.4,Medium
C0002922,45,1861,71729.16,546,14,1019.68,1,2,5.5,0,0,67.4,High
C0002923,24,3150,18905.88,712,10,3907.36,2,1,9.3,1,0,53.5,High
C0002924,33,5080,72545.37,625,11,5037.74,1,0,10.6,2,0,50.5,High
C0002925,33,5932,55705.73,665,13,2886.09,2,0,11.3,2,0,54.6,High
C0002926,55,4400,33837.77,573,6,2167.41,3,3,6.9,1,0,84.2,Very High
C0002927,53,5396,75311.1,663,7,1463.73,2,0,16.4,1,0,44.6,Medium
C0002928,46,3198,100585.19,711,13,3261.1,2,1,22.3,0,0,42.9,Medium
C0002929,23,2467,42925.37,724,9,3198.46,2,1,8.8,2,1,56.6,High
C0002930,38,4923,25105.36,601,4,2644.28,2,2,8.0,2,1,65.0,High
C0002931,32,1835,20505.94,721,6,1071.72,1,0,2.5,2,0,37.7,Medium
C0002932,54,4883,42991.72,775,13,1153.3,2,1,16.3,0,1,37.3,Medium
C0002933,58,5989,56917.76,653,3,2069.72,2,0,14.0,0,0,47.7,Medium
C0002934,57,2357,46680.72,690,9,4330.48,0,0,4.3,1,0,63.8,High
C0002935,31,3811,42577.64,535,2,3973.9,1,0,4.9,0,0,69.7,High
C0002936,18,4695,84730.8,623,12,1697.31,2,2,17.4,1,0,66.2,High
C0002937,18,4707,79972.97,710,12,670.98,2,2,13.8,0,1,55.4,High
C0002938,62,1261,69193.76,762,10,5240.27,4,1,7.5,1,0,52.5,High
C0002939,36,5776,97144.8,645,12,4928.56,1,0,13.8,0,0,49.7,Medium
C0002940,31,3034,43214.04,850,7,2384.54,5,0,12.7,2,0,51.4,High
C0002941,65,279,33958.08,714,15,1663.57,0,2,5.9,0,0,58.0,High
C0002942,60,735,46518.54,594,6,1801.79,2,0,8.3,2,0,61.2,High
C0002943,42,4373,44787.0,787,12,4029.71,3,1,12.5,0,0,49.0,Medium
C0002944,38,2577,20063.96,596,7,3118.77,2,0,9.2,2,1,72.1,High
C0002945,40,674,45927.85,715,11,1665.71,1,0,5.5,1,0,47.0,Medium
C0002946,45,3136,113840.94,620,14,9202.8,1,1,11.2,2,0,57.1,High
C0002947,64,3609,96313.05,588,8,813.81,3,1,17.7,1,0,73.3,High
C0002948,48,507,82763.36,762,14,1487.99,3,1,16.7,3,0,60.5,High
C0002949,52,2120,66654.62,671,12,1509.77,2,1,10.9,2,0,58.3,High
C0002950,58,2791,137555.65,819,6,2357.02,2,1,19.0,0,1,32.3,Medium
C0002951,26,4688,34606.52,614,9,4592.85,1,2,17.6,0,0,51.6,High
C0002952,53,3920,36469.62,573,11,3770.06,3,2,6.8,0,0,75.2,Very High
C0002953,38,549,115064.95,654,5,2388.84,0,0,1.3,1,0,50.6,High
C0002954,18,3696,62948.51,850,6,928.51,0,0,7.1,2,0,41.7,Medium
C0002955,18,5418,42862.03,753,12,4093.13,1,2,9.5,0,1,49.2,Medium
C0002956,28,354,83989.6,732,12,1051.86,2,0,13.5,1,0,64.0,High
C0002957,49,5920,48714.54,734,13,1694.31,3,0,2.4,0,0,59.0,High
C0002958,44,599,39114.58,654,12,2094.58,1,1,12.5,1,0,53.3,High
C0002959,45,3747,38520.51,850,21,1301.61,1,0,15.8,1,0,33.7,Medium
C0002960,69,2127,73994.19,724,14,1285.23,3,1,8.7,1,0,69.3,High
C0002961,24,4392,69430.96,717,9,3915.23,1,2,4.9,2,0,67.6,High
C0002962,42,5060,142785.73,764,9,5661.51,2,1,10.6,1,1,48.0,Medium
C0002963,46,5115,52856.74,595,11,2096.72,2,0,24.2,1,0,49.7,Medium
C0002964,32,5222,52363.1,624,10,692.18,1,0,9.0,3,0,61.5,High
C0002965,42,4903,136856.49,672,14,2640.07,1,1,7.0,4,0,82.8,Very High
C0002966,20,1878,106616.7,764,12,1399.3,1,3,3.5,0,0,57.4,High
C0002967,62,2807,67143.25,593,12,2781.07,1,0,9.0,0,0,67.3,High
C0002968,32,4321,26273.94,685,9,2665.85,1,0,17.0,1,0,46.8,Medium
C0002969,70,1035,39670.75,674,10,647.53,1,2,11.3,0,0,58.2,High
C0002970,42,3477,34722.3,572,5,1706.95,1,0,12.0,2,0,66.7,High
C0002971,56,3195,63255.55,652,10,3284.09,0,0,3.0,0,0,46.7,Medium
C0002972,41,5901,46877.92,731,7,2070.7,0,0,7.7,3,0,52.4,High
C0002973,42,326,149714.79,579,7,1078.77,0,1,11.9,1,0,57.8,High
C0002974,34,595,26123.73,796,7,3370.47,2,1,9.7,1,0,55.7,High
C0002975,44,209,32733.45,725,11,745.2,3,0,18.2,2,0,61.2,High
C0002976,46,3300,70929.06,716,5,2561.47,0,1,8.6,2,0,61.7,High
C0002977,31,3318,82592.94,691,12,1549.72,0,0,13.8,2,0,46.0,Medium
C0002978,40,3567,14942.5,608,7,2917.11,0,0,13.9,0,0,60.5,High
C0002979,33,1475,23870.87,641,3,1896.81,2,0,5.6,2,0,59.2,High
C0002980,74,1866,53632.35,717,14,3017.63,2,1,9.9,0,0,61.7,High
C0002981,41,2518,130707.03,641,6,5329.11,3,0,6.2,0,0,65.4,High
C0002982,64,310,175107.99,704,7,3454.57,4,0,10.3,1,0,60.9,High
C0002983,39,4522,49361.01,623,10,3414.1,2,1,14.4,1,0,71.8,High
C0002984,46,341,56445.67,724,3,3213.48,2,2,26.4,0,0,45.3,Medium
C0002985,24,4011,39128.78,729,7,720.77,2,0,12.4,0,0,48.5,Medium
C0002986,36,2738,87829.54,568,8,2318.22,2,1,16.2,0,0,72.2,High
C0002987,45,5992,143714.06,695,8,2621.57,3,0,11.9,3,0,49.6,Medium
C0002988,64,4164,123710.7,576,9,3151.33,1,1,8.3,5,0,70.9,High
C0002989,45,2868,61018.92,550,9,2082.39,2,0,2.9,2,0,70.3,High
C0002990,61,4210,39092.94,645,12,3502.84,0,0,9.4,1,0,44.1,Medium
C0002991,51,730,62280.15,850,8,1179.68,1,1,22.3,1,0,32.6,Medium
C0002992,65,1110,132497.94,748,11,8034.79,4,2,11.4,1,0,75.2,Very High
C0002993,41,3008,49742.02,794,7,3162.33,3,0,5.8,1,0,54.1,High
C0002994,75,5152,22843.08,736,10,1209.54,0,0,1.9,2,0,44.0,Medium
C0002995,35,4925,50862.67,705,10,5309.58,2,2,17.8,2,0,66.1,High
C0002996,31,2281,53179.35,757,10,1065.1,0,1,9.8,2,0,55.0,High
C0002997,25,1723,22769.47,642,13,2213.55,2,1,5.3,0,0,56.2,High
C0002998,75,5787,70439.55,725,8,2371.28,1,0,9.9,2,0,51.6,High
C0002999,53,3405,81894.92,778,7,1685.42,1,1,5.3,1,1,48.6,Medium
C0003000,37,735,172444.48,742,14,2032.16,2,1,6.5,2,0,56.0,High
C0003001,59,1372,29794.6,783,11,2292.34,1,0,11.2,3,0,46.2,Medium
C0003002,52,5023,92658.54,704,9,1095.05,1,0,16.3,1,0,52.0,High
C0003003,70,5392,105519.34,817,8,2627.8,0,0,18.9,2,0,30.2,Medium
C0003004,20,5452,82510.53,674,8,2204.29,2,0,15.0,0,0,53.5,High
C0003005,38,71,35637.32,849,11,7783.54,1,1,15.0,2,0,25.1,Medium
C0003006,36,4941,34516.06,733,10,5771.85,2,0,23.9,0,0,40.0,Medium
C0003007,18,698,65404.6,661,7,1366.01,1,0,1.8,0,1,41.6,Medium
C0003008,57,4858,65152.59,602,8,2007.3,0,2,11.8,3,0,65.3,High
C0003009,38,5292,45578.94,629,16,1401.56,0,2,4.3,4,0,61.2,High
C0003010,52,2187,126157.96,618,13,1863.95,3,0,32.7,0,0,55.2,High
C0003011,75,1185,49735.6,683,7,3846.36,0,0,17.0,2,1,41.9,Medium
C0003012,37,4288,21880.57,594,13,2058.07,2,2,5.2,2,0,70.7,High
C0003013,36,438,54811.68,787,9,1590.6,5,2,10.6,1,1,63.8,High
C0003014,44,3488,80744.09,698,10,3260.81,2,0,7.3,1,0,52.0,High
C0003015,56,2009,74829.56,695,12,624.77,1,1,4.5,1,0,57.6,High
C0003016,34,2564,74511.75,603,11,1711.4,2,0,9.4,2,0,57.5,High
C0003017,33,4959,141009.65,632,12,5359.91,1,2,27.0,1,0,55.8,High
C0003018,57,5958,33582.31,523,9,5528.34,1,0,10.2,1,0,72.2,High
C0003019,47,2431,49111.58,811,9,5139.36,2,1,17.3,0,0,43.2,Medium
C0003020,18,1764,145026.16,584,9,988.2,3,0,15.6,0,0,63.5,High
C0003021,25,5011,21011.96,589,8,983.4,3,1,8.9,1,0,64.5,High
C0003022,63,2496,60195.79,796,14,1596.07,2,0,10.7,1,0,35.4,Medium
C0003023,48,1223,121880.49,719,21,2218.0,0,2,9.6,3,0,52.4,High
C0003024,31,5420,120885.44,699,14,1366.12,2,0,4.0,1,0,48.9,Medium
C0003025,40,5950,89139.13,716,13,737.91,1,0,4.0,2,0,47.4,Medium
C0003026,42,1755,90389.31,762,8,4021.08,2,1,7.4,1,0,48.1,Medium
C0003027,52,973,34972.84,697,11,3608.24,3,1,2.9,0,0,58.8,High
C0003028,23,941,131944.55,574,6,1498.52,4,1,7.2,1,0,79.2,Very High
C0003029,30,3603,32043.7,745,13,3494.69,1,0,25.9,2,0,34.9,Medium
C0003030,46,1880,33112.38,722,11,4062.16,0,2,14.2,2,0,47.5,Medium
C0003031,41,3749,76743.23,778,11,468.38,2,0,11.2,1,0,35.8,Medium
C0003032,50,4563,47274.75,596,4,3342.45,1,1,9.9,1,0,64.3,High
C0003033,25,64,69464.62,635,11,2114.65,3,1,11.0,0,0,71.7,High
C0003034,47,5163,78575.21,719,12,429.5,1,0,10.0,3,0,53.9,High
C0003035,57,204,164859.69,619,3,4264.27,1,0,23.3,1,0,42.8,Medium
C0003036,49,713,78703.13,514,13,2316.57,1,0,14.5,0,0,51.7,High
C0003037,44,4357,44121.21,705,7,779.53,0,2,14.4,1,0,69.3,High
C0003038,41,3741,89945.39,757,8,2848.61,0,1,16.5,1,0,47.4,Medium
C0003039,30,5871,39238.94,680,13,2474.68,1,1,18.0,0,0,51.5,High
C0003040,41,3416,102449.49,731,6,3126.78,0,0,4.6,0,0,49.3,Medium
C0003041,60,2520,64243.45,720,14,625.79,1,0,5.1,0,1,46.5,Medium
C0003042,40,4022,77279.87,691,12,1809.67,0,4,18.2,2,0,62.3,High
C0003043,30,4579,23284.19,700,13,1162.95,1,0,6.9,0,0,43.1,Medium
C0003044,35,4036,17979.36,791,9,1978.88,1,0,6.8,5,0,48.3,Medium
C0003045,45,2242,27149.29,618,14,729.51,0,1,11.4,3,0,63.1,High
C0003046,37,5758,161953.35,748,10,1064.3,1,0,21.9,0,0,37.3,Medium
C0003047,49,1830,32971.69,601,12,5984.27,0,0,15.9,1,0,53.0,High
C0003048,49,2098,92749.73,630,10,4680.68,1,1,17.5,2,0,48.5,Medium
C0003049,54,1688,43557.64,780,10,4137.17,1,0,5.3,0,0,47.8,Medium
C0003050,62,1819,54332.24,599,5,5722.61,1,0,5.8,1,0,65.3,High
C0003051,56,1301,60493.64,672,12,652.62,0,1,6.2,1,1,43.4,Medium
C0003052,29,3499,153118.56,850,7,2120.5,2,0,5.9,0,0,33.3,Medium
C0003053,29,4380,85508.21,767,12,2578.0,0,0,19.6,2,0,27.4,Medium
C0003054,41,2593,76623.41,635,4,1710.25,1,2,13.5,0,0,70.4,High
C0003055,36,5539,126509.64,648,13,656.33,3,0,3.7,0,0,72.5,High
C0003056,26,2858,43766.82,677,11,3907.19,1,0,18.7,2,0,52.4,High
C0003057,36,2817,111577.9,788,13,3287.23,1,1,10.2,0,0,42.8,Medium
C0003058,35,443,101783.79,615,15,1469.65,0,1,15.0,1,0,62.3,High
C0003059,33,5424,101147.42,610,12,3811.76,3,1,14.7,1,0,74.1,High
C0003060,38,915,56933.0,744,11,2385.18,0,2,13.6,0,0,57.4,High
C0003061,58,1011,48745.42,564,9,3321.58,1,0,13.0,0,0,69.4,High
C0003062,45,5614,38425.89,622,9,1214.21,3,0,19.8,1,0,65.2,High
C0003063,77,3131,39772.83,684,12,2569.18,2,1,19.9,1,0,55.5,High
C0003064,44,437,37441.4,687,11,2586.91,2,0,6.3,1,0,52.7,High
C0003065,38,2667,75860.84,588,8,1892.64,0,1,21.2,3,0,67.3,High
C0003066,42,3553,54682.81,717,10,386.9,0,2,4.6,1,0,50.7,High
C0003067,46,90,78602.58,732,8,2459.86,0,3,7.6,0,0,55.5,High
C0003068,48,4534,81082.69,640,7,2571.13,0,1,10.0,0,0,50.0,Medium
C0003069,71,4021,34614.36,815,8,1189.82,1,0,3.4,1,1,30.6,Medium
C0003070,30,100,34047.67,715,11,3191.3,1,0,14.3,0,0,46.8,Medium
C0003071,54,3722,54673.06,615,7,2579.22,2,0,10.3,4,0,74.3,High
C0003072,45,1359,40480.4,812,10,2870.93,2,0,3.8,2,0,39.4,Medium
C0003073,20,4414,38202.76,651,10,1721.35,2,0,11.6,0,0,50.5,High
C0003074,53,2281,157553.05,703,14,724.53,3,1,2.6,0,0,64.0,High
C0003075,60,1236,26676.67,653,11,735.04,1,0,5.3,2,0,55.6,High
C0003076,30,3055,188636.11,737,6,3439.51,2,0,5.7,1,0,52.5,High
C0003077,42,2674,72676.38,654,11,1080.51,2,0,6.4,0,0,59.5,High
C0003078,18,2069,106651.39,658,10,1309.63,1,0,12.3,1,0,64.5,High
C0003079,24,5274,99954.74,678,9,3797.01,1,0,16.2,1,0,57.8,High
C0003080,57,3904,87048.2,652,5,548.69,1,0,15.3,2,0,62.6,High
C0003081,35,2939,154646.5,770,7,774.3,2,0,4.3,1,0,55.8,High
C0003082,26,1381,34185.62,596,12,3674.4,4,0,4.6,0,0,73.7,High
C0003083,45,3425,56890.38,687,4,2323.9,0,0,10.1,0,0,52.3,High
C0003084,35,182,38786.36,697,5,602.11,1,0,15.2,1,0,54.8,High
C0003085,35,5311,24392.86,681,8,1653.21,3,1,10.9,1,0,48.8,Medium
C0003086,52,39,43096.93,763,7,2466.62,2,0,14.8,1,0,49.0,Medium
C0003087,26,4202,173648.94,577,8,1074.88,1,0,5.4,2,0,76.5,Very High
C0003088,29,2092,56358.2,733,7,859.48,2,2,5.0,1,0,62.7,High
C0003089,44,4323,184577.24,597,2,734.08,1,1,15.5,1,0,57.0,High
C0003090,56,2189,195261.43,652,14,3813.67,1,1,11.2,0,0,62.7,High
C0003091,59,186,321969.26,589,13,4334.47,1,0,10.6,1,0,52.8,High
C0003092,33,5693,176824.12,665,8,3593.08,3,0,6.2,1,0,63.0,High
C0003093,55,4602,226808.7,647,5,4901.08,0,0,12.5,1,0,54.8,High
C0003094,31,297,74141.58,813,9,5056.79,0,0,10.7,0,0,47.5,Medium
C0003095,68,226,70296.0,708,11,821.22,5,0,10.6,2,0,73.1,High
C0003096,26,3194,72915.12,723,8,4217.74,1,0,6.5,0,0,47.5,Medium
C0003097,61,5740,62002.12,607,8,2366.45,0,0,3.6,0,0,59.4,High
C0003098,33,3479,67319.44,746,10,7562.23,1,0,9.4,1,0,35.4,Medium
C0003099,70,93,93769.05,813,13,19871.87,1,1,21.1,0,0,35.9,Medium
C0003100,50,4204,47987.21,755,5,1937.31,1,1,13.4,0,0,37.2,Medium
C0003101,28,2583,29062.28,592,12,1804.38,1,1,17.8,0,0,75.6,Very High
C0003102,35,3843,75726.24,655,9,1714.37,1,0,19.7,3,0,51.6,High
C0003103,53,2121,42355.22,698,10,2305.29,3,0,9.1,0,0,49.7,Medium
C0003104,57,78,44837.01,647,10,2558.03,1,0,10.1,0,0,51.9,High
C0003105,41,139,57318.31,850,11,12221.65,0,1,4.4,0,0,43.1,Medium
C0003106,43,3802,50524.36,654,9,2414.56,2,1,2.9,0,0,61.4,High
C0003107,53,3821,114166.48,687,10,1663.96,2,1,9.4,2,0,58.2,High
C0003108,44,1954,56567.04,645,12,2218.81,1,1,10.0,1,0,59.3,High
C0003109,24,521,117375.91,707,9,1286.9,1,4,8.7,4,1,75.4,Very High
C0003110,31,4644,69438.63,794,11,739.11,1,1,13.4,1,0,36.1,Medium
C0003111,45,932,59053.48,699,9,1998.23,2,0,18.5,1,0,56.8,High
C0003112,59,1154,67637.03,674,11,10025.94,1,1,8.9,3,0,66.3,High
C0003113,65,2730,30469.86,609,12,3919.24,4,0,13.5,1,0,75.9,Very High
C0003114,53,4305,74669.88,781,7,1610.69,2,2,5.4,2,0,53.1,High
C0003115,46,5970,98907.84,679,7,2763.64,2,1,22.9,1,0,54.9,High
C0003116,52,3764,106922.27,676,12,11275.89,1,2,6.0,1,0,67.4,High
C0003117,33,5763,29471.94,515,10,2503.66,2,0,11.1,2,0,82.7,Very High
C0003118,40,3924,26888.41,680,6,1233.51,1,1,4.7,0,0,66.3,High
C0003119,30,5091,46149.41,660,8,2300.19,0,2,4.5,1,0,55.6,High
C0003120,25,1080,132780.67,553,7,3339.06,1,0,10.1,2,0,66.5,High
C0003121,47,366,70012.29,764,4,2884.28,1,1,10.0,0,0,43.9,Medium
C0003122,45,4024,40489.88,650,10,5656.17,0,2,4.5,2,0,71.3,High
C0003123,52,5851,27883.01,832,11,2347.45,0,1,14.0,0,1,33.2,Medium
C0003124,50,4429,42561.08,796,17,479.74,1,0,5.2,1,0,48.1,Medium
C0003125,45,2078,41008.58,636,13,2989.52,0,1,13.6,1,0,51.8,High
C0003126,50,2951,103723.03,793,9,2860.32,3,0,13.0,2,0,37.5,Medium
C0003127,41,699,108205.67,811,9,2741.81,2,0,8.3,0,0,39.1,Medium
C0003128,48,2061,34802.47,648,6,1267.31,0,1,9.8,0,1,50.5,High
C0003129,32,4107,93819.78,613,15,8037.4,2,0,3.4,1,0,59.0,High
C0003130,47,1024,88681.45,528,8,1085.02,1,0,10.0,1,0,61.6,High
C0003131,51,2905,32404.91,719,7,1162.6,0,0,22.1,0,0,28.4,Medium
C0003132,33,1761,59206.66,617,7,1895.93,4,0,12.8,2,0,65.4,High
C0003133,43,2960,74782.61,721,12,5210.15,1,0,6.0,0,0,41.8,Medium
C0003134,33,4590,67823.85,647,7,5359.04,1,0,7.7,1,0,62.6,High
C0003135,35,5312,24199.62,632,11,3335.38,1,1,19.5,1,0,53.2,High
C0003136,26,2474,66638.65,648,7,3931.95,1,1,5.3,3,0,66.0,High
C0003137,60,4968,87977.41,593,10,943.49,1,0,6.2,1,0,63.9,High
C0003138,57,4225,147807.56,648,20,728.76,2,1,19.3,1,0,54.5,High
C0003139,50,5533,42918.34,635,9,1727.48,0,0,10.1,4,0,74.8,High
C0003140,70,4448,45930.76,689,9,3912.28,1,2,8.7,1,0,63.7,High
C0003141,39,3318,55271.51,698,15,3979.02,1,2,4.6,1,0,62.0,High
C0003142,84,4054,72769.95,610,11,1250.5,1,0,13.1,3,0,64.4,High
C0003143,39,1926,65398.16,773,11,1165.66,3,1,5.8,1,0,54.2,High
C0003144,46,4051,86444.6,678,13,4702.39,4,0,12.1,0,0,55.0,High
C0003145,36,4261,33390.85,803,13,2489.54,0,1,4.0,2,1,41.2,Medium
C0003146,47,3676,77123.18,708,10,572.27,1,0,9.9,0,0,42.9,Medium
C0003147,54,644,41219.68,695,10,1059.46,1,0,21.9,0,0,40.3,Medium
C0003148,40,3124,57300.01,653,12,3015.6,1,1,11.2,0,0,57.5,High
C0003149,67,4273,158624.83,736,12,1017.5,2,0,12.0,5,0,43.7,Medium
C0003150,45,1210,28734.57,693,5,1160.26,2,0,0.8,2,0,59.9,High
C0003151,46,4730,53166.44,754,17,1188.02,2,0,4.2,3,0,52.3,High
C0003152,29,5061,30755.82,810,12,3885.14,1,2,9.2,1,0,49.3,Medium
C0003153,48,3246,67445.63,635,7,2186.42,3,1,21.2,4,0,85.4,Very High
C0003154,40,5786,110350.59,736,5,6541.02,0,1,11.3,2,0,38.8,Medium
C0003155,33,5151,68063.75,734,8,1664.69,2,2,10.7,2,0,51.2,High
C0003156,31,2814,58145.05,724,8,1918.15,4,0,6.0,1,0,58.7,High
C0003157,79,5309,128734.95,658,7,2734.45,1,1,7.2,0,0,71.0,High
C0003158,38,5601,74359.45,659,10,1465.83,1,1,13.3,1,0,45.5,Medium
C0003159,22,675,97309.41,646,10,778.37,1,1,7.9,1,0,59.4,High
C0003160,32,5988,91883.91,645,11,1749.44,2,2,11.0,1,0,61.8,High
C0003161,41,59,12745.8,627,7,1352.34,0,2,19.6,1,0,57.8,High
C0003162,50,2932,59439.95,682,8,2025.98,1,1,6.9,3,0,52.0,High
C0003163,50,5629,34267.36,633,12,1491.3,1,1,8.6,2,0,60.9,High
C0003164,51,4354,39291.57,723,12,2948.87,1,0,9.9,3,0,55.0,High
C0003165,33,1622,139512.85,694,12,1750.15,2,3,6.5,2,1,65.3,High
C0003166,47,3873,50450.43,703,8,769.57,0,0,5.6,2,0,54.7,High
C0003167,30,1311,175571.59,669,8,1467.78,2,1,6.4,2,0,77.1,Very High
C0003168,33,1446,28585.68,695,14,1007.01,1,1,16.3,0,0,55.2,High
C0003169,29,5472,34162.05,671,13,7671.54,3,0,16.3,1,0,65.6,High
C0003170,25,311,94294.91,748,10,2266.85,0,1,16.9,0,0,46.8,Medium
C0003171,57,5774,51386.73,657,11,3394.36,0,0,7.7,3,0,53.2,High
C0003172,52,2736,73417.65,718,7,2067.09,1,2,9.5,2,0,44.4,Medium
C0003173,56,416,58286.22,592,9,7246.22,1,0,12.8,0,0,51.7,High
C0003174,43,4729,57323.89,743,13,969.33,1,0,15.2,1,0,50.8,High
C0003175,53,317,52447.07,648,12,1315.11,2,0,17.8,0,0,45.6,Medium
C0003176,18,1971,68433.04,622,9,4535.01,2,0,12.0,1,0,59.7,High
C0003177,54,1467,88237.8,605,12,1571.41,2,1,6.0,1,0,68.6,High
C0003178,44,4713,150666.17,599,12,1352.7,1,2,4.1,1,1,62.9,High
C0003179,51,2398,55465.02,654,13,1527.32,0,1,10.5,1,0,65.9,High
C0003180,47,3939,49930.56,802,6,7722.54,1,0,16.5,1,0,41.2,Medium
C0003181,28,460,46515.26,642,13,8309.68,1,0,36.5,0,0,55.3,High
C0003182,21,4182,139144.85,524,11,2871.35,3,2,11.7,2,0,92.7,Very High
C0003183,32,4273,90632.52,717,13,2500.05,4,1,3.1,2,1,73.2,High
C0003184,50,1735,21816.49,606,9,3660.86,2,1,6.1,0,0,53.7,High
C0003185,52,5291,21293.84,751,4,2839.36,1,0,12.6,0,0,34.4,Medium
C0003186,23,2836,39275.56,658,5,2466.19,4,1,14.5,0,0,65.3,High
C0003187,28,4013,70366.29,669,10,1641.42,1,0,11.8,1,0,51.2,High
C0003188,32,1114,60869.11,780,5,1474.43,1,0,9.5,0,0,36.7,Medium
C0003189,37,5599,82291.07,736,9,3037.25,1,0,6.5,0,0,45.2,Medium
C0003190,23,1502,56296.96,597,5,2408.22,2,0,15.6,2,0,82.6,Very High
C0003191,22,3767,133715.54,608,8,5714.37,3,0,21.0,1,0,61.9,High
C0003192,30,566,94802.49,556,12,1859.12,0,0,9.5,2,0,61.3,High
C0003193,43,297,64702.61,850,8,1205.74,1,2,17.6,0,0,38.4,Medium
C0003194,25,786,116404.49,625,8,851.07,2,0,27.1,2,0,60.4,High
C0003195,40,5658,25034.03,778,4,1335.3,1,0,1.6,0,0,46.5,Medium
C0003196,57,1286,59165.78,650,6,863.93,0,1,3.0,0,0,56.8,High
C0003197,24,5281,66871.05,609,10,4638.5,1,2,6.5,2,0,65.7,High
C0003198,39,3493,86336.67,692,13,1668.84,2,3,7.1,4,1,68.2,High
C0003199,56,559,24138.14,666,6,1335.59,1,1,9.3,0,0,54.8,High
C0003200,36,2664,53726.73,750,11,3005.08,2,0,6.8,1,0,46.4,Medium
C0003201,34,2891,77276.34,751,9,7809.57,1,1,16.0,1,0,39.3,Medium
C0003202,58,1623,80606.04,646,12,1667.02,0,0,6.8,0,0,41.8,Medium
C0003203,38,3636,119045.5,582,9,1052.67,1,1,7.6,0,0,69.2,High
C0003204,57,5170,94251.08,600,10,1701.16,1,0,4.0,3,0,57.4,High
C0003205,48,5305,59959.48,519,9,657.22,4,1,3.9,1,0,86.6,Very High
C0003206,37,3165,89870.52,669,13,3074.05,1,0,6.7,1,0,67.0,High
C0003207,49,5364,55500.08,689,4,3200.99,3,2,10.8,1,0,52.7,High
C0003208,46,5540,67212.55,604,12,1653.4,0,0,8.4,0,0,54.2,High
C0003209,56,555,95993.04,595,11,1062.03,1,0,8.8,2,0,58.2,High
C0003210,34,3820,60474.33,689,10,10471.47,1,0,6.9,0,0,48.7,Medium
C0003211,43,4646,75658.42,643,11,989.41,1,0,7.3,3,0,51.9,High
C0003212,41,124,105199.04,674,7,1350.98,2,1,6.8,0,0,53.6,High
C0003213,52,3632,91727.76,662,13,2249.33,3,0,27.0,1,0,61.7,High
C0003214,28,5483,122185.93,709,7,3849.66,2,0,6.4,1,0,61.1,High
C0003215,56,1631,223135.89,648,10,1994.74,1,0,1.6,2,0,61.0,High
C0003216,49,5149,91262.93,653,10,2251.16,0,0,6.4,1,0,44.7,Medium
C0003217,24,5605,48106.8,549,8,3274.78,2,0,4.0,1,0,68.8,High
C0003218,59,3822,82157.41,686,11,17675.14,4,1,5.8,1,0,80.4,Very High
C0003219,73,3788,80236.98,697,9,1509.82,1,0,8.6,0,0,45.3,Medium
C0003220,56,3222,86883.25,677,15,1579.35,2,2,12.8,4,0,86.8,Very High
C0003221,62,2471,141089.34,833,6,2051.35,1,0,9.9,0,0,36.9,Medium
C0003222,43,2733,24553.96,702,10,3420.58,3,0,4.3,0,0,56.2,High
C0003223,19,3148,142557.48,678,9,11356.95,1,0,3.6,1,0,53.8,High
C0003224,18,2908,171548.09,727,8,2047.25,1,0,14.7,1,0,42.2,Medium
C0003225,46,4961,84738.77,848,11,3155.03,0,0,9.1,2,0,31.7,Medium
C0003226,34,4622,85867.78,709,10,540.66,0,0,6.8,0,0,51.8,High
C0003227,29,2105,54284.01,523,12,2294.37,1,0,13.6,1,0,77.6,Very High
C0003228,41,3093,62216.02,722,5,2179.93,1,1,10.6,1,0,44.9,Medium
C0003229,51,1314,91013.52,624,9,4266.89,1,2,9.1,5,0,75.4,Very High
C0003230,22,1080,87846.26,546,9,1571.76,0,0,17.2,0,0,43.4,Medium
C0003231,36,2232,92159.87,817,9,993.92,1,0,11.4,0,0,28.5,Medium
C0003232,63,377,87514.29,801,8,2554.24,0,0,7.0,0,0,37.8,Medium
C0003233,27,5131,101620.86,622,12,798.56,1,1,17.0,0,0,58.4,High
C0003234,54,783,95563.52,623,9,1304.79,0,1,9.9,2,0,66.0,High
C0003235,35,1979,35295.05,702,12,2280.07,0,1,13.8,1,0,49.7,Medium
C0003236,50,1531,97991.6,624,14,463.28,1,1,4.6,1,0,62.6,High
C0003237,57,1264,172320.66,680,17,1863.12,1,1,19.6,4,0,44.4,Medium
C0003238,52,2225,61098.64,637,6,6145.84,1,2,16.1,3,0,66.7,High
C0003239,55,4323,141436.15,660,9,772.08,0,0,9.3,2,0,52.9,High
C0003240,26,5357,37435.59,585,11,1410.92,0,0,4.4,1,0,50.5,High
C0003241,58,1156,60993.36,752,12,3225.08,1,0,12.0,2,0,45.1,Medium
C0003242,30,1457,43575.6,780,9,3737.76,0,1,7.2,3,0,48.6,Medium
C0003243,46,2833,132383.91,682,8,2284.44,1,2,10.4,4,0,72.1,High
C0003244,46,1938,152840.74,687,6,1949.1,2,2,36.5,1,0,66.3,High
C0003245,49,4805,58708.03,737,13,6444.33,1,1,3.7,0,0,40.1,Medium
C0003246,47,1361,118062.98,690,8,2526.25,0,1,8.9,2,0,44.0,Medium
C0003247,30,2432,153696.37,820,4,1106.24,2,0,10.8,1,0,31.5,Medium
C0003248,23,3288,60887.57,591,8,2378.7,1,0,22.3,0,0,56.5,High
C0003249,54,2307,66586.23,755,6,2015.3,1,0,13.0,1,0,34.6,Medium
C0003250,45,3714,92816.35,681,15,1654.23,1,0,35.9,3,0,46.5,Medium
C0003251,58,4803,39006.9,606,10,737.62,2,0,5.2,0,0,65.7,High
C0003252,41,3206,65870.33,850,11,2189.89,0,0,5.5,1,0,23.1,Low
C0003253,22,2757,201475.4,850,7,3212.64,1,0,14.5,6,1,44.1,Medium
C0003254,56,5712,47093.12,674,13,3583.22,2,2,5.6,0,0,66.3,High
C0003255,37,5891,99160.41,723,16,2215.97,2,1,15.8,0,1,39.9,Medium
C0003256,47,5972,82700.6,655,12,2251.43,2,1,33.0,0,0,47.3,Medium
C0003257,33,128,56659.7,667,8,1528.82,1,6,4.6,0,0,69.3,High
C0003258,65,5029,70038.47,605,9,4127.36,1,0,18.3,1,0,56.1,High
C0003259,30,5395,162564.58,594,15,1015.67,1,1,7.4,2,1,60.2,High
C0003260,37,4837,84066.89,828,11,1567.98,2,0,1.0,1,0,66.1,High
C0003261,44,4504,91609.47,687,13,1302.97,3,1,7.9,0,0,64.3,High
C0003262,27,2215,149546.69,694,9,2045.92,2,0,6.8,1,0,53.2,High
C0003263,47,4364,52876.48,629,9,5164.26,3,0,13.8,1,0,63.5,High
C0003264,65,3491,34859.69,704,13,1016.58,0,0,13.1,2,0,44.3,Medium
C0003265,35,4993,163976.88,577,13,2637.88,2,0,6.3,3,0,68.1,High
C0003266,48,2128,66834.63,632,15,2676.36,1,2,11.0,2,0,62.9,High
C0003267,18,4463,101353.55,600,10,1175.64,1,0,11.6,1,0,57.6,High
C0003268,41,4712,40766.2,787,9,1941.14,0,0,21.3,1,0,35.7,Medium
C0003269,38,5008,76770.76,566,4,1228.22,1,1,7.0,3,0,64.9,High
C0003270,31,1055,33913.78,602,7,2348.82,3,0,14.4,5,0,63.1,High
C0003271,57,5186,64212.08,536,9,2037.25,2,1,13.9,2,0,80.1,Very High
C0003272,37,1323,43413.77,623,14,5850.84,1,0,14.9,1,0,66.5,High
C0003273,40,5624,38260.75,656,10,1337.78,0,1,8.6,0,0,52.0,High
C0003274,37,261,52479.2,763,6,1967.33,2,1,15.7,0,0,47.5,Medium
C0003275,18,1364,17562.56,673,8,1725.65,1,0,21.9,0,0,45.9,Medium
C0003276,26,3665,32759.34,659,7,5313.89,2,0,5.4,0,0,56.0,High
C0003277,55,3273,95341.21,712,9,1597.5,2,0,10.8,2,0,60.9,High
C0003278,18,4140,75064.74,657,13,1232.69,2,0,3.8,0,0,54.3,High
C0003279,31,2439,34340.71,850,14,1328.55,2,1,13.9,1,0,47.3,Medium
C0003280,36,50,83802.67,646,8,1314.34,2,3,9.1,1,0,67.6,High
C0003281,66,3717,38248.99,721,7,1507.8,1,2,11.1,0,0,51.2,High
C0003282,53,3079,92223.46,752,9,1261.38,5,0,6.4,1,0,56.1,High
C0003283,34,3066,58179.49,644,10,2222.25,1,0,11.6,1,0,45.6,Medium
C0003284,60,2279,51848.02,702,7,945.88,2,2,26.9,1,0,57.2,High
C0003285,32,5346,58971.21,652,13,3200.3,1,2,10.9,1,0,66.1,High
C0003286,56,4760,253376.12,711,12,2259.69,3,0,13.7,0,0,45.2,Medium
C0003287,23,1111,40845.37,698,8,6312.98,1,0,12.0,0,0,49.1,Medium
C0003288,57,262,70227.62,679,11,2980.0,0,0,35.7,0,0,35.4,Medium
C0003289,36,1112,95286.41,603,8,2790.69,0,0,5.5,0,0,54.4,High
C0003290,28,319,36518.07,830,6,8122.76,2,0,10.5,6,1,47.7,Medium
C0003291,39,4264,25797.89,734,4,2917.84,3,0,22.7,1,0,50.1,High
C0003292,46,3732,44546.36,571,9,1913.36,0,1,7.2,1,0,63.6,High
C0003293,35,2794,94145.28,658,10,1250.41,1,3,10.0,1,0,65.9,High
C0003294,50,3562,51368.88,572,11,5656.68,0,1,3.7,1,1,69.1,High
C0003295,34,4855,54599.58,747,2,1142.27,4,2,5.4,0,0,66.9,High
C0003296,51,4991,102315.14,688,7,1048.91,3,1,15.9,1,0,53.2,High
C0003297,48,2624,39791.2,690,8,1051.97,1,2,8.7,2,0,67.5,High
C0003298,41,3565,59046.13,627,12,1349.0,0,1,4.5,1,0,66.9,High
C0003299,36,3474,26964.52,666,10,2262.99,1,0,4.9,2,0,53.4,High
C0003300,44,5697,73960.4,749,10,1855.39,0,1,13.3,1,0,32.1,Medium
C0003301,50,4576,70341.59,769,16,3095.51,2,0,10.3,3,0,42.4,Medium
C0003302,71,1906,96031.8,753,12,1083.22,3,0,11.7,0,0,51.7,High
C0003303,55,5325,33024.3,574,9,1248.32,1,0,5.8,2,0,63.1,High
C0003304,56,2405,55790.09,676,17,2430.9,2,1,12.6,2,0,63.9,High
C0003305,85,4553,30691.19,709,8,1175.56,1,0,10.0,2,0,63.5,High
C0003306,49,5866,54150.96,635,14,907.6,2,2,14.2,1,0,59.4,High
C0003307,49,4859,140066.57,566,15,813.88,2,3,12.0,1,0,77.0,Very High
C0003308,52,671,51972.79,594,9,2131.7,2,0,6.9,1,0,74.5,High
C0003309,28,1258,29249.97,802,11,2103.75,3,1,3.1,1,0,49.6,Medium
C0003310,36,4781,42657.4,601,12,2040.27,1,1,4.6,0,0,53.2,High
C0003311,35,766,25562.1,694,12,4852.42,4,0,11.6,0,0,58.8,High
C0003312,51,99,30400.51,678,8,2677.52,1,2,10.2,2,1,73.2,High
C0003313,40,1570,89673.67,678,4,2200.49,0,0,8.6,2,0,56.7,High
C0003314,44,2934,27985.28,666,12,5283.92,2,1,9.9,0,0,51.1,High
C0003315,57,796,73619.88,749,7,4146.29,1,0,2.4,4,0,48.2,Medium
C0003316,54,945,62884.07,693,11,1368.9,1,1,2.8,3,0,48.2,Medium
C0003317,40,2053,46283.89,643,5,3784.5,1,2,14.3,2,0,67.4,High
C0003318,33,3605,70258.19,694,13,6964.85,2,0,25.0,2,0,56.3,High
C0003319,58,3280,37018.6,594,14,6981.64,1,1,17.9,1,0,62.7,High
C0003320,53,4795,98454.92,726,6,4150.94,1,0,19.0,2,0,42.1,Medium
C0003321,20,5885,42226.47,639,6,2831.05,3,1,21.6,1,0,64.2,High
C0003322,38,227,50130.65,643,9,2656.76,1,1,16.1,2,0,49.1,Medium
C0003323,44,4139,46955.08,728,18,5672.53,1,0,3.8,0,0,44.7,Medium
C0003324,53,1007,90590.09,659,8,922.16,0,0,8.4,1,0,55.0,High
C0003325,55,2181,83644.74,664,14,5014.89,0,2,12.4,0,0,59.6,High
C0003326,46,2075,14661.11,778,7,2394.62,1,0,8.4,2,0,46.9,Medium
C0003327,50,4213,71305.11,617,9,1207.68,2,1,8.0,0,0,51.8,High
C0003328,43,1557,23750.61,727,9,1020.36,1,0,5.0,1,0,40.2,Medium
C0003329,33,5370,51388.14,761,9,726.01,0,0,2.8,1,0,38.8,Medium
C0003330,38,2317,58418.85,778,9,3175.22,1,1,4.5,1,0,55.2,High
C0003331,42,4896,51085.58,850,12,7675.65,1,2,20.5,1,0,36.7,Medium
C0003332,42,5712,81661.69,642,7,1590.4,0,2,19.4,0,0,53.5,High
C0003333,18,3078,92127.78,625,12,1262.85,2,1,2.8,1,0,69.9,High
C0003334,36,634,40517.27,751,8,4825.72,3,0,1.3,1,0,54.3,High
C0003335,43,4217,39715.68,761,16,2368.44,0,0,15.3,0,0,36.2,Medium
C0003336,38,2556,60785.49,631,10,4971.86,0,0,5.7,0,0,46.5,Medium
C0003337,39,2049,26524.84,726,14,1166.68,2,0,3.6,1,0,48.1,Medium
C0003338,49,2758,47693.57,850,9,3362.34,2,1,13.2,2,0,44.3,Medium
C0003339,27,1819,130135.63,698,11,7158.67,0,0,5.6,0,0,56.9,High
C0003340,19,1703,27076.58,759,6,1111.83,0,0,21.2,1,1,30.5,Medium
C0003341,37,5938,51422.19,808,16,1785.97,1,0,18.0,1,0,34.1,Medium
C0003342,53,1692,44762.42,850,4,1739.2,2,1,3.3,0,0,44.7,Medium
C0003343,66,2768,186798.73,708,9,3581.03,1,0,8.2,0,0,59.0,High
C0003344,53,4297,46122.95,784,6,4992.21,3,0,14.0,1,0,53.2,High
C0003345,21,1349,47619.31,631,14,1412.43,0,1,9.8,0,0,46.3,Medium
C0003346,39,3718,35170.71,692,6,11158.4,4,1,7.6,1,1,63.0,High
C0003347,46,5376,62318.69,657,15,2282.27,0,0,7.4,0,0,45.8,Medium
C0003348,44,4882,71932.36,549,11,1521.18,2,1,8.5,0,0,62.9,High
C0003349,50,200,38089.3,570,10,5564.7,2,0,13.6,1,0,64.8,High
C0003350,29,2448,106797.22,722,7,2409.69,0,0,4.2,0,0,54.8,High
C0003351,43,31,71967.84,724,13,1722.74,6,2,5.4,1,0,75.6,Very High
C0003352,48,3652,99055.37,612,9,1546.39,2,0,2.4,1,0,66.4,High
C0003353,54,1971,51762.18,807,10,8626.96,0,1,5.0,1,0,33.8,Medium
C0003354,31,5364,70872.73,607,8,1153.07,2,0,6.3,1,0,70.8,High
C0003355,37,1077,55143.08,709,11,4573.35,5,0,13.4,1,0,64.3,High
C0003356,18,5112,138221.74,659,10,1298.09,1,0,7.2,0,0,55.2,High
C0003357,33,2073,66094.11,698,6,1467.68,1,0,8.2,1,0,56.9,High
C0003358,35,5522,62299.23,757,13,2085.89,2,0,12.3,1,0,42.7,Medium
C0003359,28,1221,48187.58,747,9,2977.2,1,2,18.6,2,1,42.2,Medium
C0003360,44,1635,46681.8,743,10,755.32,0,2,4.3,1,0,53.8,High
C0003361,41,2125,70660.13,734,17,1544.31,0,2,5.1,1,0,51.2,High
C0003362,18,5912,97310.56,595,8,4294.63,2,1,4.2,1,0,67.2,High
C0003363,45,4411,42547.77,775,14,4282.0,3,0,3.5,2,0,64.6,High
C0003364,29,4903,66470.15,610,10,1821.65,0,0,14.4,2,0,63.6,High
C0003365,49,3330,68609.27,682,8,1024.82,3,0,13.2,0,0,57.3,High
C0003366,24,4775,75507.68,664,7,2530.84,1,3,11.8,1,1,57.9,High
C0003367,42,3772,24240.17,716,10,3782.0,2,0,9.5,2,1,80.5,Very High
C0003368,38,4015,37282.77,654,12,2475.56,3,0,4.4,4,1,72.9,High
C0003369,46,5028,29251.18,678,7,5484.66,2,1,20.3,0,0,53.8,High
C0003370,44,5900,63131.56,811,10,1846.17,2,0,21.0,1,0,34.2,Medium
C0003371,38,3467,37773.17,593,13,934.05,0,1,22.2,1,0,55.3,High
C0003372,20,2666,47190.93,690,5,1494.58,5,2,27.7,0,0,58.3,High
C0003373,21,3929,32145.75,606,8,2202.2,2,2,7.6,0,0,61.3,High
C0003374,34,4456,49667.67,741,15,1392.66,3,0,12.1,0,0,48.7,Medium
C0003375,42,5918,33410.74,635,8,1569.44,0,1,12.4,0,0,61.1,High
C0003376,33,4201,94064.81,693,8,4110.61,0,1,5.1,1,0,52.4,High
C0003377,51,5728,80697.68,591,10,1297.5,1,0,16.2,2,0,41.8,Medium
C0003378,38,4400,67340.41,787,11,924.9,2,0,3.7,0,0,56.2,High
C0003379,28,5711,52513.29,695,4,3724.51,2,0,5.1,0,0,43.7,Medium
C0003380,38,4516,20214.63,700,9,3346.66,3,3,9.6,1,0,62.7,High
C0003381,45,5313,48188.52,752,15,1121.07,0,1,4.6,1,0,53.9,High
C0003382,47,1168,40785.77,596,10,3484.38,3,0,15.7,1,0,69.6,High
C0003383,68,5955,71032.34,644,9,1055.03,2,0,34.0,2,0,62.0,High
C0003384,33,2113,87179.86,703,8,1374.6,2,1,8.0,0,0,61.3,High
C0003385,41,4791,74119.77,558,7,1073.14,0,0,5.0,2,0,70.7,High
C0003386,48,2371,124189.11,566,10,1633.13,3,0,5.1,1,0,66.8,High
C0003387,42,2764,45356.87,628,13,3174.33,2,0,4.4,1,0,58.5,High
C0003388,35,4495,44334.26,604,6,2621.81,0,0,13.1,1,1,57.0,High
C0003389,20,3257,109723.92,664,9,1296.33,3,0,6.9,3,0,62.9,High
C0003390,35,4306,67935.14,729,8,2488.3,1,0,5.9,0,0,47.8,Medium
C0003391,27,501,54124.4,746,12,2820.24,1,0,1.3,0,0,55.3,High
C0003392,18,5005,171180.92,826,9,4093.91,2,1,6.1,0,0,49.7,Medium
C0003393,31,2468,85190.18,688,10,2778.7,0,1,11.2,2,0,62.7,High
C0003394,27,4737,55831.32,702,5,3553.6,2,0,8.9,1,0,52.5,High
C0003395,50,1734,42515.33,688,6,2294.65,6,1,3.7,0,1,71.8,High
C0003396,50,3588,128601.23,714,15,1295.37,1,0,10.0,3,0,59.2,High
C0003397,29,3541,69476.1,720,10,2444.01,4,0,11.2,3,0,45.2,Medium
C0003398,38,865,62841.69,759,8,4848.18,1,2,7.4,0,0,59.3,High
C0003399,18,2861,89934.93,759,7,5015.56,1,0,23.7,0,0,35.3,Medium
C0003400,35,3823,100603.06,729,13,410.86,4,0,4.4,1,0,56.4,High
C0003401,48,5021,83894.74,803,10,3311.04,2,0,3.6,0,0,37.1,Medium
C0003402,54,5325,100818.41,692,12,1595.54,0,0,31.0,1,0,41.6,Medium
C0003403,32,2325,79470.85,644,11,2854.38,0,2,12.5,0,0,62.6,High
C0003404,57,3869,84126.72,656,12,905.4,2,1,15.3,0,0,59.6,High
C0003405,21,1072,41460.18,682,9,1663.39,2,2,4.7,1,0,55.2,High
C0003406,25,5376,167809.43,609,15,775.51,2,3,6.0,0,0,83.4,Very High
C0003407,52,5212,31456.71,644,7,1660.7,2,0,6.2,0,0,45.7,Medium
C0003408,65,5994,73500.49,605,9,3265.41,2,0,13.8,1,0,65.1,High
C0003409,49,2932,29722.74,716,10,2938.02,0,0,9.5,1,0,39.5,Medium
C0003410,41,2174,58742.51,717,8,8875.57,2,1,16.3,1,0,48.4,Medium
C0003411,18,4554,45282.6,557,12,1574.1,2,1,8.0,1,0,59.5,High
C0003412,18,4348,66806.48,641,12,1243.04,3,0,11.1,0,0,50.2,High
C0003413,44,1295,74821.19,827,1,5415.72,0,0,14.7,1,0,42.4,Medium
C0003414,37,3253,36640.38,737,14,720.98,1,0,25.1,0,0,38.9,Medium
C0003415,27,3873,61005.04,724,13,2494.36,1,0,5.8,1,0,48.3,Medium
C0003416,43,2746,133440.44,640,8,3050.56,2,0,1.4,0,0,60.6,High
C0003417,44,2245,30126.0,712,9,490.09,2,0,10.6,0,0,55.9,High
C0003418,55,1462,38760.62,689,3,1083.03,1,1,12.9,1,0,54.2,High
C0003419,44,2487,99538.99,630,6,905.78,2,0,10.0,5,0,69.9,High
C0003420,59,1498,64701.83,653,8,3781.11,2,0,11.9,3,0,62.8,High
C0003421,42,1823,67374.7,655,22,1448.97,3,1,3.6,0,0,64.9,High
C0003422,40,1134,108787.96,578,8,1857.47,0,2,12.7,0,0,60.5,High
C0003423,57,2276,40060.73,591,14,770.78,3,2,23.7,1,0,75.9,Very High
C0003424,28,3799,46595.32,675,9,1299.57,3,0,15.6,2,0,54.9,High
C0003425,81,2284,43540.06,626,10,1316.38,1,1,2.9,1,0,71.8,High
C0003426,47,878,51194.02,667,8,1909.16,3,1,13.5,3,0,73.8,High
C0003427,47,4812,129524.69,570,11,1803.29,1,0,6.5,1,0,71.1,High
C0003428,49,2605,24325.87,750,14,5720.67,0,1,4.8,3,0,44.5,Medium
C0003429,68,3515,32146.84,846,6,3448.89,0,2,21.6,0,0,42.0,Medium
C0003430,53,3154,29253.78,767,9,693.36,0,0,8.4,0,0,44.3,Medium
C0003431,20,3052,134030.32,775,14,4262.49,1,0,17.1,0,0,27.4,Medium
C0003432,62,2646,44221.65,737,8,3898.16,0,0,10.5,1,0,39.1,Medium
C0003433,37,4541,51803.82,710,6,2299.61,3,2,9.2,2,0,79.9,Very High
C0003434,44,5133,25510.38,696,11,4175.31,2,1,14.3,1,0,54.9,High
C0003435,24,5426,53668.28,621,13,4807.22,3,3,6.9,0,0,86.8,Very High
C0003436,49,2675,99855.22,742,12,1604.3,2,0,13.9,3,0,59.4,High
C0003437,33,2065,71254.7,737,8,995.62,4,1,12.0,0,0,52.9,High
C0003438,43,524,58428.81,655,9,3175.95,1,1,14.8,2,0,62.4,High
C0003439,38,2673,26218.03,729,14,1294.83,1,0,29.9,0,0,37.5,Medium
C0003440,69,5953,51767.41,638,15,2612.38,0,1,9.9,1,0,45.3,Medium
C0003441,70,1583,67217.76,643,10,1120.47,1,1,7.4,1,0,57.5,High
C0003442,43,5074,35932.09,748,14,4143.66,1,1,11.8,1,0,55.2,High
C0003443,43,4547,88883.32,722,9,1342.9,1,0,6.9,0,0,45.7,Medium
C0003444,37,3970,100879.03,673,8,1918.11,0,2,7.8,1,1,50.7,High
C0003445,57,3404,46357.25,664,11,1839.67,0,0,8.2,3,0,62.5,High
C0003446,37,4545,92419.88,703,5,876.24,0,0,9.4,2,0,47.7,Medium
C0003447,36,617,58368.57,552,12,4437.73,0,2,1.5,0,0,80.0,Very High
C0003448,56,795,116519.69,633,7,5072.24,0,0,14.1,0,0,42.4,Medium
C0003449,34,1198,189789.82,595,14,2004.15,2,0,9.9,3,0,79.9,Very High
C0003450,41,4602,33974.78,691,9,1342.79,2,0,2.7,0,0,58.4,High
C0003451,20,2609,94665.61,772,7,1889.58,1,1,18.5,2,0,51.1,High
C0003452,52,1270,127086.11,726,12,1583.35,2,0,22.2,1,0,50.9,High
C0003453,69,297,36352.4,652,11,2167.73,3,1,8.0,1,0,65.4,High
C0003454,52,2949,45187.39,637,12,1796.51,1,2,6.1,0,0,54.9,High
C0003455,62,2409,44908.5,633,14,1219.91,1,1,11.6,2,0,54.4,High
C0003456,30,1092,57633.54,840,11,4589.96,4,0,15.0,0,0,49.7,Medium
C0003457,45,169,50964.71,695,5,1914.19,0,0,6.3,0,0,45.7,Medium
C0003458,29,4530,55594.14,705,17,7721.66,2,0,7.4,1,0,59.2,High
C0003459,39,4682,98300.39,532,10,2354.24,1,2,19.2,0,0,71.6,High
C0003460,53,1498,21855.18,601,10,1691.03,0,2,20.3,1,0,60.9,High
C0003461,43,2977,36288.21,687,12,1831.38,1,0,7.4,2,0,55.2,High
C0003462,22,1541,89621.46,653,8,1732.81,0,1,7.2,1,0,64.1,High
C0003463,24,2470,84028.94,700,5,2053.34,2,0,4.9,1,0,49.4,Medium
C0003464,23,682,34637.47,699,12,2544.8,3,3,10.5,0,0,65.5,High
C0003465,49,5679,84349.63,735,9,1060.97,0,3,4.9,1,0,62.1,High
C0003466,71,4332,128626.29,550,18,1132.67,2,0,15.9,0,0,47.0,Medium
C0003467,61,5409,60350.53,607,8,3653.08,1,3,7.2,1,1,74.4,High
C0003468,18,1796,35614.61,683,10,3070.04,1,0,4.1,0,0,46.4,Medium
C0003469,62,5241,100319.41,641,11,790.31,3,0,3.1,1,0,69.3,High
C0003470,55,3124,159941.7,667,11,3089.88,0,1,6.0,0,0,41.9,Medium
C0003471,20,1212,38082.59,698,9,3798.89,3,0,6.1,5,0,72.5,High
C0003472,38,2013,63353.05,634,11,2592.29,4,1,6.8,1,0,61.4,High
C0003473,57,4874,112924.56,704,13,750.74,0,2,10.1,1,0,48.1,Medium
C0003474,50,4654,66061.21,731,6,922.51,1,0,13.2,3,0,50.3,High
C0003475,24,4329,23715.32,695,15,2133.8,0,2,18.6,1,0,45.5,Medium
C0003476,51,1382,79123.83,744,8,7478.15,2,1,6.9,2,1,55.7,High
C0003477,18,3897,36190.25,527,5,1550.39,1,0,9.9,1,0,59.6,High
C0003478,39,5646,30822.25,646,9,3260.94,0,1,13.4,0,0,49.6,Medium
C0003479,58,321,23971.68,757,6,1447.55,2,0,11.3,2,0,54.6,High
C0003480,42,1948,119325.9,625,17,6642.04,0,0,29.2,0,0,47.1,Medium
C0003481,35,509,39175.17,615,8,2260.12,1,1,8.6,1,0,72.7,High
C0003482,54,649,74475.43,681,8,1000.24,0,0,6.0,2,0,49.5,Medium
C0003483,56,5986,85247.55,689,6,1294.79,1,1,16.2,1,0,58.8,High
C0003484,60,1464,67771.03,650,16,1228.6,0,1,4.2,2,1,63.4,High
C0003485,54,1100,72984.59,828,12,2372.82,1,0,9.4,1,0,51.7,High
C0003486,57,471,76455.65,711,13,1399.13,4,0,18.4,1,0,76.4,Very High
C0003487,52,5886,66892.58,622,13,1594.53,2,1,3.5,0,0,69.1,High
C0003488,46,2828,40814.88,582,9,7795.55,0,1,10.6,0,0,55.5,High
C0003489,43,4754,38861.3,720,8,1502.76,1,1,6.8,2,1,50.8,High
C0003490,39,1523,58521.52,621,11,2467.37,1,2,7.0,0,0,71.2,High
C0003491,25,3856,57843.68,850,10,1842.33,1,0,5.0,0,0,31.3,Medium
C0003492,29,5319,78512.69,722,10,2130.77,3,3,11.9,1,0,67.8,High
C0003493,38,4036,113640.72,732,11,3393.66,0,1,3.6,1,0,41.5,Medium
C0003494,45,3117,74909.62,709,19,527.09,4,3,13.2,1,0,68.9,High
C0003495,62,1286,39691.95,774,14,2425.8,2,0,2.9,0,0,45.3,Medium
C0003496,41,1423,18680.85,510,13,1722.8,1,2,14.2,1,0,73.8,High
C0003497,56,3593,40618.31,600,11,2465.88,3,2,6.8,0,0,82.8,Very High
C0003498,57,2724,29596.75,768,9,1927.56,3,0,6.9,1,0,54.4,High
C0003499,39,307,41489.06,803,11,1938.85,2,1,12.6,2,0,53.8,High
C0003500,50,1200,70837.37,597,9,2665.97,2,1,18.8,0,0,65.4,High
C0003501,39,2609,64945.55,554,11,1538.54,2,3,13.8,0,0,67.4,High
C0003502,61,1097,172281.9,703,13,7901.61,1,1,11.3,1,0,57.6,High
C0003503,51,3337,80868.89,726,10,1177.16,5,1,13.0,0,0,56.2,High
C0003504,25,1824,177181.81,701,14,5606.37,0,2,13.6,2,1,50.6,High
C0003505,44,1770,91877.95,686,8,981.81,2,3,5.7,0,0,62.1,High
C0003506,65,676,112648.58,551,11,1853.6,2,1,10.0,2,0,86.7,Very High
C0003507,39,3034,50893.65,662,13,2692.46,1,0,20.9,0,0,49.5,Medium
C0003508,48,1156,34334.62,673,11,1199.79,0,0,6.3,2,0,54.6,High
C0003509,50,3793,48434.21,649,12,1147.18,2,2,6.3,0,0,75.7,Very High
C0003510,27,5630,61596.57,546,6,1832.88,1,0,4.8,1,0,63.3,High
C0003511,49,5476,43888.27,734,16,3938.15,0,0,21.9,1,0,48.8,Medium
C0003512,22,4010,35748.42,755,7,2320.39,0,0,12.5,0,0,34.7,Medium
C0003513,33,4850,77975.53,630,11,7538.65,2,1,10.9,1,0,63.2,High
C0003514,57,5528,35664.86,676,10,3175.59,2,2,7.1,0,1,59.4,High
C0003515,47,4100,26674.65,653,10,1634.28,0,1,8.5,1,0,51.1,High
C0003516,38,1563,33447.83,653,4,381.86,1,2,22.8,1,0,57.3,High
C0003517,48,3019,54502.08,727,9,802.85,2,4,5.1,2,1,77.4,Very High
C0003518,41,5146,35949.99,729,9,1851.46,1,0,5.8,0,0,61.3,High
C0003519,42,4017,54690.22,771,13,795.53,0,3,9.5,0,0,36.1,Medium
C0003520,51,2192,86261.1,769,6,1941.1,0,0,15.0,2,0,49.2,Medium
C0003521,32,1035,85036.29,677,10,2543.68,0,4,13.4,1,0,64.5,High
C0003522,43,890,43106.77,850,11,1818.92,2,1,11.1,0,0,38.7,Medium
C0003523,38,2280,30264.23,806,10,1844.32,2,0,14.4,0,0,38.8,Medium
C0003524,20,4834,45174.89,641,9,7853.2,4,0,13.2,2,0,76.5,Very High
C0003525,29,3329,88920.17,699,10,2296.06,1,0,15.3,0,0,51.3,High
C0003526,64,386,101108.31,541,13,2011.56,1,0,11.2,0,0,59.2,High
C0003527,47,5513,75280.7,692,8,1152.77,4,0,10.2,0,0,64.6,High
C0003528,23,2446,120051.91,816,4,2195.36,2,0,14.7,0,0,37.4,Medium
C0003529,20,2361,160484.21,850,10,1611.91,1,0,10.3,0,0,28.4,Medium
C0003530,40,4921,47529.9,681,14,7096.3,2,0,5.5,4,1,54.4,High
C0003531,64,2280,140434.92,715,6,3185.3,3,1,11.8,0,0,50.4,High
C0003532,39,3714,53722.51,735,7,5538.45,2,0,12.1,1,0,51.5,High
C0003533,60,5529,108641.25,838,9,2519.26,0,0,8.1,1,0,29.4,Medium
C0003534,47,3122,91546.7,616,11,4944.47,0,2,21.5,2,0,64.0,High
C0003535,49,3696,20900.06,850,9,1147.97,3,0,8.1,0,0,47.9,Medium
C0003536,23,2141,36441.54,666,10,2587.53,2,1,13.6,1,0,57.4,High
C0003537,55,5347,31671.78,602,15,1250.4,2,0,11.1,2,0,63.2,High
C0003538,37,478,23266.36,666,9,1653.18,0,0,7.2,0,0,38.7,Medium
C0003539,54,1679,100560.31,629,11,2260.34,1,1,5.2,1,0,71.2,High
C0003540,31,5946,193438.36,721,5,1180.92,0,0,12.8,1,0,50.2,High
C0003541,44,2920,53807.59,566,7,850.49,0,0,14.1,5,0,65.3,High
C0003542,47,1073,99178.43,701,14,4169.73,1,0,19.4,1,0,44.1,Medium
C0003543,40,2500,140285.31,740,7,737.91,3,1,6.3,1,0,57.3,High
C0003544,48,1554,69527.11,801,6,6599.62,2,1,4.3,1,1,50.6,High
C0003545,38,3165,61142.81,741,17,1294.7,0,2,2.0,3,0,60.4,High
C0003546,33,1438,54163.43,797,16,3179.39,1,1,14.9,1,0,42.2,Medium
C0003547,64,2414,83328.6,645,13,3302.75,2,3,15.2,1,0,68.9,High
C0003548,57,5450,100305.06,720,10,1072.29,0,0,12.5,2,0,51.1,High
C0003549,31,521,79928.07,523,14,2966.93,0,2,7.2,1,0,77.1,Very High
C0003550,50,4589,78432.55,681,17,2459.67,1,1,15.7,1,0,66.3,High
C0003551,32,496,60278.34,719,7,3316.07,6,2,9.1,1,1,81.0,Very High
C0003552,25,2760,25816.39,726,7,4829.21,2,1,1.5,1,0,49.4,Medium
C0003553,56,4019,101583.22,572,8,3733.52,1,2,7.6,0,0,68.8,High
C0003554,18,5733,30587.47,661,11,1251.09,1,0,23.4,1,0,47.0,Medium
C0003555,55,1522,87164.44,671,10,2013.84,1,1,10.5,0,0,48.1,Medium
C0003556,38,345,93952.52,658,9,1287.68,3,2,4.2,3,1,75.8,Very High
C0003557,39,4512,33112.03,744,18,1513.11,1,1,8.3,0,0,53.8,High
C0003558,48,5365,44382.44,674,15,3021.12,4,1,21.1,0,0,59.3,High
C0003559,50,3403,199127.51,697,9,3260.12,1,1,7.0,0,1,54.7,High
C0003560,30,390,59348.04,653,10,3211.63,1,0,8.3,0,0,53.7,High
C0003561,52,3019,31690.5,770,12,2652.57,1,0,19.3,0,0,40.0,Medium
C0003562,44,2365,96314.41,775,13,2929.6,0,3,9.1,3,1,48.1,Medium
C0003563,24,2725,40534.89,667,15,1637.04,2,0,17.3,2,0,67.1,High
C0003564,40,352,21560.14,850,13,5294.66,4,2,6.9,0,0,55.9,High
C0003565,61,1924,82517.27,633,10,3396.3,1,0,9.8,0,0,50.7,High
C0003566,65,5993,37449.55,766,8,2170.14,1,0,7.3,1,0,59.2,High
C0003567,52,303,73979.5,619,6,4574.64,4,1,2.7,0,1,70.1,High
C0003568,25,5488,39652.53,748,9,1573.96,1,1,8.1,2,0,48.2,Medium
C0003569,49,3119,91477.83,742,9,2377.81,0,0,4.8,0,0,43.4,Medium
C0003570,54,3521,68583.94,614,11,3935.89,3,3,7.5,3,0,85.0,Very High
C0003571,52,5603,14925.48,680,7,996.71,1,2,6.3,1,0,68.5,High
C0003572,53,1330,76496.22,830,7,9329.67,0,0,15.9,1,0,40.0,Medium
C0003573,47,5906,52867.15,629,7,1500.35,1,1,9.1,0,0,60.9,High
C0003574,41,1682,135142.41,720,12,1639.38,1,2,21.8,1,0,54.5,High
C0003575,33,2114,77053.4,715,8,2228.94,1,0,5.3,1,0,41.9,Medium
C0003576,18,2713,93974.29,687,18,3558.99,3,0,13.8,0,0,66.8,High
C0003577,47,3621,41944.06,560,10,3787.1,3,1,14.9,0,0,65.6,High
C0003578,45,1956,40148.98,752,14,5829.36,1,2,2.7,2,0,59.0,High
C0003579,50,4764,61131.5,691,10,2110.56,0,1,10.9,0,0,56.5,High
C0003580,23,157,50845.7,773,11,2726.46,3,0,7.0,1,0,46.5,Medium
C0003581,51,4009,129416.95,707,8,809.48,0,0,8.5,1,0,54.0,High
C0003582,71,3947,56986.19,695,15,1096.87,2,0,7.9,1,0,50.7,High
C0003583,43,3221,31610.28,718,9,2073.22,2,1,10.7,2,0,60.5,High
C0003584,41,3692,39329.11,616,7,2776.16,2,1,6.2,1,0,69.5,High
C0003585,46,4493,105415.79,807,8,2134.97,1,2,2.2,2,0,40.3,Medium
C0003586,70,5428,56551.0,662,12,3093.25,2,1,23.0,1,0,57.9,High
C0003587,28,1333,54912.6,663,16,2120.3,1,0,6.1,3,1,55.4,High
C0003588,45,2876,111078.54,787,13,1889.63,1,0,8.3,0,0,51.8,High
C0003589,31,3386,37487.77,709,7,10471.08,0,0,8.9,0,0,43.0,Medium
C0003590,34,2087,18133.98,672,10,1854.06,2,1,8.0,1,0,60.0,High
C0003591,41,5843,38785.94,721,11,4248.41,2,2,1.9,2,1,63.0,High
C0003592,61,3083,70830.05,737,10,941.52,3,0,16.5,0,0,43.9,Medium
C0003593,67,3568,54049.65,681,11,2383.54,3,0,9.4,2,0,68.7,High
C0003594,48,1192,26282.36,759,9,1419.09,0,0,3.3,0,0,21.0,Low
C0003595,37,2512,108415.07,595,14,7968.25,1,1,9.9,0,0,66.2,High
C0003596,77,3764,67833.6,710,15,1531.15,0,0,9.9,2,0,51.3,High
C0003597,36,2587,76791.39,750,12,2156.25,3,0,8.9,1,0,42.3,Medium
C0003598,34,4627,78094.53,737,9,1288.13,0,1,5.8,1,1,47.7,Medium
C0003599,18,846,30354.54,522,14,1238.73,1,4,3.9,3,1,90.2,Very High
C0003600,62,946,73238.25,681,2,2093.72,0,2,6.9,0,0,54.4,High
C0003601,56,2053,102128.72,599,12,2784.65,4,0,15.0,0,0,65.8,High
C0003602,76,1930,116082.95,786,9,4375.02,3,1,12.9,0,1,39.1,Medium
C0003603,23,4898,92187.93,661,5,1509.93,1,1,21.6,0,0,48.2,Medium
C0003604,62,5210,82216.47,778,6,1493.61,1,2,8.4,2,0,57.5,High
C0003605,43,2847,23844.48,599,12,5072.24,3,1,4.5,0,0,72.3,High
C0003606,53,3048,61492.81,719,8,6199.64,1,2,15.2,3,0,53.6,High
C0003607,19,1787,36635.53,691,7,2082.89,2,0,17.3,0,0,49.2,Medium
C0003608,63,3205,125502.63,850,4,2977.73,3,0,6.2,1,0,43.9,Medium
C0003609,53,4247,115450.64,778,17,6512.23,1,0,5.4,3,0,45.4,Medium
C0003610,41,4342,36757.55,774,12,12307.33,1,0,9.2,0,0,40.8,Medium
C0003611,51,5814,60451.8,842,6,2888.44,0,0,15.7,0,0,27.1,Medium
C0003612,31,3480,71080.61,711,6,3589.86,4,1,12.9,0,0,58.6,High
C0003613,34,2061,101755.16,683,12,2398.47,0,0,15.9,1,0,36.9,Medium
C0003614,36,445,24668.92,674,8,840.61,4,0,12.2,1,0,69.8,High
C0003615,18,4136,18390.65,715,7,2755.76,2,0,13.9,1,0,54.6,High
C0003616,54,4829,63314.61,482,11,5364.1,2,1,26.7,1,0,67.1,High
C0003617,59,3327,15407.51,690,15,1348.39,2,1,18.2,2,0,61.3,High
C0003618,32,5539,67650.13,707,8,659.05,3,2,5.5,1,0,72.7,High
C0003619,47,1921,85871.21,678,9,3230.07,4,0,5.5,0,0,61.2,High
C0003620,38,348,122361.32,575,12,702.49,1,2,13.5,1,0,73.6,High
C0003621,47,3809,44023.42,679,5,791.84,1,1,5.7,2,0,56.8,High
C0003622,33,753,67747.28,575,7,760.33,2,2,17.8,1,0,77.6,Very High
C0003623,30,532,88718.18,823,10,598.44,2,0,13.9,1,0,36.8,Medium
C0003624,57,4220,32475.58,671,14,4374.31,3,1,16.4,1,0,55.4,High
C0003625,41,2623,102573.1,535,5,2406.93,2,3,8.1,3,1,77.3,Very High
C0003626,70,3638,72097.74,675,9,8375.44,1,0,6.9,2,0,43.7,Medium
C0003627,43,4493,44439.95,757,11,3546.64,3,0,4.3,1,1,70.9,High
C0003628,29,2313,67013.47,703,8,8401.35,0,0,10.3,1,0,38.7,Medium
C0003629,59,3678,57426.19,621,9,1447.54,1,0,9.4,1,0,59.7,High
C0003630,51,3249,95218.58,639,11,2784.39,1,1,5.2,1,0,58.9,High
C0003631,52,3492,50850.06,668,13,961.04,0,0,13.8,2,0,53.0,High
C0003632,59,4228,70248.16,657,7,1837.12,1,0,10.6,0,0,66.3,High
C0003633,33,2300,44063.07,596,10,5589.77,2,1,15.6,2,0,65.9,High
C0003634,40,3041,37014.91,685,11,2142.8,2,2,5.8,2,1,59.6,High
C0003635,40,3559,68134.07,590,6,1888.57,2,1,13.1,1,0,65.0,High
C0003636,24,866,37860.64,761,5,2168.53,0,1,13.6,1,0,44.8,Medium
C0003637,38,1293,96298.58,770,5,2415.17,2,1,4.0,0,0,54.1,High
C0003638,61,563,85872.38,615,4,2417.16,0,2,31.6,1,0,53.2,High
C0003639,45,1212,40703.8,636,5,5232.81,3,1,5.3,2,0,77.8,Very High
C0003640,23,2649,69735.79,658,7,1376.82,1,0,5.6,1,0,54.3,High
C0003641,20,5627,40601.27,688,12,1923.4,2,0,23.1,0,0,46.0,Medium
C0003642,65,5539,25655.61,709,11,2344.6,3,0,11.4,0,0,46.6,Medium
C0003643,41,4584,44641.35,725,2,1222.86,1,0,24.4,1,0,54.4,High
C0003644,33,3359,60307.72,723,10,1645.58,0,1,22.4,0,0,38.0,Medium
C0003645,38,1239,82591.7,807,14,3620.57,2,0,20.4,0,0,48.0,Medium
C0003646,21,2168,67312.66,695,5,1287.61,0,1,18.7,1,0,41.2,Medium
C0003647,62,4604,102141.12,592,9,13348.55,3,1,5.4,1,0,68.4,High
C0003648,36,5454,36143.35,569,9,6374.19,4,1,4.5,1,0,80.7,Very High
C0003649,61,5776,50397.94,813,10,2468.11,0,0,5.1,2,0,35.3,Medium
C0003650,43,2350,153168.11,728,9,3198.28,4,0,4.6,3,0,61.9,High
C0003651,62,2935,21435.33,705,10,3630.27,2,1,5.2,0,0,43.5,Medium
C0003652,46,3069,48354.51,724,10,3166.02,1,0,15.2,3,0,41.8,Medium
C0003653,54,365,34391.61,702,15,2340.79,1,0,18.4,0,0,48.1,Medium
C0003654,52,725,55682.46,722,16,13159.78,2,0,18.0,1,0,51.6,High
C0003655,51,299,48822.35,662,7,1379.24,4,0,17.4,1,1,54.9,High
C0003656,47,4432,86342.32,769,8,1710.71,0,0,9.8,2,0,40.5,Medium
C0003657,39,1369,71355.24,651,10,2306.39,0,2,13.5,0,1,46.8,Medium
C0003658,69,4210,30236.35,622,6,3345.87,1,1,15.1,1,0,63.3,High
C0003659,29,2270,44864.43,563,9,8134.55,0,0,15.0,0,0,65.4,High
C0003660,42,4771,61996.01,672,10,2197.64,3,0,7.1,4,1,56.0,High
C0003661,42,719,93111.14,785,7,3204.34,4,0,5.6,1,0,55.8,High
C0003662,48,1971,236337.38,656,18,2826.66,1,0,14.1,1,0,41.9,Medium
C0003663,36,1252,91256.3,587,13,2084.9,0,1,7.5,0,1,69.5,High
C0003664,46,2633,35525.81,711,15,4931.26,2,0,0.9,1,0,71.4,High
C0003665,40,3385,58881.06,641,11,2906.44,1,0,1.7,2,0,62.4,High
C0003666,20,1035,68488.87,806,14,4183.19,2,0,15.9,1,0,34.0,Medium
C0003667,42,4011,46593.89,771,15,1818.36,1,0,6.1,2,0,45.1,Medium
C0003668,27,5788,80300.53,595,8,1548.08,0,0,5.6,0,0,58.3,High
C0003669,18,288,17776.49,677,8,1760.14,2,0,4.9,1,0,61.9,High
C0003670,44,543,84046.2,633,11,2671.88,2,0,13.6,1,0,52.0,High
C0003671,49,5714,47709.06,603,9,4549.22,0,0,11.5,0,0,50.6,High
C0003672,49,3904,58369.68,686,14,8596.14,2,1,3.7,0,0,65.8,High
C0003673,50,5520,138834.42,751,7,2465.02,0,0,4.2,2,1,48.7,Medium
C0003674,18,4240,30978.7,684,8,7386.05,2,0,6.0,1,0,52.1,High
C0003675,23,4312,72033.41,651,4,3305.2,1,1,4.9,0,0,71.2,High
C0003676,70,971,95946.55,525,13,1424.75,0,0,18.6,3,0,62.1,High
C0003677,27,3085,68089.26,640,10,2376.77,1,0,2.0,2,0,49.0,Medium
C0003678,51,2210,25516.58,731,7,3627.28,1,1,14.3,1,0,43.4,Medium
C0003679,32,5006,130301.7,589,5,3814.32,1,1,3.5,0,0,77.0,Very High
C0003680,43,287,55195.95,786,5,1610.76,1,0,5.6,1,0,50.0,Medium
C0003681,33,138,46385.5,646,8,1745.44,1,0,5.2,1,0,61.2,High
C0003682,50,3352,52267.19,705,10,1769.33,6,2,6.6,2,0,84.9,Very High
C0003683,44,5823,50247.15,660,10,1934.8,1,0,4.0,2,0,62.4,High
C0003684,36,5969,32218.33,602,10,2683.04,1,1,11.1,2,0,59.7,High
C0003685,27,3573,67887.86,723,12,7506.0,2,0,3.5,1,0,46.8,Medium
C0003686,46,2596,44641.16,645,8,1673.14,0,1,8.9,1,0,51.8,High
C0003687,25,1659,89668.8,628,4,757.85,2,1,1.0,0,0,69.2,High
C0003688,48,5940,82418.66,512,8,726.8,3,0,6.7,1,0,81.5,Very High
C0003689,79,1123,151601.07,788,14,3741.13,2,1,14.7,1,0,54.6,High
C0003690,61,783,55187.48,690,10,1543.6,0,1,8.8,2,0,66.3,High
C0003691,52,3064,39858.95,773,11,2621.4,1,1,15.3,4,0,60.0,High
C0003692,41,2372,27626.52,737,6,1388.94,1,0,16.1,0,0,51.0,High
C0003693,18,2989,207156.23,773,8,1997.92,2,0,7.4,2,0,51.9,High
C0003694,23,5414,89236.82,648,10,1781.0,1,1,18.5,1,0,55.0,High
C0003695,60,1640,42364.19,587,11,1407.79,1,1,11.3,0,0,64.1,High
C0003696,31,5263,157333.8,747,7,4914.03,4,1,15.8,3,1,56.8,High
C0003697,32,1294,130715.56,700,10,5154.57,3,1,13.7,1,0,47.0,Medium
C0003698,40,1961,29486.48,655,11,3334.51,0,0,10.3,1,0,62.9,High
C0003699,27,56,40965.21,746,7,8305.89,1,2,5.5,0,0,49.8,Medium
C0003700,25,4081,57648.01,713,14,935.51,3,0,20.4,0,0,49.6,Medium
C0003701,41,5155,34418.27,738,15,1918.09,1,2,8.6,3,0,59.7,High
C0003702,30,5320,58792.58,613,6,1753.31,1,2,7.1,3,1,71.6,High
C0003703,32,1029,91717.52,763,11,3488.8,0,0,9.1,0,0,33.8,Medium
C0003704,31,4608,29132.11,690,19,969.54,2,0,7.1,1,0,49.0,Medium
C0003705,49,873,72841.42,771,13,3394.95,2,0,6.9,1,1,34.0,Medium
C0003706,39,3782,117896.64,763,10,861.17,1,1,28.6,0,0,41.2,Medium
C0003707,39,4223,77266.12,741,9,3577.16,0,1,18.3,2,0,56.3,High
C0003708,50,940,59474.37,682,9,4660.59,3,2,4.9,0,0,68.6,High
C0003709,40,689,42934.62,743,11,1054.12,1,0,10.3,0,0,38.2,Medium
C0003710,38,465,97914.77,773,7,1732.91,1,0,9.0,0,0,39.0,Medium
C0003711,49,4258,32454.15,736,10,4768.87,2,0,16.0,0,0,49.4,Medium
C0003712,51,3699,70857.43,705,11,5436.74,2,1,6.5,3,0,67.2,High
C0003713,40,742,62876.22,743,12,869.77,1,0,11.4,0,0,38.0,Medium
C0003714,43,3016,115148.25,651,9,2810.2,2,1,7.1,1,0,55.1,High
C0003715,31,4780,44998.2,804,7,3364.61,2,0,6.0,0,0,35.5,Medium
C0003716,30,1451,47152.15,564,8,2186.81,2,0,3.6,0,0,70.7,High
C0003717,53,3645,31315.36,693,9,5595.19,1,1,4.0,1,0,47.1,Medium
C0003718,48,1777,78857.37,660,10,1541.8,3,1,7.6,1,1,59.7,High
C0003719,48,1588,49108.67,642,5,1679.97,2,0,10.2,1,0,58.6,High
C0003720,46,2370,38590.02,713,11,1433.33,3,0,10.5,1,0,67.3,High
C0003721,43,2132,40665.72,606,7,2580.72,2,1,5.8,1,0,64.4,High
C0003722,52,2988,83307.82,850,3,1847.55,1,0,11.6,0,0,37.9,Medium
C0003723,55,1256,33801.53,589,8,3878.5,1,1,1.9,1,0,58.7,High
C0003724,55,2359,35493.27,619,5,1755.17,3,1,12.5,1,0,66.2,High
C0003725,41,3745,101507.55,612,5,1975.26,0,0,6.7,3,0,48.1,Medium
C0003726,61,2342,56586.37,705,14,2592.99,2,1,7.4,1,0,59.5,High
C0003727,45,3948,104860.32,766,9,1327.24,3,1,6.7,1,1,50.5,High
C0003728,51,720,50880.95,729,10,4408.96,1,1,4.6,0,0,52.4,High
C0003729,46,851,61961.62,800,6,3556.53,3,1,4.5,2,0,49.8,Medium
C0003730,45,5197,67565.6,628,8,3481.95,0,1,10.8,1,0,67.1,High
C0003731,32,2787,132972.43,739,9,1173.34,1,0,4.1,1,0,46.0,Medium
C0003732,52,3666,127149.61,667,12,6221.06,0,0,7.3,0,0,46.7,Medium
C0003733,82,4446,116911.21,707,12,683.7,1,0,6.7,2,0,49.0,Medium
C0003734,37,902,43872.34,773,18,3686.56,0,1,10.4,1,0,44.0,Medium
C0003735,43,5834,36030.94,563,6,2495.85,1,2,12.5,1,0,72.7,High
C0003736,36,2560,94214.08,839,8,3517.5,3,2,26.6,1,0,39.5,Medium
C0003737,35,5341,132204.8,679,10,1982.13,3,2,20.0,0,0,60.2,High
C0003738,64,2517,117528.95,570,9,2409.07,0,1,9.7,0,0,64.6,High
C0003739,33,2451,62446.58,638,12,3594.02,0,1,2.3,1,0,69.5,High
C0003740,35,3615,92520.39,698,6,2279.39,2,0,11.6,1,0,59.7,High
C0003741,20,1169,93419.27,638,7,2624.05,2,3,4.8,1,1,76.4,Very High
C0003742,31,3664,67292.78,536,12,2680.11,0,0,16.4,1,0,69.5,High
C0003743,18,5900,68919.55,697,14,9497.6,3,1,6.7,1,0,53.6,High
C0003744,51,3881,65440.53,636,9,807.75,0,2,2.2,0,0,71.1,High
C0003745,81,448,40192.54,739,7,5299.42,0,1,29.8,1,0,40.4,Medium
C0003746,37,4196,42512.81,610,5,3062.55,2,1,8.6,1,0,62.9,High
C0003747,19,229,42153.37,850,10,2825.13,1,0,21.8,2,0,30.8,Medium
C0003748,55,647,25727.34,729,8,998.27,1,0,5.8,1,0,54.5,High
C0003749,32,1728,67068.02,705,9,4826.94,2,0,10.8,0,0,47.8,Medium
C0003750,60,1850,60631.77,737,11,1092.22,2,0,11.9,2,0,51.8,High
C0003751,38,51,94274.87,553,10,5942.75,1,2,5.7,1,0,77.2,Very High
C0003752,33,133,124030.67,653,11,1602.38,2,0,7.6,0,0,63.2,High
C0003753,40,4741,128444.42,824,11,5942.58,0,0,6.6,0,0,23.7,Low
C0003754,53,2744,135272.38,666,7,1438.65,1,2,22.9,3,0,58.6,High
C0003755,39,1222,40884.04,685,10,1243.46,3,0,17.6,0,0,59.4,High
C0003756,35,2593,28206.62,655,8,2140.12,0,3,8.1,0,0,71.0,High
C0003757,39,4166,103445.34,800,5,1406.43,2,0,5.5,1,0,40.6,Medium
C0003758,24,4413,132596.11,672,10,1953.79,2,0,5.5,0,0,67.8,High
C0003759,48,1750,145901.28,596,13,6817.14,0,1,12.1,2,0,63.3,High
C0003760,18,1027,80954.1,850,8,1589.52,2,1,13.0,2,0,34.0,Medium
C0003761,36,5757,20675.45,587,6,2550.55,1,0,5.5,1,0,66.0,High
C0003762,53,3800,75809.19,683,12,6409.1,0,0,9.5,1,0,46.4,Medium
C0003763,46,5898,84152.18,627,12,2659.23,2,2,7.8,1,0,64.1,High
C0003764,50,1860,123442.52,637,10,4734.35,2,0,8.7,1,0,49.4,Medium
C0003765,41,694,136105.48,611,8,3269.7,2,0,7.9,0,0,60.5,High
C0003766,58,2310,102251.22,650,10,4359.55,1,0,3.4,1,0,60.3,High
C0003767,55,1987,44886.23,764,4,2179.86,3,0,3.9,2,0,56.6,High
C0003768,48,4324,35202.6,547,10,3323.58,3,1,1.4,0,0,74.9,High
C0003769,55,4305,83163.87,785,7,7375.07,1,0,7.9,0,0,31.0,Medium
C0003770,53,457,40097.18,772,11,1836.28,2,1,8.0,1,0,59.1,High
C0003771,36,3538,139555.14,728,11,2988.15,1,1,5.5,0,0,53.1,High
C0003772,23,2076,24279.37,699,19,1464.56,0,3,9.5,1,0,34.3,Medium
C0003773,48,3700,84683.61,711,12,4466.17,1,1,5.7,2,0,51.6,High
C0003774,50,2366,73912.25,797,11,768.55,3,0,6.6,2,0,55.1,High
C0003775,57,3238,55335.39,559,6,1877.2,1,0,4.2,0,0,72.8,High
C0003776,29,4303,37274.91,745,8,4377.03,2,4,5.0,1,0,73.4,High
C0003777,29,1781,19948.57,634,11,2060.66,1,1,12.6,0,0,60.2,High
C0003778,48,1219,46286.42,752,12,710.34,2,1,14.3,0,0,43.1,Medium
C0003779,41,4244,46735.25,644,7,1378.6,0,0,9.3,3,0,65.4,High
C0003780,18,5686,114272.91,743,8,1457.94,1,1,11.1,1,0,55.3,High
C0003781,47,2680,40308.56,574,6,6324.82,2,2,11.4,1,0,73.1,High
C0003782,18,5986,79531.9,563,13,3801.01,1,0,6.2,2,0,68.9,High
C0003783,29,1133,30459.64,682,12,4061.8,0,1,11.7,0,0,51.0,High
C0003784,61,4918,80742.97,798,5,1020.92,1,0,14.6,4,0,40.7,Medium
C0003785,68,5929,18108.82,730,6,2278.23,1,0,6.4,1,0,46.7,Medium
C0003786,25,1819,196281.0,730,8,6247.31,1,0,12.1,0,0,49.0,Medium
C0003787,37,912,57371.48,755,10,4067.29,1,0,4.9,0,1,44.2,Medium
C0003788,43,3993,13331.89,660,12,1632.93,2,0,7.5,1,0,59.0,High
C0003789,67,5220,41778.1,736,16,3785.66,2,1,5.8,1,0,49.4,Medium
C0003790,35,526,38302.69,647,8,985.73,2,0,8.5,5,1,73.9,High
C0003791,35,3855,43225.66,666,11,1301.05,1,0,11.8,0,0,54.4,High
C0003792,64,5231,50733.26,676,9,667.83,4,0,8.3,1,0,54.7,High
C0003793,37,221,43064.33,649,15,2111.39,0,1,13.0,0,0,53.8,High
C0003794,52,3110,39571.44,685,5,3428.2,1,0,6.2,3,0,55.7,High
C0003795,21,489,32781.32,671,12,1213.91,1,0,12.6,1,1,64.5,High
C0003796,40,1083,97428.48,637,11,2139.46,5,2,7.2,0,0,72.7,High
C0003797,19,2933,120032.07,679,15,1316.03,1,4,8.6,0,1,62.6,High
C0003798,27,1984,53899.37,702,11,1546.3,0,2,2.0,3,0,54.8,High
C0003799,54,538,61401.5,608,11,1150.39,1,0,3.2,2,0,77.2,Very High
C0003800,41,4810,33369.84,721,11,5088.39,2,3,7.7,0,0,73.8,High
C0003801,38,1241,64469.73,653,12,1449.04,0,1,3.8,3,0,66.0,High
C0003802,32,5225,70359.26,705,7,1931.1,3,0,9.2,4,0,59.1,High
C0003803,39,1085,54952.28,640,12,1614.01,1,0,7.8,1,0,43.8,Medium
C0003804,46,3132,77090.16,769,10,2787.15,1,0,19.6,0,0,32.3,Medium
C0003805,56,4370,73473.46,762,9,11460.98,2,0,15.5,2,0,31.7,Medium
C0003806,18,2897,34721.45,611,5,13890.2,0,1,34.9,1,0,40.9,Medium
C0003807,30,2520,119499.3,729,2,1969.89,2,0,31.4,0,0,35.4,Medium
C0003808,44,4511,55308.63,798,10,2980.04,0,1,11.5,2,0,44.3,Medium
C0003809,41,100,155819.57,619,8,4246.54,1,0,3.6,1,0,62.4,High
C0003810,48,4962,78129.34,625,9,5141.65,3,0,10.7,0,0,64.5,High
C0003811,46,4148,183304.3,745,4,3437.48,0,0,8.4,0,0,48.9,Medium
C0003812,38,4596,118336.52,592,12,4667.13,3,0,21.5,2,0,62.5,High
C0003813,35,2543,70251.99,632,9,2973.79,0,0,8.1,0,0,41.5,Medium
C0003814,39,2325,41655.17,614,12,1510.78,4,0,11.8,2,1,60.0,High
C0003815,58,3444,42151.58,746,6,4648.32,0,1,8.8,1,0,35.5,Medium
C0003816,32,3862,83121.49,638,6,2489.51,3,1,4.0,1,0,74.3,High
C0003817,41,5553,67077.84,669,13,2828.2,0,0,6.4,1,0,42.8,Medium
C0003818,45,5148,44843.11,634,7,943.29,0,0,9.7,2,0,40.5,Medium
C0003819,64,351,98034.29,776,16,1380.6,0,0,7.4,0,0,39.8,Medium
C0003820,38,936,63336.3,626,18,1773.02,2,1,4.0,1,0,63.0,High
C0003821,55,5681,98355.63,584,11,3207.3,1,0,14.5,3,0,63.6,High
C0003822,59,2347,36256.76,581,10,7315.05,1,1,7.1,1,0,67.2,High
C0003823,41,3494,107430.47,742,13,3777.65,1,2,20.8,1,0,41.5,Medium
C0003824,39,368,81669.61,747,12,2021.79,3,1,10.8,1,0,68.6,High
C0003825,37,654,119796.89,784,6,1197.61,3,1,6.7,1,0,48.8,Medium
C0003826,38,2470,106135.99,595,10,5121.25,0,0,6.6,2,0,45.1,Medium
C0003827,54,4312,59169.73,673,6,2800.26,1,2,6.0,0,0,69.7,High
C0003828,45,4640,56609.59,850,10,284.27,1,2,25.0,2,0,43.6,Medium
C0003829,45,5371,165306.52,667,16,4481.25,0,2,4.6,1,0,45.5,Medium
C0003830,26,1206,52842.81,648,12,2901.66,3,0,1.4,1,0,53.5,High
C0003831,28,1234,93575.9,688,12,562.79,1,1,3.8,2,0,72.4,High
C0003832,72,3265,50268.14,730,10,3409.68,0,3,8.1,3,0,54.5,High
C0003833,40,3295,22266.84,728,4,2404.09,0,2,14.8,2,0,43.1,Medium
C0003834,31,248,31566.55,644,6,967.28,0,0,14.4,1,0,57.6,High
C0003835,62,2699,77508.75,646,10,8561.38,2,0,15.7,2,0,71.0,High
C0003836,46,5388,91172.82,668,7,3025.48,1,0,5.7,1,0,44.4,Medium
C0003837,50,1008,77649.24,635,9,1660.04,3,1,4.1,0,0,70.2,High
C0003838,40,4925,116443.55,597,8,1366.6,0,1,7.6,0,0,66.4,High
C0003839,38,2700,76886.28,826,4,2007.26,1,1,10.0,1,0,32.8,Medium
C0003840,40,3160,40477.87,659,8,2050.27,2,0,4.3,1,0,57.8,High
C0003841,23,3860,85970.19,664,7,3305.47,1,0,11.1,0,0,40.8,Medium
C0003842,41,4243,68061.98,666,14,1945.04,2,0,14.5,1,0,52.6,High
C0003843,46,3835,45176.52,684,8,1736.69,1,0,11.1,0,0,55.2,High
C0003844,68,650,80400.47,723,13,2518.22,2,1,10.0,0,0,54.7,High
C0003845,43,1793,64766.47,655,15,1710.57,1,0,10.1,0,0,47.0,Medium
C0003846,18,5075,44450.85,775,12,2106.75,0,1,0.6,0,0,44.1,Medium
C0003847,41,269,56222.0,735,10,5576.14,1,1,5.5,1,0,36.0,Medium
C0003848,80,4300,134908.44,676,10,1658.48,0,1,4.2,1,0,48.6,Medium
C0003849,54,3137,132505.31,640,10,2026.57,0,0,18.1,1,0,64.6,High
C0003850,31,746,68759.41,771,10,1339.27,0,2,21.9,1,0,46.3,Medium
C0003851,50,762,63983.89,678,10,4512.39,1,3,14.9,2,0,71.9,High
C0003852,32,5884,28189.77,597,12,733.63,1,2,3.5,0,0,62.0,High
C0003853,23,215,159618.28,767,19,1282.25,1,0,13.8,2,0,36.1,Medium
C0003854,37,164,109631.25,636,9,3498.81,0,0,22.1,0,0,39.9,Medium
C0003855,43,129,93757.13,755,5,1995.12,3,1,17.1,2,1,55.5,High
C0003856,18,3782,17743.73,501,11,3905.09,2,0,6.2,2,0,87.5,Very High
C0003857,26,5560,63411.29,662,4,1940.44,2,2,17.2,2,0,68.9,High
C0003858,42,1055,57813.0,777,9,1421.3,0,0,6.9,1,0,39.0,Medium
C0003859,36,4780,90258.96,690,10,2031.86,1,0,11.4,1,0,53.5,High
C0003860,48,4323,48379.08,735,13,950.15,1,2,20.5,1,1,62.9,High
C0003861,25,1401,54581.43,622,8,1286.23,4,0,20.0,2,0,59.9,High
C0003862,52,450,87165.75,716,10,3981.33,2,4,3.7,0,1,80.7,Very High
C0003863,25,2942,40514.76,690,7,1859.41,1,1,13.4,0,0,55.4,High
C0003864,65,514,45214.19,708,9,2157.19,1,2,10.7,1,0,68.1,High
C0003865,18,708,68955.68,843,12,2385.62,1,1,9.0,1,0,42.6,Medium
C0003866,27,2813,129450.88,788,13,793.72,1,0,4.5,0,0,52.5,High
C0003867,48,4899,96717.34,749,10,798.74,2,1,12.6,2,0,56.0,High
C0003868,65,5964,112012.07,750,12,2819.31,1,0,6.0,1,0,52.6,High
C0003869,46,3778,64197.14,622,12,1684.88,2,0,24.7,0,0,57.8,High
C0003870,50,1680,141094.14,655,17,1906.67,1,0,3.1,1,0,59.4,High
C0003871,42,1989,23795.2,575,11,3281.81,1,2,6.4,1,0,64.7,High
C0003872,28,3686,188550.52,595,10,1198.34,2,1,9.9,0,0,63.3,High
C0003873,35,1064,202472.04,624,10,1522.06,5,1,11.4,3,0,85.6,Very High
C0003874,25,3126,79700.3,688,10,1749.37,1,1,2.0,0,0,51.3,High
C0003875,24,4620,97991.31,598,9,2738.03,0,0,28.1,3,0,56.4,High
C0003876,48,5057,60717.65,687,11,1741.61,0,0,9.2,0,0,49.0,Medium
C0003877,26,383,55250.19,678,9,1458.06,2,1,6.4,0,0,43.8,Medium
C0003878,46,1752,44307.58,605,11,6614.56,0,4,6.4,3,0,65.9,High
C0003879,24,1551,60351.02,804,15,2257.86,0,0,9.0,3,0,49.6,Medium
C0003880,46,3343,84174.99,591,9,3367.07,1,1,19.1,0,0,67.2,High
C0003881,35,1136,78106.28,774,17,678.68,2,1,3.7,4,0,60.0,High
C0003882,62,5705,184890.93,521,14,952.34,1,1,11.8,1,1,69.7,High
C0003883,47,5505,65515.41,679,5,3219.3,1,1,6.3,1,0,54.6,High
C0003884,59,2015,27338.03,600,12,1881.09,1,3,5.3,0,0,67.3,High
C0003885,31,2460,153163.38,641,6,1711.46,0,0,7.7,2,0,50.7,High
C0003886,43,2653,31677.59,826,16,1186.11,2,0,6.0,2,0,42.0,Medium
C0003887,28,284,45580.02,664,13,4144.3,2,0,31.4,1,0,60.9,High
C0003888,36,5336,71994.74,607,8,3366.32,1,1,16.0,1,0,58.1,High
C0003889,38,4682,77990.01,727,8,2108.71,3,1,8.0,1,0,59.3,High
C0003890,32,2015,27998.29,663,12,2581.18,2,4,16.8,1,0,58.0,High
C0003891,25,3298,41123.29,701,9,1804.41,2,0,11.0,0,0,45.1,Medium
C0003892,22,2302,27459.28,621,11,1410.51,0,1,2.8,0,0,56.2,High
C0003893,18,1392,87276.09,625,12,1570.26,0,0,11.9,1,0,53.6,High
C0003894,27,1845,118865.59,631,7,3615.85,3,1,16.1,1,0,64.0,High
C0003895,51,669,31662.2,750,7,1702.28,1,4,5.0,1,0,49.9,Medium
C0003896,20,4862,107205.48,673,5,2283.64,2,0,16.4,0,0,53.5,High
C0003897,23,3939,103447.34,611,17,1664.06,1,1,15.4,0,0,62.3,High
C0003898,67,5584,43148.4,702,13,4052.15,1,0,22.1,0,0,56.3,High
C0003899,33,69,20836.7,696,12,1441.75,2,0,35.2,0,0,40.5,Medium
C0003900,46,3797,34396.11,733,13,5936.18,4,1,11.8,1,1,61.6,High
C0003901,51,3375,44689.68,654,14,1515.46,0,0,5.2,2,0,52.8,High
C0003902,51,3753,144756.55,684,16,1516.6,0,0,10.2,2,0,49.9,Medium
C0003903,21,5938,58094.32,722,10,8090.36,3,0,5.2,4,0,64.6,High
C0003904,39,2358,35636.81,614,10,1099.89,1,0,3.2,0,1,65.2,High
C0003905,19,871,67252.29,756,15,2147.21,0,0,15.0,3,0,46.0,Medium
C0003906,76,104,30407.62,691,15,4246.28,1,0,12.7,0,0,41.6,Medium
C0003907,20,2967,82271.23,607,14,806.71,1,0,14.2,4,0,56.4,High
C0003908,27,1068,36213.04,607,9,2602.01,2,1,13.1,0,0,59.6,High
C0003909,27,872,39222.33,683,7,809.04,4,1,16.6,2,1,59.8,High
C0003910,21,910,76222.37,649,12,2253.01,3,0,6.9,1,0,58.4,High
C0003911,61,1683,162351.37,747,4,8263.11,2,0,20.0,2,0,38.4,Medium
C0003912,76,721,207663.2,668,12,477.22,2,0,4.7,0,0,62.4,High
C0003913,35,2930,34995.11,713,12,2094.59,1,0,10.4,3,0,48.4,Medium
C0003914,24,3934,44656.55,626,9,1636.94,0,1,10.5,3,0,59.3,High
C0003915,18,1757,82325.19,688,10,1143.07,3,2,23.4,1,0,69.4,High
C0003916,39,844,117915.53,789,10,813.81,1,1,1.3,1,0,43.1,Medium
C0003917,38,3447,18857.08,679,10,4494.3,1,1,4.0,0,0,58.3,High
C0003918,33,541,65050.87,649,9,2501.76,0,2,8.4,0,0,68.0,High
C0003919,45,4433,47427.67,625,11,657.17,1,0,9.8,0,0,45.0,Medium
C0003920,48,2314,21518.71,689,10,1193.01,0,2,10.7,1,0,57.0,High
C0003921,47,2477,29716.19,796,15,1539.91,1,1,7.6,2,1,53.0,High
C0003922,38,1516,45370.33,588,10,792.25,0,1,7.3,2,0,63.1,High
C0003923,27,1718,64038.38,686,9,2329.01,2,0,13.1,2,0,47.2,Medium
C0003924,51,900,107941.67,561,10,2596.74,5,0,7.5,1,0,77.6,Very High
C0003925,42,3361,75341.1,659,9,2572.85,1,3,15.0,1,0,73.1,High
C0003926,54,902,104405.37,710,4,8182.02,0,1,5.2,0,0,43.1,Medium
C0003927,53,4092,62918.03,571,13,1193.55,2,1,1.4,0,0,74.6,High
C0003928,22,1559,42073.33,657,8,1617.72,0,1,11.8,0,0,47.6,Medium
C0003929,22,3405,56040.35,712,6,1561.84,0,1,6.4,0,0,58.0,High
C0003930,31,3234,90891.72,700,14,3834.21,3,0,12.4,1,0,55.3,High
C0003931,27,3811,109403.58,715,8,3570.89,0,0,8.0,2,0,39.0,Medium
C0003932,53,4555,57157.08,617,9,1054.95,1,3,4.7,2,0,74.5,High
C0003933,47,3376,37193.02,712,8,5628.34,0,1,10.9,2,0,43.2,Medium
C0003934,57,5121,74570.6,645,10,1219.27,1,1,8.7,0,0,56.8,High
C0003935,48,1576,80642.35,744,6,3832.39,3,1,4.2,1,1,61.8,High
C0003936,45,4515,122135.35,517,15,3685.04,1,1,14.1,1,1,70.7,High
C0003937,59,2077,42683.6,668,10,2849.52,1,0,11.0,1,0,56.5,High
C0003938,49,3780,42941.81,697,15,1775.99,4,1,15.2,2,0,76.2,Very High
C0003939,43,2967,93974.41,791,7,1797.41,4,1,3.9,1,0,53.7,High
C0003940,63,5448,49553.15,697,13,3008.01,2,0,2.4,2,1,58.2,High
C0003941,44,1649,48414.92,704,4,3097.45,1,0,8.8,1,0,51.3,High
C0003942,38,3132,123582.79,718,3,3489.18,0,2,30.3,1,0,49.5,Medium
C0003943,30,1011,29168.26,784,11,3490.05,3,0,11.4,4,1,60.2,High
C0003944,52,3811,192105.77,661,14,2748.45,0,0,6.4,1,0,49.5,Medium
C0003945,59,250,44264.58,585,7,5513.14,1,0,5.7,1,0,53.4,High
C0003946,41,2487,99866.57,570,7,1489.32,1,0,21.2,0,0,59.9,High
C0003947,60,89,58398.75,740,10,2261.57,0,1,13.4,1,0,45.2,Medium
C0003948,18,1984,71979.66,707,11,1530.52,2,0,12.2,0,0,61.0,High
C0003949,41,2919,53656.46,671,7,10770.43,3,0,11.9,1,0,59.1,High
C0003950,41,2010,99310.52,646,11,3615.59,1,2,2.7,1,0,65.9,High
C0003951,32,2333,51218.78,704,12,4250.96,1,1,8.8,2,0,54.7,High
C0003952,75,915,45241.46,706,8,2940.53,0,0,10.5,0,0,30.5,Medium
C0003953,41,4296,168085.43,726,15,2120.74,4,3,21.2,1,0,64.3,High
C0003954,36,4785,63010.09,607,11,12483.98,2,0,2.7,0,0,59.2,High
C0003955,42,2744,42755.67,558,7,4847.84,2,0,36.5,1,0,41.2,Medium
C0003956,18,360,27316.11,621,18,1785.99,0,1,12.1,1,0,58.6,High
C0003957,31,402,172984.55,589,9,1843.46,2,1,2.6,5,1,77.8,Very High
C0003958,56,4057,45767.55,585,14,2541.49,1,1,16.8,2,0,50.1,High
C0003959,33,5575,192702.09,808,12,1547.93,0,1,19.1,0,0,29.9,Medium
C0003960,30,5190,77208.09,520,6,1755.06,1,0,4.4,3,0,79.5,Very High
C0003961,60,2450,67068.95,725,7,819.25,1,0,6.1,1,0,44.8,Medium
C0003962,61,2999,68070.81,758,9,463.68,2,1,19.7,0,0,42.0,Medium
C0003963,49,1003,209748.12,764,6,7952.27,2,1,25.4,2,1,44.0,Medium
C0003964,36,449,18567.53,711,8,1583.07,1,1,10.0,2,0,61.3,High
C0003965,39,4601,69757.31,789,16,1805.54,1,1,16.2,1,0,53.4,High
C0003966,31,2587,53585.17,824,11,2300.97,1,0,8.0,0,0,43.4,Medium
C0003967,28,2996,55143.18,667,6,3458.56,1,1,8.0,2,1,63.2,High
C0003968,27,2079,67306.44,724,5,3642.94,5,2,5.9,4,1,86.8,Very High
C0003969,33,1899,53554.22,786,13,4294.71,0,3,5.9,1,0,45.3,Medium
C0003970,28,5913,68758.9,625,10,3196.74,3,1,16.5,2,0,75.2,Very High
C0003971,20,4902,61201.2,672,13,1848.31,2,1,13.5,0,0,63.8,High
C0003972,45,4156,30104.58,643,8,5005.07,2,0,6.1,1,0,45.4,Medium
C0003973,45,2353,76469.02,725,13,1958.92,2,2,14.1,0,0,59.6,High
C0003974,66,4336,91924.2,548,8,4301.74,2,0,9.5,0,0,81.1,Very High
C0003975,33,2055,46016.42,798,10,808.62,1,1,8.8,1,0,48.8,Medium
C0003976,46,3109,173205.24,730,17,5126.16,1,2,12.9,3,0,68.3,High
C0003977,46,895,129243.58,734,13,1232.39,1,1,5.5,1,0,52.4,High
C0003978,38,4265,98623.36,513,8,857.22,5,0,19.5,0,0,74.6,High
C0003979,52,391,97967.5,612,10,945.6,3,1,6.0,0,0,69.1,High
C0003980,53,4343,63034.85,802,8,2510.08,2,0,12.0,1,0,43.5,Medium
C0003981,47,3633,116150.76,677,13,9721.24,1,1,3.9,1,0,54.2,High
C0003982,38,426,147090.7,561,6,1936.75,1,0,11.5,1,0,64.2,High
C0003983,37,3051,96693.64,707,8,2045.12,4,1,16.7,4,0,69.3,High
C0003984,23,1358,45307.77,741,9,3625.28,2,1,13.7,2,0,56.8,High
C0003985,31,2872,60661.52,730,4,1513.14,0,1,9.8,0,0,59.3,High
C0003986,33,107,85000.14,679,8,1996.11,3,1,7.0,3,1,74.6,High
C0003987,26,4339,98287.23,775,11,1754.02,2,1,3.2,1,0,52.0,High
C0003988,48,3073,59413.53,637,10,7902.53,1,0,3.9,0,0,57.1,High
C0003989,59,2192,45394.44,731,11,2310.85,0,4,7.6,0,0,67.5,High
C0003990,29,5258,148183.03,700,5,3578.98,0,2,7.0,1,0,54.8,High
C0003991,46,3880,34376.0,680,7,1384.75,2,0,16.0,0,0,42.5,Medium
C0003992,28,3669,36943.95,662,12,1049.31,1,0,27.5,1,0,44.2,Medium
C0003993,38,908,29880.74,664,11,3387.14,3,0,2.6,2,0,68.5,High
C0003994,32,3016,36898.89,692,9,2592.96,2,0,16.0,5,0,55.4,High
C0003995,50,4212,123121.79,668,7,4297.4,1,0,10.3,5,0,60.5,High
C0003996,32,5558,125410.51,745,19,1236.22,1,2,5.9,1,0,57.3,High
C0003997,56,3637,59525.77,650,13,2071.71,1,1,12.7,1,0,57.9,High
C0003998,39,1058,81459.61,808,8,952.24,1,0,22.4,2,0,25.2,Medium
C0003999,33,4077,61642.83,646,2,1595.32,1,0,6.9,2,0,58.2,High
C0004000,24,475,32186.5,759,12,859.82,3,0,18.3,2,0,48.8,Medium
C0004001,46,1898,209997.0,762,16,1828.73,3,0,19.0,1,0,42.3,Medium
C0004002,55,5506,132058.02,702,6,5147.73,2,0,17.8,1,0,51.9,High
C0004003,46,4816,75344.06,696,6,1259.42,3,1,17.0,2,0,59.1,High
C0004004,73,5419,38721.5,635,4,1249.17,3,1,14.9,2,0,63.5,High
C0004005,62,2134,54785.22,651,8,1973.73,2,2,4.5,0,1,63.3,High
C0004006,38,4107,42364.06,706,12,1951.88,0,1,13.2,0,1,40.3,Medium
C0004007,38,4209,65418.47,687,9,3629.17,2,0,2.4,1,0,58.3,High
C0004008,49,1498,73522.55,779,18,945.63,2,1,3.8,3,0,50.0,Medium
C0004009,30,5657,51393.69,656,5,432.14,0,2,11.7,1,0,53.9,High
C0004010,58,5819,27860.43,660,8,2292.73,1,0,8.4,2,1,52.1,High
C0004011,47,688,200290.1,565,4,6602.13,2,1,2.5,4,0,66.9,High
C0004012,46,4599,70652.54,738,5,1939.51,4,1,9.6,0,0,54.1,High
C0004013,52,2702,79699.23,731,7,2845.82,0,0,11.7,2,0,42.8,Medium
C0004014,66,4053,49146.68,763,11,2089.14,2,0,10.2,1,0,45.7,Medium
C0004015,44,3339,26259.51,768,13,3571.75,2,0,15.2,2,0,55.7,High
C0004016,40,1360,59223.54,749,10,1816.86,0,1,14.6,1,0,45.7,Medium
C0004017,63,602,51902.26,752,8,2097.11,2,2,4.0,0,0,55.6,High
C0004018,56,3093,91595.15,736,9,6380.59,0,0,3.2,1,0,47.3,Medium
C0004019,38,5028,102051.45,747,12,4627.9,0,3,9.4,3,0,58.2,High
C0004020,42,4940,94433.95,552,14,1403.29,0,1,13.1,1,0,67.1,High
C0004021,45,1670,106770.77,608,10,1427.31,3,1,10.5,1,0,64.8,High
C0004022,47,5165,167193.29,595,12,1493.36,2,2,8.7,2,0,72.9,High
C0004023,23,2154,76826.75,785,10,1059.67,1,4,20.7,2,0,48.6,Medium
C0004024,20,3381,113488.68,631,6,1536.41,2,2,2.7,0,0,68.2,High
C0004025,30,1966,81349.75,643,7,2032.95,1,0,3.1,1,0,54.6,High
C0004026,28,3151,21804.47,690,12,1330.74,3,2,9.4,0,0,71.5,High
C0004027,33,3190,56948.55,597,4,3067.61,2,1,3.0,3,0,75.4,Very High
C0004028,51,4195,38470.55,719,6,741.29,3,1,6.0,1,0,72.7,High
C0004029,40,2847,70416.16,530,9,1021.75,2,0,14.8,0,0,70.3,High
C0004030,45,3183,40128.18,602,11,3376.66,1,0,19.5,0,0,66.3,High
C0004031,25,3918,86509.9,705,11,7568.97,1,1,10.3,3,0,68.1,High
C0004032,36,2523,106346.2,597,11,2593.02,2,0,8.4,2,0,62.9,High
C0004033,50,3160,120192.89,787,10,1279.18,5,1,21.7,0,0,61.0,High
C0004034,50,539,151067.72,693,9,1067.09,2,1,9.6,2,0,65.6,High
C0004035,32,5222,24663.42,775,11,1723.83,1,2,3.9,2,0,42.2,Medium
C0004036,44,782,32062.41,717,14,5011.48,6,0,7.9,2,0,61.1,High
C0004037,73,5241,310266.85,689,14,3073.15,0,0,3.7,1,0,44.9,Medium
C0004038,42,4568,108026.05,615,5,984.51,2,2,6.8,1,0,66.5,High
C0004039,32,5687,70146.14,760,8,2784.26,2,1,11.3,1,0,51.4,High
C0004040,40,177,63102.16,723,14,5590.24,1,0,2.8,1,0,51.1,High
C0004041,43,1326,60091.07,846,3,4739.8,2,1,20.9,3,0,39.6,Medium
C0004042,40,342,21403.91,752,12,5224.28,4,1,14.6,0,0,46.3,Medium
C0004043,42,2522,40542.6,660,5,3701.11,1,1,7.5,0,0,59.9,High
C0004044,22,5430,58300.94,712,10,956.01,1,0,12.7,0,0,31.6,Medium
C0004045,29,4604,41821.54,722,10,1301.69,1,1,9.2,0,0,41.9,Medium
C0004046,40,4232,44939.16,777,9,6815.26,2,0,15.4,1,0,42.6,Medium
C0004047,40,5094,253265.07,789,8,1763.66,2,0,9.9,2,0,33.0,Medium
C0004048,34,55,53986.02,678,9,641.28,2,3,2.5,2,1,71.1,High
C0004049,40,4732,72247.69,599,13,3262.85,0,1,8.0,1,0,55.5,High
C0004050,43,1892,70847.48,551,5,4387.68,2,0,20.7,1,0,70.9,High
C0004051,54,4154,85741.51,605,9,2087.98,0,0,13.7,1,0,45.4,Medium
C0004052,41,4587,47685.57,646,9,3144.96,4,0,6.8,1,0,70.6,High
C0004053,48,4123,123097.17,803,12,1284.2,0,0,11.5,0,0,38.1,Medium
C0004054,34,2523,79130.12,804,12,1626.87,2,1,4.9,0,0,51.4,High
C0004055,50,3681,30544.79,762,10,678.87,2,0,7.1,1,1,50.5,High
C0004056,47,2828,58440.39,782,4,1094.89,2,1,12.6,1,0,55.0,High
C0004057,54,3781,56399.08,637,14,5597.49,2,0,18.4,0,0,55.2,High
C0004058,52,2769,54989.56,576,12,255.09,2,1,4.2,0,0,63.7,High
C0004059,50,2382,82043.34,615,15,1710.32,0,0,9.2,2,0,69.1,High
C0004060,41,1236,87902.94,537,9,1555.06,1,1,19.4,0,0,69.6,High
C0004061,45,2343,82375.95,606,10,3237.72,0,0,8.9,1,0,57.6,High
C0004062,57,4336,74704.31,652,9,549.79,0,0,2.9,0,0,53.4,High
C0004063,33,5225,64990.11,703,11,1339.39,2,1,20.2,4,0,59.1,High
C0004064,33,644,18991.1,700,5,1500.76,0,2,13.8,1,1,54.5,High
C0004065,45,1121,95104.41,638,13,2863.0,1,0,2.1,1,1,68.1,High
C0004066,48,3058,81103.74,733,3,2186.24,2,3,14.3,0,0,51.7,High
C0004067,30,4224,36071.95,640,10,749.79,3,1,6.7,1,0,72.8,High
C0004068,41,1044,72345.6,691,19,1765.19,1,2,13.6,0,0,51.6,High
C0004069,41,1969,88544.08,607,9,1327.27,3,1,14.5,2,0,57.9,High
C0004070,18,307,118075.03,772,10,2973.49,1,1,5.3,0,0,32.3,Medium
C0004071,39,343,82088.68,692,3,1874.72,2,0,12.4,0,0,42.7,Medium
C0004072,40,885,73996.32,741,13,6855.37,2,0,7.5,0,0,41.9,Medium
C0004073,40,4383,104361.33,599,10,1428.89,2,0,2.7,0,0,53.4,High
C0004074,62,5219,52380.66,703,6,1520.96,1,1,8.0,0,0,54.1,High
C0004075,25,3008,77768.48,733,10,1556.76,1,1,13.9,0,0,41.0,Medium
C0004076,30,1081,44058.67,537,10,1940.61,1,0,15.7,1,0,71.9,High
C0004077,18,5530,114182.45,778,12,3802.35,1,1,8.9,1,0,56.2,High
C0004078,35,1691,25579.55,596,8,1650.41,0,1,4.5,2,0,71.2,High
C0004079,36,953,97158.13,706,8,1701.33,3,3,4.9,4,1,82.4,Very High
C0004080,35,854,62606.83,824,14,2774.66,3,0,9.7,1,1,58.7,High
C0004081,58,2137,105435.29,762,10,1189.26,1,1,8.5,1,0,48.2,Medium
C0004082,54,4421,40359.83,578,7,3314.88,1,0,3.4,0,0,64.2,High
C0004083,43,2400,65145.64,677,14,1720.82,0,0,13.4,0,0,49.0,Medium
C0004084,37,2689,64102.34,783,7,1223.4,1,0,7.8,0,0,48.3,Medium
C0004085,56,2061,78710.01,629,18,665.65,2,1,9.3,4,0,64.4,High
C0004086,42,5663,34847.29,663,10,1074.77,1,1,3.3,1,0,63.5,High
C0004087,31,4111,87975.0,661,11,1923.52,1,0,14.6,0,0,43.2,Medium
C0004088,18,3996,22463.52,733,8,2071.78,0,1,18.9,0,0,55.2,High
C0004089,36,2642,42940.75,575,12,1828.94,2,1,13.7,0,0,67.7,High
C0004090,53,3202,26249.13,737,9,840.76,3,1,4.3,1,0,60.8,High
C0004091,74,5313,97773.64,643,9,1917.03,3,3,10.4,2,0,70.9,High
C0004092,43,3950,77262.31,689,12,801.7,0,0,3.3,0,0,42.6,Medium
C0004093,31,4888,79674.98,673,4,963.7,2,1,7.9,1,0,58.8,High
C0004094,25,271,139405.72,735,15,4453.9,0,0,9.1,0,0,49.0,Medium
C0004095,50,5161,52110.5,688,10,2014.98,1,0,1.4,0,0,65.8,High
C0004096,18,5705,86695.89,798,7,2894.31,1,2,15.2,2,0,43.3,Medium
C0004097,50,4018,64292.74,764,10,5466.37,0,2,9.2,2,0,53.0,High
C0004098,53,5739,59128.05,630,13,2075.78,1,1,4.1,0,0,45.6,Medium
C0004099,48,3419,127202.28,792,13,4023.21,1,2,9.3,1,0,62.1,High
C0004100,39,1678,194837.92,714,10,2771.25,1,0,11.1,0,0,38.9,Medium
C0004101,50,3649,48902.46,703,9,1349.73,1,3,22.4,2,0,62.2,High
C0004102,44,3780,98069.87,754,16,1961.05,1,3,13.5,2,0,68.3,High
C0004103,31,893,73895.26,612,10,1321.69,3,1,13.4,1,0,59.7,High
C0004104,68,1235,74384.4,587,8,3204.63,1,0,6.9,1,0,59.2,High
C0004105,37,1769,71028.57,692,7,4117.56,0,0,16.4,0,0,49.6,Medium
C0004106,53,3298,51621.67,645,6,885.48,3,0,12.8,1,0,55.5,High
C0004107,18,913,12000.0,846,10,1215.9,0,0,13.3,0,0,21.6,Low
C0004108,60,4631,144211.29,633,7,1706.48,1,0,13.7,3,0,66.0,High
C0004109,63,683,42310.34,693,10,1267.38,0,0,9.3,1,0,50.5,High
C0004110,42,5640,54286.63,704,21,1848.68,1,0,2.6,1,0,48.0,Medium
C0004111,50,4064,54925.26,782,22,2725.73,3,0,3.4,1,0,66.2,High
C0004112,50,2055,40287.55,615,10,4966.69,2,1,6.8,0,0,50.2,High
C0004113,33,2254,70758.06,569,7,1549.85,5,1,17.3,0,0,65.9,High
C0004114,50,4170,60507.21,795,5,1503.56,0,0,3.9,0,0,44.1,Medium
C0004115,31,560,41805.99,696,9,2741.54,3,2,12.0,0,0,52.4,High
C0004116,33,4307,67306.07,751,9,2081.3,0,0,2.2,1,0,41.4,Medium
C0004117,58,3326,60883.29,754,7,781.23,2,1,8.6,0,0,58.0,High
C0004118,56,1350,103280.19,767,10,1228.22,1,2,9.3,1,0,40.3,Medium
C0004119,32,5386,29663.69,662,13,1712.86,2,0,9.1,0,0,59.4,High
C0004120,32,3785,39812.08,641,8,3562.58,0,1,11.4,2,0,60.5,High
C0004121,33,1007,92392.71,540,15,4420.26,2,1,7.2,2,1,77.5,Very High
C0004122,52,3942,43609.53,615,10,1077.52,0,0,16.7,3,0,77.4,Very High
C0004123,28,2485,37722.74,695,6,1301.35,2,0,3.3,0,0,58.4,High
C0004124,47,4591,44811.93,637,10,3760.67,7,0,5.8,0,0,80.5,Very High
C0004125,52,2967,58650.5,604,12,1589.25,3,0,3.0,0,0,70.4,High
C0004126,41,5999,58773.2,694,9,2706.08,3,0,10.9,0,0,49.6,Medium
C0004127,56,5566,55238.34,791,7,1894.49,2,1,11.8,0,0,52.2,High
C0004128,38,270,35213.29,686,11,2189.0,2,1,8.1,0,0,60.3,High
C0004129,39,2483,94857.12,605,8,1637.64,2,0,7.5,0,0,57.4,High
C0004130,28,1237,128580.51,785,10,4429.13,3,0,14.9,0,0,43.8,Medium
C0004131,56,2717,21680.18,632,9,781.81,1,2,6.5,2,0,64.9,High
C0004132,31,896,26382.13,801,6,1656.05,1,1,21.4,1,0,35.8,Medium
C0004133,47,3227,107630.68,670,10,4169.12,2,1,4.3,0,0,61.5,High
C0004134,41,951,147013.2,698,16,1865.28,3,0,8.0,0,0,51.3,High
C0004135,27,3750,19222.59,807,8,1986.58,1,1,21.4,1,0,36.8,Medium
C0004136,33,2741,97088.65,589,8,3978.88,0,1,11.0,2,0,62.4,High
C0004137,61,5958,152622.62,611,13,2880.56,0,1,3.8,0,0,56.8,High
C0004138,45,5274,38582.84,666,5,3690.52,1,0,18.3,0,0,45.3,Medium
C0004139,28,3613,147813.55,680,12,4635.69,3,0,2.3,3,0,68.4,High
C0004140,46,2708,56218.03,850,12,832.95,4,1,6.9,1,1,53.8,High
C0004141,40,4303,73713.41,623,8,1580.25,0,1,11.1,1,1,51.6,High
C0004142,90,4020,41744.01,592,12,1244.68,1,0,2.7,1,0,49.4,Medium
C0004143,46,861,107522.49,620,4,2621.75,0,0,20.2,0,0,50.9,High
C0004144,37,2277,98109.39,707,5,4171.32,1,0,8.4,0,0,44.3,Medium
C0004145,62,5953,160088.14,727,14,417.48,1,0,22.0,2,0,47.9,Medium
C0004146,18,1938,136929.81,637,8,757.56,1,2,6.3,1,0,70.0,High
C0004147,43,109,61688.77,692,9,550.62,0,0,4.5,2,0,57.5,High
C0004148,70,5010,342661.34,836,12,1206.74,1,2,13.7,0,0,15.8,Low
C0004149,40,5599,130330.08,693,6,2153.18,0,0,6.0,0,0,57.6,High
C0004150,18,3943,83464.23,714,10,5984.02,2,0,9.6,0,0,45.0,Medium
C0004151,36,3820,35826.92,832,9,891.08,1,1,6.2,2,0,33.8,Medium
C0004152,62,2124,26725.45,638,15,9866.68,2,0,20.8,1,0,49.6,Medium
C0004153,47,2175,28004.61,633,6,2923.36,0,0,10.2,0,0,37.5,Medium
C0004154,30,5487,37100.05,655,7,2993.59,1,1,7.7,0,0,61.5,High
C0004155,32,5152,132244.28,650,12,3304.23,2,1,16.2,2,0,70.2,High
C0004156,34,3006,81047.33,553,7,827.77,0,2,8.3,0,0,63.2,High
C0004157,47,1899,44246.63,700,12,1411.97,4,0,6.3,0,0,65.1,High
C0004158,61,1154,57535.75,706,7,1066.07,2,0,11.1,2,0,56.9,High
C0004159,57,95,53805.4,676,12,3147.93,2,0,4.6,2,0,62.0,High
C0004160,48,2914,96270.53,709,6,1146.91,1,1,6.0,3,0,46.5,Medium
C0004161,23,3336,38236.69,709,8,1795.82,2,2,5.2,1,0,65.0,High
C0004162,23,4057,75148.18,591,8,1337.76,1,0,8.5,2,0,70.7,High
C0004163,49,4836,73125.82,712,9,5218.77,1,1,6.4,1,0,49.5,Medium
C0004164,23,2221,38871.33,732,11,1387.54,1,1,14.9,5,0,66.2,High
C0004165,39,1025,148492.98,570,16,1007.72,1,0,17.8,0,0,63.7,High
C0004166,46,5067,52697.62,800,7,2817.04,1,3,10.9,2,0,68.1,High
C0004167,26,4581,35913.81,597,13,1978.08,0,0,2.1,0,0,55.2,High
C0004168,28,3212,99108.81,605,14,5130.87,1,0,7.5,2,0,68.5,High
C0004169,41,263,63886.43,705,7,2515.79,1,0,6.1,2,0,59.1,High
C0004170,49,2822,77615.72,730,9,2461.78,2,1,32.3,0,0,40.4,Medium
C0004171,57,3727,32315.94,748,10,3648.0,0,0,15.6,2,0,28.4,Medium
C0004172,50,5156,96927.5,732,10,2779.7,0,0,2.1,0,0,39.6,Medium
C0004173,43,3063,204786.91,651,9,3449.54,0,1,13.0,1,0,61.6,High
C0004174,32,2793,30956.28,698,11,3266.64,0,1,6.2,2,0,59.6,High
C0004175,27,2298,75335.33,666,5,1665.82,0,1,14.7,0,0,53.9,High
C0004176,35,2504,40254.19,703,14,944.5,1,1,12.6,3,0,61.1,High
C0004177,48,127,272167.51,695,14,1837.65,3,0,9.4,2,0,64.0,High
C0004178,47,649,122600.64,652,11,559.55,4,1,6.9,0,0,64.5,High
C0004179,18,4544,72406.31,664,15,1277.01,3,0,8.0,1,0,67.2,High
C0004180,31,2194,31557.37,551,14,1595.14,1,0,6.8,1,0,60.4,High
C0004181,59,5109,36046.28,752,8,4793.94,2,0,10.9,0,0,44.5,Medium
C0004182,43,2400,93464.84,712,13,1868.9,0,0,13.4,5,0,49.6,Medium
C0004183,22,5981,29305.16,517,13,6449.28,1,2,3.1,2,0,90.1,Very High
C0004184,75,1108,29815.3,749,6,2802.23,1,2,12.8,0,0,46.7,Medium
C0004185,42,1152,62301.88,686,7,715.13,2,0,10.1,1,0,52.3,High
C0004186,47,3539,66720.59,620,7,4348.84,0,1,5.9,1,0,61.0,High
C0004187,48,4821,76412.91,613,10,4064.84,1,0,20.0,0,0,52.2,High
C0004188,37,888,48686.19,638,11,693.67,1,0,5.5,1,0,49.8,Medium
C0004189,32,3032,102844.18,620,7,3308.49,0,1,8.5,0,0,63.6,High
C0004190,72,1365,38595.52,630,10,5278.41,2,0,10.8,1,0,45.7,Medium
C0004191,56,4430,87513.12,818,6,512.69,1,0,9.3,3,0,45.8,Medium
C0004192,54,3379,69748.84,718,10,1025.07,3,0,2.2,0,1,63.5,High
C0004193,50,3935,86270.82,843,8,3830.47,2,2,30.5,1,0,35.0,Medium
C0004194,28,1635,118775.28,707,13,1841.94,0,0,30.2,1,0,33.1,Medium
C0004195,60,1754,48264.76,733,14,5421.0,0,0,18.1,2,0,33.8,Medium
C0004196,30,3848,43100.81,624,13,3840.61,1,0,11.2,1,0,51.6,High
C0004197,46,2136,24496.2,677,8,3571.01,2,0,4.9,0,0,45.6,Medium
C0004198,19,4152,20423.44,684,5,4450.97,2,1,17.3,1,0,68.9,High
C0004199,18,949,56280.53,737,13,1223.81,2,1,11.4,1,0,45.5,Medium
C0004200,46,1828,58439.78,686,11,1704.02,2,1,8.8,0,0,61.3,High
C0004201,31,637,34116.76,716,13,7384.82,4,1,12.2,2,0,77.0,Very High
C0004202,18,551,38398.93,714,9,1659.92,2,0,6.6,2,0,38.8,Medium
C0004203,50,1596,143313.42,667,12,4245.23,1,0,8.5,0,0,58.6,High
C0004204,72,2952,100368.28,660,15,1832.96,0,0,23.7,2,0,41.7,Medium
C0004205,61,892,30977.17,640,13,1266.85,0,1,10.9,1,1,58.1,High
C0004206,38,584,48610.67,771,7,1097.46,1,2,7.8,2,0,51.8,High
C0004207,42,5267,77512.24,667,16,2986.57,1,1,16.0,1,0,49.7,Medium
C0004208,54,3105,43929.51,715,10,4866.57,4,1,5.9,2,1,65.0,High
C0004209,58,4301,39739.75,678,6,2865.76,1,0,16.3,4,0,53.2,High
C0004210,37,4365,51475.15,770,7,2460.15,3,4,11.3,3,0,77.7,Very High
C0004211,42,636,112955.94,541,12,988.6,2,1,6.2,5,0,79.5,Very High
C0004212,46,3733,118736.3,713,10,2086.99,1,1,6.8,1,0,54.9,High
C0004213,50,5168,41373.42,596,13,2345.36,0,1,6.0,0,0,58.4,High
C0004214,40,2706,79872.97,719,11,1177.34,1,0,12.2,1,0,43.0,Medium
C0004215,40,5176,61781.74,679,11,2766.11,2,1,8.7,0,0,59.6,High
C0004216,61,5676,35609.23,579,7,1333.08,3,2,4.3,0,0,81.3,Very High
C0004217,59,3292,52654.06,715,11,1616.51,4,1,3.4,1,0,63.0,High
C0004218,49,637,30932.44,707,7,3449.88,0,0,23.1,1,0,55.2,High
C0004219,66,3716,117544.24,673,13,5900.47,0,1,12.9,0,0,55.2,High
C0004220,37,5283,145619.06,682,9,5575.62,3,1,3.3,0,0,69.0,High
C0004221,65,3488,49467.66,702,5,1904.37,2,0,20.7,0,0,52.6,High
C0004222,50,4806,43386.17,778,14,2984.0,1,0,3.0,1,0,59.4,High
C0004223,88,3226,110737.37,666,9,3156.65,2,1,3.7,2,0,70.9,High
C0004224,25,2535,121027.32,766,11,3144.61,3,0,4.9,0,0,62.8,High
C0004225,32,5675,33589.32,687,9,2271.51,1,1,4.8,1,0,62.5,High
C0004226,48,942,57151.74,787,10,4857.44,1,1,22.3,3,0,43.5,Medium
C0004227,48,2702,60022.43,672,11,1404.76,0,1,17.9,0,0,37.7,Medium
C0004228,69,960,40577.24,640,9,996.88,3,0,4.6,0,0,67.7,High
C0004229,33,3938,76663.39,608,7,2634.82,3,0,9.5,0,0,55.5,High
C0004230,55,5533,42189.21,687,12,1710.04,0,1,6.4,0,0,52.0,High
C0004231,58,5986,46062.12,631,9,7279.93,3,1,3.1,0,0,68.4,High
C0004232,52,1425,58638.76,795,11,1547.6,1,0,5.4,2,0,43.8,Medium
C0004233,29,4373,27334.51,625,7,4101.54,0,1,5.4,2,0,68.0,High
C0004234,62,5248,20007.06,638,6,2849.62,1,2,8.1,0,0,55.3,High
C0004235,59,5007,102738.22,734,10,843.72,3,2,6.9,0,0,67.4,High
C0004236,50,3034,41262.61,779,12,3081.64,2,1,10.1,2,1,43.6,Medium
C0004237,45,1071,200599.35,745,17,1371.85,1,2,17.2,1,0,57.9,High
C0004238,45,2786,183395.54,769,14,9990.12,0,0,6.0,3,0,46.5,Medium
C0004239,41,4662,46925.96,684,14,1254.73,2,0,31.0,0,0,50.6,High
C0004240,51,3728,224441.15,685,12,1150.67,3,1,20.9,2,0,74.5,High
C0004241,42,2347,103834.72,841,10,507.45,4,0,2.4,0,0,39.4,Medium
C0004242,30,1313,43476.12,817,9,1274.29,3,1,24.9,0,0,30.2,Medium
C0004243,27,3921,14986.09,744,15,3361.39,1,2,6.2,1,0,58.5,High
C0004244,31,2587,90524.43,773,13,1072.28,1,1,2.5,0,0,42.8,Medium
C0004245,45,2848,63076.43,754,7,2929.81,0,1,17.4,0,0,48.6,Medium
C0004246,42,5632,78600.91,600,13,2479.5,0,0,8.8,0,0,49.0,Medium
C0004247,45,84,54667.78,687,8,1112.05,2,3,7.8,1,1,73.8,High
C0004248,49,1452,33049.72,802,6,1940.63,1,0,5.8,0,0,41.5,Medium
C0004249,33,5521,49022.03,744,7,1136.96,4,2,21.5,0,0,53.5,High
C0004250,63,5531,91449.32,685,15,3664.44,2,0,8.8,1,0,63.9,High
C0004251,38,1835,51020.52,803,9,641.54,1,1,5.8,0,0,36.6,Medium
C0004252,36,5965,50851.24,718,6,3385.51,1,1,5.2,1,0,54.9,High
C0004253,49,1293,26882.39,747,11,1311.44,5,0,10.7,1,1,54.6,High
C0004254,18,339,65189.25,718,14,2261.72,3,1,8.4,0,0,61.9,High
C0004255,31,1863,33635.16,731,12,2838.18,1,0,7.9,0,0,48.7,Medium
C0004256,56,3202,102752.56,736,6,2298.1,0,1,11.5,1,0,46.5,Medium
C0004257,18,65,41404.06,787,10,8008.47,2,0,17.4,1,0,32.6,Medium
C0004258,58,1055,52693.76,797,7,1598.11,0,0,1.2,0,0,36.3,Medium
C0004259,63,4751,203837.96,656,9,861.38,1,0,4.5,0,0,49.0,Medium
C0004260,37,3741,52379.67,717,14,8608.09,2,0,4.6,1,0,51.0,High
C0004261,46,3643,48658.1,785,13,2669.2,1,1,4.8,0,0,41.8,Medium
C0004262,58,5937,85560.74,680,9,2317.77,0,1,15.0,1,0,59.8,High
C0004263,35,1393,23225.26,592,9,9012.9,2,0,4.8,1,0,66.7,High
C0004264,54,5384,123356.62,622,13,898.01,2,0,21.1,1,0,61.9,High
C0004265,33,2150,107104.12,627,6,1992.72,0,1,7.9,1,1,66.4,High
C0004266,35,5551,82730.05,656,6,1039.52,2,0,5.9,0,0,50.4,High
C0004267,31,4705,12000.0,634,8,1961.99,0,1,12.7,2,0,74.3,High
C0004268,47,1303,53756.14,767,9,831.13,1,0,9.1,1,0,43.7,Medium
C0004269,58,1280,30785.94,669,10,2236.48,0,0,9.7,1,0,38.5,Medium
C0004270,39,3267,115053.03,785,8,2134.17,0,0,1.8,1,0,43.2,Medium
C0004271,24,3031,110613.59,605,13,2064.88,3,2,4.5,1,1,78.8,Very High
C0004272,27,1431,76748.96,664,10,483.44,0,0,9.0,0,0,42.7,Medium
C0004273,48,1584,31990.0,698,8,3482.0,1,2,52.2,0,0,59.5,High
C0004274,68,5399,141033.32,751,9,1820.52,4,1,8.0,1,0,48.5,Medium
C0004275,48,4529,53671.96,776,14,11680.16,0,0,9.6,0,0,39.4,Medium
C0004276,37,1171,167350.17,650,7,1559.78,2,0,16.7,2,0,60.6,High
C0004277,53,4359,71743.5,765,4,1401.39,1,1,13.1,0,0,52.6,High
C0004278,39,949,81931.11,564,8,2354.26,1,0,9.2,2,0,72.0,High
C0004279,37,2686,48132.95,755,5,950.97,1,3,7.6,0,0,53.6,High
C0004280,29,102,134418.75,589,4,4705.76,0,1,4.0,1,0,57.4,High
C0004281,62,3905,86640.99,723,6,1156.72,4,0,21.0,0,0,57.9,High
C0004282,18,1116,137101.95,775,6,1240.87,0,0,8.7,0,0,34.9,Medium
C0004283,53,1439,68359.6,757,11,3675.18,2,1,13.5,1,0,55.3,High
C0004284,36,1162,60416.55,567,6,2524.79,0,0,7.1,1,0,59.3,High
C0004285,36,1124,86009.35,656,5,2493.61,2,2,13.2,1,0,64.7,High
C0004286,66,492,137075.47,744,16,909.03,0,0,27.6,3,0,52.7,High
C0004287,32,3340,108455.32,742,9,4136.34,1,1,11.7,1,0,40.6,Medium
C0004288,32,5210,66897.22,711,9,1125.39,1,0,6.5,2,0,46.6,Medium
C0004289,40,1830,22324.04,525,12,716.9,1,3,11.2,0,0,80.8,Very High
C0004290,48,4686,96819.33,780,7,2797.56,0,2,5.6,0,0,40.7,Medium
C0004291,36,3275,28102.17,793,11,1913.22,3,2,16.8,1,0,64.0,High
C0004292,20,1549,63205.26,702,7,1883.23,2,1,14.7,1,0,33.6,Medium
C0004293,30,398,58175.42,707,7,3398.72,2,1,11.0,3,1,50.8,High
C0004294,60,4706,28427.63,728,15,1787.2,0,0,10.5,2,0,44.6,Medium
C0004295,43,166,76097.17,800,9,705.73,1,0,5.1,1,0,46.8,Medium
C0004296,48,2550,202757.19,709,11,1764.11,3,0,8.1,0,0,52.1,High
C0004297,38,234,52206.2,676,9,2652.68,2,1,4.9,2,0,64.8,High
C0004298,33,4659,94478.11,719,9,2470.24,0,0,18.4,0,0,49.7,Medium
C0004299,65,5939,226504.27,689,8,1958.25,3,2,10.2,1,0,73.2,High
C0004300,39,1958,99640.79,690,9,10544.84,1,1,3.1,0,0,54.0,High
C0004301,36,1902,43487.37,558,7,6470.38,0,0,27.7,0,0,54.1,High
C0004302,57,3400,70632.65,729,10,1007.97,4,2,7.7,0,0,61.6,High
C0004303,32,3026,80766.6,778,14,903.34,1,0,12.1,1,0,59.3,High
C0004304,34,2308,136419.08,767,11,5208.93,1,2,10.3,1,0,42.7,Medium
C0004305,42,2214,120887.71,761,11,4397.13,2,0,4.5,0,0,43.6,Medium
C0004306,42,1150,13513.62,686,8,5755.48,1,2,28.1,1,0,60.5,High
C0004307,46,1527,38714.8,701,6,1648.31,0,1,17.8,1,0,48.1,Medium
C0004308,71,3526,59657.49,779,11,1982.23,1,0,13.8,1,0,51.1,High
C0004309,47,4414,35471.39,755,5,692.52,3,0,8.0,0,0,65.8,High
C0004310,18,4512,12000.0,801,6,2415.75,1,0,5.4,0,0,42.3,Medium
C0004311,47,3113,41597.67,640,11,1452.49,0,2,9.8,2,0,60.4,High
C0004312,43,4526,61877.0,639,10,1324.51,0,1,25.8,1,0,40.9,Medium
C0004313,43,3564,46443.1,665,8,4010.4,3,0,4.2,2,0,55.4,High
C0004314,45,2157,35831.08,619,3,1987.96,0,1,10.7,1,0,41.3,Medium
C0004315,42,2139,63430.19,591,5,3760.61,4,1,7.8,0,1,74.0,High
C0004316,41,3126,74875.96,725,11,2050.97,1,1,9.2,0,0,61.0,High
C0004317,51,1866,47913.92,720,9,3141.71,0,0,4.2,2,0,41.7,Medium
C0004318,34,4589,131840.58,708,13,937.37,0,1,7.9,0,0,53.4,High
C0004319,29,1135,63999.63,717,5,1158.26,1,1,1.5,1,1,59.5,High
C0004320,84,355,38390.19,580,10,2953.94,3,0,11.3,3,0,64.1,High
C0004321,32,2962,33402.77,654,7,6609.9,1,0,1.6,1,0,64.2,High
C0004322,43,459,55146.93,668,12,2978.95,2,1,6.6,1,0,61.9,High
C0004323,21,1173,114378.8,694,15,2222.17,1,3,24.8,1,0,70.3,High
C0004324,44,2276,39413.39,581,14,5841.31,2,1,15.9,2,0,67.2,High
C0004325,29,54,86044.8,620,9,1909.24,1,0,2.8,2,0,74.0,High
C0004326,36,1364,65309.71,657,7,1310.87,0,0,17.1,2,0,32.7,Medium
C0004327,57,3282,185566.35,769,14,2209.87,1,2,11.7,2,0,54.6,High
C0004328,49,2266,76843.64,710,12,2803.17,1,1,5.2,0,0,37.2,Medium
C0004329,50,5381,42229.12,767,13,965.99,1,0,4.0,2,0,33.1,Medium
C0004330,18,589,92957.06,681,11,2392.56,1,0,9.7,2,0,56.6,High
C0004331,68,4326,94693.61,690,9,717.25,1,0,13.8,3,0,42.0,Medium
C0004332,25,3564,49838.03,727,5,1809.64,5,2,6.0,2,0,60.8,High
C0004333,63,3876,32685.67,677,11,1987.05,1,0,9.5,2,1,49.9,Medium
C0004334,56,4040,83258.79,643,10,2154.38,3,1,18.2,0,0,65.3,High
C0004335,50,342,64204.14,578,7,616.16,0,1,9.9,1,0,66.3,High
C0004336,30,4757,26924.37,645,11,2348.52,3,0,8.2,0,0,63.1,High
C0004337,44,2008,71316.02,753,13,3882.61,1,1,11.9,1,0,49.0,Medium
C0004338,35,3913,43675.54,785,8,5494.24,1,2,7.8,1,0,41.9,Medium
C0004339,42,1784,26938.41,632,3,5656.86,0,0,3.0,1,0,46.2,Medium
C0004340,39,2396,51083.95,560,6,2236.6,1,2,9.6,2,1,82.2,Very High
C0004341,18,4209,125554.47,759,5,11017.81,0,1,5.0,2,0,48.4,Medium
C0004342,58,5611,120490.17,695,12,1342.33,2,2,4.6,1,0,68.0,High
C0004343,41,5271,104360.16,589,10,1370.28,1,0,6.9,1,0,59.9,High
C0004344,35,4366,71895.41,457,12,2226.02,1,1,6.4,0,0,77.5,Very High
C0004345,34,3245,86040.91,618,8,3766.43,0,1,8.5,0,0,61.0,High
C0004346,47,3180,65456.7,655,9,3342.05,1,2,7.1,0,0,62.0,High
C0004347,29,5794,33762.69,604,7,471.92,1,1,9.0,4,1,62.2,High
C0004348,18,1264,37679.2,742,8,1175.48,0,2,13.1,0,0,43.0,Medium
C0004349,48,5725,44397.58,629,10,3622.37,2,3,5.1,0,0,58.6,High
C0004350,49,3904,134005.64,691,1,1234.72,1,1,5.1,2,0,62.1,High
C0004351,39,3708,112091.36,850,12,2023.4,4,1,17.6,3,0,45.5,Medium
C0004352,26,3562,34233.4,699,16,2778.4,1,3,9.2,2,0,65.0,High
C0004353,43,4880,63847.63,681,14,3012.68,1,3,10.5,2,0,59.5,High
C0004354,21,4109,49684.87,683,4,3849.33,0,0,7.9,0,0,46.6,Medium
C0004355,28,596,56930.38,740,8,5026.31,1,0,5.7,0,0,57.4,High
C0004356,31,4693,46169.1,731,8,3318.88,1,1,5.9,1,0,49.1,Medium
C0004357,54,4380,134325.34,615,9,990.65,0,2,12.9,2,0,65.3,High
C0004358,37,5492,61358.63,659,10,3220.84,1,1,21.5,1,0,61.0,High
C0004359,36,5620,69826.99,640,6,4444.18,1,0,4.6,1,0,64.1,High
C0004360,69,5695,70138.82,669,10,2954.2,0,1,11.3,0,0,47.1,Medium
C0004361,47,285,35228.69,827,11,5087.47,0,0,13.9,2,0,43.4,Medium
C0004362,47,3792,65814.42,736,7,2567.33,1,0,13.9,4,0,57.4,High
C0004363,37,5608,111208.7,684,7,2025.69,3,0,9.9,2,0,63.4,High
C0004364,34,5796,139367.51,783,13,1268.57,1,3,10.6,2,0,39.4,Medium
C0004365,18,3309,32977.85,704,11,8254.67,2,1,22.0,0,0,56.6,High
C0004366,56,5471,26894.01,567,16,1115.17,1,0,4.2,3,1,72.5,High
C0004367,48,5286,64155.41,815,13,2193.17,1,0,6.5,3,0,52.7,High
C0004368,39,45,114112.81,678,12,1745.2,0,1,23.2,1,0,55.1,High
C0004369,40,5313,75558.9,521,3,924.25,0,1,6.5,3,0,77.4,Very High
C0004370,52,3836,90133.98,570,11,3918.73,0,0,7.6,2,0,53.1,High
C0004371,20,3455,29341.34,775,16,3042.8,1,1,6.0,0,0,30.9,Medium
C0004372,34,1095,45265.32,571,11,2578.08,0,1,8.4,1,0,70.0,High
C0004373,26,5514,18527.81,791,14,1463.25,1,0,7.2,1,0,48.4,Medium
C0004374,67,1792,57326.67,696,8,3172.93,1,1,5.2,1,1,51.9,High
C0004375,54,2524,18855.67,744,14,1856.58,4,1,6.0,4,0,62.6,High
C0004376,18,1806,129036.89,671,12,3007.55,5,0,22.1,0,0,55.2,High
C0004377,21,5818,145807.34,729,13,5595.41,2,1,20.3,3,0,52.1,High
C0004378,40,2914,66986.31,714,12,449.39,3,0,4.7,0,0,51.8,High
C0004379,35,710,26983.33,687,4,4220.02,1,0,4.3,3,0,60.3,High
C0004380,23,94,76231.62,610,11,10290.4,4,0,3.3,1,0,68.9,High
C0004381,69,5881,172372.41,717,6,6732.9,1,0,7.8,2,0,42.6,Medium
C0004382,46,1437,80542.82,554,12,3636.05,2,2,11.8,4,0,87.4,Very High
C0004383,49,4631,118970.5,760,17,4872.9,3,2,12.6,0,0,57.0,High
C0004384,32,203,47479.28,705,5,1266.45,0,1,18.2,1,0,55.4,High
C0004385,52,5383,38396.6,725,9,2571.97,1,0,5.3,1,0,51.6,High
C0004386,37,3913,59630.09,494,8,1995.65,2,1,18.6,0,0,71.1,High
C0004387,38,1371,21486.96,606,11,1623.86,2,0,6.4,0,0,55.8,High
C0004388,51,5339,215375.52,652,11,4182.26,1,1,3.4,1,1,74.0,High
C0004389,19,1807,66949.72,741,7,1934.96,1,0,13.3,3,0,50.6,High
C0004390,64,5986,99869.02,619,8,659.12,1,0,7.3,1,0,57.6,High
C0004391,45,3609,48101.08,850,9,2925.48,0,2,14.2,1,0,31.0,Medium
C0004392,60,2707,26534.26,670,12,2160.69,2,1,0.6,0,1,51.4,High
C0004393,27,379,135820.28,614,5,3452.14,1,0,7.5,0,0,54.3,High
C0004394,29,1583,33410.8,676,13,1685.64,1,1,8.5,0,0,66.0,High
C0004395,26,378,75113.15,619,9,717.94,3,0,7.7,1,0,73.2,High
C0004396,46,5123,79109.35,601,13,1167.8,0,2,2.3,1,0,53.6,High
C0004397,43,628,64573.73,766,8,1213.48,3,2,11.7,0,0,49.5,Medium
C0004398,35,705,40270.25,728,11,1128.05,1,1,3.8,1,0,49.5,Medium
C0004399,28,773,57101.86,729,10,1526.12,1,0,12.2,1,0,45.1,Medium
C0004400,24,5846,36767.21,786,8,3529.53,3,2,2.7,1,1,62.3,High
C0004401,41,5824,96755.01,727,7,896.42,2,0,9.4,2,0,42.9,Medium
C0004402,35,4297,84900.94,610,8,3905.67,0,0,4.4,0,0,61.0,High
C0004403,32,470,61274.46,743,13,963.8,0,0,3.7,1,0,41.9,Medium
C0004404,64,3038,45355.94,606,21,1717.26,0,0,38.6,0,0,45.4,Medium
C0004405,41,5692,197583.09,654,9,2149.63,0,5,22.8,0,0,67.2,High
C0004406,60,607,30295.5,687,11,1810.61,2,1,6.4,3,0,62.1,High
C0004407,35,4767,26511.99,679,12,3295.89,0,3,6.7,0,0,61.2,High
C0004408,45,138,59265.72,556,9,2050.32,2,2,9.7,1,0,74.8,High
C0004409,41,4829,53796.5,617,10,1986.7,1,0,5.8,2,0,64.9,High
C0004410,18,3280,113386.77,688,14,469.45,1,0,15.0,0,0,49.9,Medium
C0004411,62,5330,88455.4,644,11,2854.64,3,0,6.1,0,0,67.1,High
C0004412,40,2500,63015.04,774,9,7460.22,2,0,7.1,0,1,56.0,High
C0004413,52,4718,81640.07,787,9,1597.92,0,3,7.2,0,0,45.1,Medium
C0004414,31,5060,80828.17,606,6,3379.66,1,0,4.7,0,0,62.6,High
C0004415,40,1969,197174.79,694,15,1287.85,3,1,6.2,1,0,60.7,High
C0004416,30,3864,71270.62,809,8,4174.39,0,0,6.5,2,0,40.0,Medium
C0004417,59,2781,42629.31,680,10,3082.6,3,0,3.6,0,0,57.2,High
C0004418,46,2608,69152.21,659,3,1733.56,4,2,6.1,1,0,74.2,High
C0004419,47,4804,14685.5,755,11,1660.9,2,0,9.4,3,0,44.4,Medium
C0004420,61,1379,60896.65,669,8,3346.56,3,1,4.5,2,0,62.9,High
C0004421,58,744,113100.27,785,5,2259.3,1,0,9.4,1,0,54.4,High
C0004422,53,2898,86343.68,645,15,988.14,1,1,13.2,1,0,75.6,Very High
C0004423,22,4935,73064.32,654,12,814.83,2,2,11.3,0,0,67.6,High
C0004424,32,1003,88607.45,749,6,3224.62,2,0,4.7,1,0,45.1,Medium
C0004425,28,2061,113741.18,698,6,1339.71,3,0,15.4,3,0,65.4,High
C0004426,52,4012,135776.85,698,15,2251.03,0,1,18.1,0,0,59.7,High
C0004427,44,2876,79299.76,547,11,3224.31,0,0,13.5,0,0,54.6,High
C0004428,23,3646,52105.63,663,6,1006.88,0,0,2.2,1,0,51.9,High
C0004429,39,3182,17369.18,755,18,1137.94,3,1,5.5,1,0,57.1,High
C0004430,21,4866,106179.36,631,6,6316.53,2,1,6.3,1,1,69.3,High
C0004431,41,5255,82310.26,743,12,1682.82,3,1,6.5,3,0,61.0,High
C0004432,19,2713,67430.48,710,16,4266.56,3,1,5.4,2,0,65.3,High
C0004433,49,2606,42466.1,675,9,11225.43,1,0,8.3,1,0,55.2,High
C0004434,47,1693,105421.65,792,7,2570.07,0,0,3.0,1,1,27.3,Medium
C0004435,69,2679,53820.5,665,8,1256.26,0,0,9.7,1,0,44.7,Medium
C0004436,54,5023,60837.25,670,6,2389.36,3,0,1.8,1,0,53.2,High
C0004437,36,3024,60119.89,674,12,1945.95,2,1,12.4,1,0,61.7,High
C0004438,53,4155,79404.32,696,10,2298.13,1,0,21.3,0,0,39.7,Medium
C0004439,22,2527,32963.03,748,8,3506.32,3,0,19.2,1,0,43.5,Medium
C0004440,29,4249,84481.95,580,16,3777.28,0,1,9.3,1,0,58.0,High
C0004441,47,4283,41706.03,755,12,597.72,1,0,13.5,0,0,38.4,Medium
C0004442,18,3182,42518.63,695,16,4768.0,1,0,10.6,0,0,49.6,Medium
C0004443,41,5608,100888.55,732,11,2628.26,1,1,5.0,1,0,52.6,High
C0004444,28,5259,35868.83,850,8,1515.35,1,0,6.8,1,0,40.2,Medium
C0004445,43,975,100788.85,652,13,3545.41,2,0,5.7,0,0,64.0,High
C0004446,27,1389,65554.78,598,3,1111.44,2,3,13.5,0,1,58.6,High
C0004447,48,5730,25042.7,705,16,1145.62,4,1,7.4,2,0,73.5,High
C0004448,42,2428,131314.62,716,15,4378.88,3,0,26.2,1,0,44.4,Medium
C0004449,62,1883,73535.92,755,11,2297.96,2,2,7.7,2,0,55.9,High
C0004450,42,4783,77007.56,650,14,6094.92,2,3,2.4,0,0,82.8,Very High
C0004451,31,3624,107890.59,628,9,1408.42,1,1,2.6,1,0,60.5,High
C0004452,39,823,141415.98,575,11,2658.67,0,0,12.0,1,0,60.1,High
C0004453,23,577,69248.34,587,12,2829.99,3,0,6.8,0,0,63.8,High
C0004454,48,4854,87063.91,659,12,2864.19,3,0,14.2,0,0,59.2,High
C0004455,50,4596,76042.06,681,19,3293.49,1,0,12.1,0,0,59.7,High
C0004456,77,2134,51344.47,845,9,2965.98,1,1,13.2,1,0,35.2,Medium
C0004457,33,5178,25951.89,563,12,2227.6,2,0,11.1,2,0,66.0,High
C0004458,38,779,69779.59,715,11,622.76,2,1,8.1,0,0,64.9,High
C0004459,34,5218,132363.27,636,13,3858.08,1,0,25.3,1,0,46.4,Medium
C0004460,45,502,85453.09,707,7,470.24,4,1,3.7,2,0,74.8,High
C0004461,47,3827,34468.7,649,6,986.64,2,1,6.5,0,0,61.1,High
C0004462,41,5062,113382.97,768,9,1391.54,5,2,3.9,1,1,66.2,High
C0004463,57,3727,52296.32,767,11,3957.18,2,0,8.4,1,0,54.1,High
C0004464,33,4678,19619.43,682,8,1904.11,1,0,21.8,1,0,45.2,Medium
C0004465,56,2082,108525.1,798,3,7442.27,1,1,7.3,1,1,50.6,High
C0004466,50,1749,36861.77,747,8,893.19,3,1,34.5,5,0,56.9,High
C0004467,42,1617,165097.3,794,15,1076.47,3,0,16.2,3,0,40.0,Medium
C0004468,38,724,116560.42,687,7,509.5,1,0,3.7,0,1,53.9,High
C0004469,76,1685,54698.96,761,12,1043.99,1,0,7.7,2,0,47.0,Medium
C0004470,31,1505,79820.65,632,9,1458.27,1,2,15.2,1,0,52.5,High
C0004471,46,4547,235165.52,625,10,5701.14,3,0,7.1,2,0,62.7,High
C0004472,31,1301,107462.1,850,11,4341.48,0,0,5.0,1,0,37.3,Medium
C0004473,67,1020,70678.71,609,11,2568.83,1,0,16.3,2,0,58.7,High
C0004474,54,4406,303739.09,657,13,1797.06,0,0,3.6,1,0,41.8,Medium
C0004475,33,3240,66142.0,548,13,3616.58,1,0,26.8,0,0,70.6,High
C0004476,49,1316,85381.76,627,11,5031.66,2,0,17.1,3,0,66.8,High
C0004477,46,4244,37048.1,615,10,1444.95,0,3,15.2,0,0,51.6,High
C0004478,35,1320,24681.13,640,6,1541.51,0,1,13.5,1,0,50.2,High
C0004479,53,4719,52923.27,712,8,1661.97,0,0,8.8,2,0,54.9,High
C0004480,47,222,63323.65,731,14,712.51,4,2,17.6,0,1,66.2,High
C0004481,45,3553,74308.8,614,14,4833.47,1,0,12.9,3,0,67.6,High
C0004482,41,3593,28396.34,631,7,1505.67,0,0,6.7,1,0,36.1,Medium
C0004483,48,2255,89166.49,771,7,1822.82,1,0,3.3,1,0,52.9,High
C0004484,45,4143,39268.49,818,13,5668.05,0,1,3.1,3,0,49.9,Medium
C0004485,43,2296,86655.31,784,8,1549.17,2,1,5.9,1,0,64.7,High
C0004486,33,3931,103683.6,567,8,5009.84,0,1,10.2,0,0,59.6,High
C0004487,66,1364,49879.22,779,16,706.2,0,0,12.5,0,0,36.4,Medium
C0004488,27,3424,36489.84,829,10,3168.94,0,1,13.6,1,0,48.4,Medium
C0004489,48,4544,144914.15,563,8,1646.91,1,3,8.1,2,0,82.5,Very High
C0004490,38,5797,100206.8,771,7,788.08,0,1,5.9,2,0,34.3,Medium
C0004491,67,2180,67405.15,707,9,1051.67,0,0,12.6,1,0,50.0,Medium
C0004492,29,2852,139041.11,665,15,2410.22,2,1,8.7,3,0,59.2,High
C0004493,32,2873,64905.24,698,14,1178.78,0,2,12.4,0,0,50.9,High
C0004494,28,5165,44073.36,723,13,2821.9,1,0,11.4,2,0,53.0,High
C0004495,47,5776,35737.42,777,11,1355.26,2,0,18.0,0,0,39.5,Medium
C0004496,23,3886,58430.9,773,12,767.84,2,1,4.4,1,0,51.7,High
C0004497,35,4938,94782.11,577,9,4132.29,1,1,13.1,2,0,72.9,High
C0004498,18,532,133153.41,641,5,2663.96,1,1,3.7,0,0,56.9,High
C0004499,45,4562,62806.9,697,8,681.47,0,0,19.5,1,0,50.9,High
C0004500,35,4866,120826.19,808,9,3363.35,2,0,13.2,0,0,46.9,Medium
C0004501,21,4297,55107.52,485,3,2381.86,5,2,9.1,0,0,98.2,Very High
C0004502,57,3518,40336.45,644,11,1661.85,2,0,7.7,1,0,65.6,High
C0004503,24,5400,30224.78,575,9,1705.23,1,1,1.7,2,1,84.1,Very High
C0004504,53,3931,46932.12,587,5,5257.9,2,0,3.5,0,0,78.0,Very High
C0004505,32,5082,30857.28,764,9,2707.11,0,1,7.5,1,0,40.4,Medium
C0004506,64,1105,187235.24,650,8,5427.14,2,0,8.0,2,0,42.6,Medium
C0004507,52,4002,78944.69,515,11,2997.31,1,2,4.1,2,0,77.8,Very High
C0004508,28,2641,58823.78,678,7,2562.81,3,1,9.6,3,1,79.8,Very High
C0004509,29,5213,159849.92,843,8,1344.76,1,0,4.0,0,0,35.2,Medium
C0004510,50,5287,30292.11,554,14,2437.62,2,0,12.4,1,0,72.8,High
C0004511,38,5068,57495.45,730,6,4272.11,1,1,13.8,0,0,49.4,Medium
C0004512,40,1316,186224.88,808,12,2319.26,0,0,18.7,0,0,27.0,Medium
C0004513,60,2969,57277.74,686,9,7745.49,1,0,7.4,2,0,62.5,High
C0004514,32,30,238145.53,835,8,4267.96,1,1,6.8,0,0,43.7,Medium
C0004515,43,5878,95508.67,641,9,1009.65,1,0,6.6,1,0,62.4,High
C0004516,55,1567,127153.32,798,10,1605.23,2,2,10.6,0,0,64.8,High
C0004517,53,3757,129195.47,781,11,3408.0,0,3,10.5,2,1,47.4,Medium
C0004518,40,2940,62054.67,688,9,815.42,1,0,8.5,0,0,51.3,High
C0004519,38,5430,47399.8,578,7,2039.62,1,1,24.6,1,0,55.2,High
C0004520,18,4933,58185.85,615,16,1199.9,1,1,9.0,1,0,64.1,High
C0004521,27,4668,36028.9,514,3,2258.98,0,0,10.7,0,0,56.5,High
C0004522,46,3870,59790.98,735,13,1206.16,0,0,15.9,2,0,39.3,Medium
C0004523,40,742,61849.94,726,17,4363.08,1,0,29.4,2,0,45.6,Medium
C0004524,43,5516,156994.95,696,14,1580.09,1,1,14.8,5,0,68.4,High
C0004525,57,403,85921.67,681,6,3388.8,0,0,11.1,0,0,47.8,Medium
C0004526,25,2749,227368.95,792,12,833.31,1,0,24.2,3,0,37.2,Medium
C0004527,39,2295,18904.22,712,8,1804.74,4,0,7.1,1,0,62.4,High
C0004528,45,2363,31745.8,648,8,957.67,0,0,2.5,0,0,52.6,High
C0004529,32,5864,50993.31,701,11,4778.62,3,0,9.0,0,0,48.1,Medium
C0004530,62,1411,140893.79,844,8,1329.9,1,0,6.9,1,0,41.2,Medium
C0004531,55,3492,58373.79,737,10,2078.69,0,1,13.4,1,0,45.8,Medium
C0004532,46,1331,27655.64,661,13,2765.44,3,0,4.7,1,0,58.1,High
C0004533,67,5471,54180.22,687,8,1354.27,0,1,10.6,1,0,54.1,High
C0004534,21,4424,32087.14,725,11,1008.29,0,1,7.1,0,0,33.2,Medium
C0004535,42,2506,28807.63,658,8,2482.08,0,2,4.5,2,0,50.7,High
C0004536,47,509,186138.25,652,9,626.56,1,0,17.1,1,0,56.3,High
C0004537,29,941,51098.21,689,6,5262.58,1,0,12.4,0,0,36.1,Medium
C0004538,46,1479,68194.81,804,10,2012.98,0,1,12.8,0,0,54.7,High
C0004539,27,2455,58909.85,749,13,843.88,0,1,12.2,2,0,47.6,Medium
C0004540,52,5318,53990.7,659,7,1852.32,2,1,16.6,0,0,48.8,Medium
C0004541,57,743,39047.19,755,5,3202.8,2,0,7.7,3,0,48.5,Medium
C0004542,46,3474,52262.83,691,17,1293.52,1,0,13.1,1,0,51.0,High
C0004543,18,2103,74635.32,716,11,622.61,2,1,6.1,0,0,55.3,High
C0004544,28,308,135285.02,709,7,2030.48,0,0,7.9,0,0,34.5,Medium
C0004545,50,3727,104399.41,532,13,3608.25,3,0,3.6,1,0,77.9,Very High
C0004546,42,4234,31710.49,461,9,2559.82,2,0,21.1,2,0,62.4,High
C0004547,18,5758,106786.04,707,10,2858.41,1,1,18.5,1,0,60.0,High
C0004548,59,3054,80529.64,626,9,4097.29,2,1,28.4,2,0,55.4,High
C0004549,44,1972,43971.33,567,15,6155.66,1,3,4.9,1,0,74.0,High
C0004550,31,5131,68531.11,628,7,382.03,1,0,13.8,2,0,64.5,High
C0004551,56,1506,84935.52,759,8,929.95,2,1,2.5,1,0,58.4,High
C0004552,33,4104,63625.45,717,10,2453.66,1,1,8.1,0,0,57.7,High
C0004553,32,5662,80742.75,748,7,2634.11,0,2,5.7,2,0,58.8,High
C0004554,47,56,38571.41,724,10,803.89,2,0,25.2,0,0,45.3,Medium
C0004555,67,5553,185525.44,621,14,1323.18,1,0,5.1,0,0,48.8,Medium
C0004556,65,1258,21456.5,748,6,6738.25,4,1,9.9,2,0,49.9,Medium
C0004557,47,2905,85195.84,734,8,1747.72,3,1,6.1,2,0,61.2,High
C0004558,48,1570,75857.33,681,12,2522.29,3,0,8.2,1,0,58.4,High
C0004559,53,892,88301.16,694,3,7046.26,1,1,6.7,0,0,58.1,High
C0004560,24,4222,41994.17,749,14,2338.88,3,1,11.5,0,0,47.9,Medium
C0004561,51,2908,117941.97,634,11,3670.22,1,0,4.1,0,0,49.7,Medium
C0004562,32,3070,58425.07,772,12,3188.77,0,2,23.6,3,0,45.4,Medium
C0004563,46,2917,32288.66,732,13,1768.44,1,2,13.5,1,0,50.5,High
C0004564,39,4492,33953.39,690,7,1703.96,4,2,7.8,0,0,57.4,High
C0004565,49,5797,66401.67,805,12,4742.21,2,0,7.7,3,0,47.9,Medium
C0004566,44,3091,25765.79,593,10,2188.51,1,1,16.8,0,0,76.2,Very High
C0004567,18,958,166902.98,655,7,1141.92,3,1,9.8,0,0,64.2,High
C0004568,45,1984,110392.38,639,12,4445.82,2,0,12.9,1,0,66.4,High
C0004569,51,2991,169338.35,717,14,343.98,1,1,6.9,1,1,64.6,High
C0004570,48,648,159799.08,779,7,6137.07,3,3,15.5,1,0,60.0,High
C0004571,41,1397,51089.85,616,11,1948.77,2,1,11.0,0,0,67.3,High
C0004572,65,1239,38436.33,850,3,2211.44,2,1,5.4,0,0,38.5,Medium
C0004573,46,5838,14215.88,640,6,2321.99,1,0,11.2,0,0,45.6,Medium
C0004574,48,2422,49585.86,717,16,5224.74,2,0,18.5,3,0,47.6,Medium
C0004575,57,5277,163734.05,690,10,2463.71,0,0,7.9,0,0,56.5,High
C0004576,47,3322,39323.27,693,8,2167.8,2,1,12.3,0,0,52.7,High
C0004577,29,3051,55239.48,631,13,1184.64,3,0,10.3,1,0,63.1,High
C0004578,18,5633,45701.03,770,10,1383.47,3,0,10.2,3,0,48.5,Medium
C0004579,35,4160,76201.54,626,11,3339.44,1,2,8.5,1,0,66.9,High
C0004580,53,1461,125773.29,557,8,2542.63,1,0,6.2,0,0,69.9,High
C0004581,37,1711,26590.89,606,5,6586.9,0,0,4.8,1,0,70.8,High
C0004582,53,4006,29543.32,798,14,1295.39,0,0,7.9,1,0,23.9,Low
C0004583,44,43,140439.31,784,21,1039.19,0,0,9.9,1,0,36.2,Medium
C0004584,60,940,92788.36,539,8,2673.31,1,0,4.3,0,1,70.6,High
C0004585,38,473,53757.06,751,15,2081.18,1,0,19.3,1,0,47.4,Medium
C0004586,49,4291,158543.64,541,15,1009.46,3,3,5.6,2,0,96.0,Very High
C0004587,49,2664,29264.3,688,12,1570.03,0,0,2.1,0,0,44.8,Medium
C0004588,63,97,103472.08,599,15,3478.34,2,1,6.4,1,0,57.0,High
C0004589,18,4457,59716.21,757,15,932.68,1,0,18.8,0,0,49.1,Medium
C0004590,36,3945,86550.97,732,8,1050.27,1,1,10.8,2,0,55.7,High
C0004591,54,4320,16679.84,763,11,1370.38,0,0,5.3,0,0,40.4,Medium
C0004592,64,1004,53717.97,668,8,1388.81,1,0,9.5,2,0,60.3,High
C0004593,45,5253,92978.9,676,7,3683.77,2,0,3.6,3,0,62.1,High
C0004594,38,1106,59877.62,578,7,1533.53,1,0,5.5,1,0,68.2,High
C0004595,53,3438,123661.52,613,10,6352.61,1,1,8.6,0,0,46.9,Medium
C0004596,54,3366,121404.4,761,12,1116.83,2,1,23.9,3,0,55.6,High
C0004597,37,1335,36595.47,718,14,2788.79,1,2,25.3,1,0,57.3,High
C0004598,47,2271,97546.61,698,9,2143.36,2,0,11.0,1,0,55.8,High
C0004599,59,341,35915.53,785,10,2204.59,0,0,6.7,0,0,33.2,Medium
C0004600,68,2843,63869.56,592,8,444.09,1,1,7.8,0,0,63.1,High
C0004601,52,4072,88943.82,744,11,1078.03,0,0,11.4,0,0,46.8,Medium
C0004602,43,1874,39162.86,602,12,1973.15,0,1,6.8,1,0,66.1,High
C0004603,41,3240,95578.11,801,10,611.55,3,1,6.7,1,0,55.3,High
C0004604,50,5722,46954.95,731,10,329.04,2,1,5.3,5,0,68.6,High
C0004605,40,1430,45049.0,762,10,986.0,4,1,6.7,1,1,63.5,High
C0004606,45,1765,91450.0,637,10,2739.34,0,2,7.4,1,0,57.8,High
C0004607,27,746,39148.0,850,12,3000.13,2,1,5.6,3,0,47.8,Medium
C0004608,60,3266,38068.03,840,12,993.16,2,1,11.3,1,0,50.7,High
C0004609,26,1246,109921.91,722,15,1930.11,0,1,5.0,1,0,50.4,High
C0004610,36,5130,65814.54,778,12,2897.53,0,1,17.4,1,0,32.4,Medium
C0004611,43,1766,27864.92,667,11,5205.73,4,0,11.4,1,0,57.8,High
C0004612,70,3995,99259.45,595,7,5075.73,3,0,14.1,3,0,64.4,High
C0004613,36,1159,49575.84,750,11,3978.05,1,3,16.1,0,0,44.6,Medium
C0004614,33,1956,28659.27,621,12,1549.49,1,0,8.2,0,0,50.1,High
C0004615,34,1052,15613.11,788,11,2130.64,2,0,13.6,0,0,54.3,High
C0004616,65,3328,101902.07,769,8,2304.32,0,0,12.6,0,0,35.7,Medium
C0004617,18,195,38635.81,708,14,1911.1,0,1,9.4,1,0,61.2,High
C0004618,28,525,31281.28,703,7,899.15,0,0,2.7,1,0,56.3,High
C0004619,80,3023,88129.38,764,10,5613.46,1,0,7.6,3,0,40.3,Medium
C0004620,50,3287,96574.99,711,8,2914.71,2,0,3.4,0,0,49.7,Medium
C0004621,27,1998,40214.5,660,7,3872.76,2,0,10.2,0,1,49.2,Medium
C0004622,41,2605,102420.49,576,9,3379.67,1,1,11.1,0,0,68.2,High
C0004623,43,2516,191967.39,762,17,1659.85,0,2,8.4,2,0,51.6,High
C0004624,54,4554,130034.42,717,11,830.33,2,0,5.7,1,0,42.6,Medium
C0004625,68,2695,119368.55,850,13,3583.91,1,3,5.8,0,0,44.4,Medium
C0004626,47,5091,73692.82,683,6,3437.1,1,0,1.4,1,0,55.2,High
C0004627,34,1325,48574.05,713,11,2655.8,2,0,14.6,1,0,52.6,High
C0004628,53,1221,60123.28,714,8,8913.27,3,0,8.4,1,0,48.7,Medium
C0004629,32,2440,79007.46,739,13,1522.55,0,1,26.7,0,0,34.9,Medium
C0004630,28,516,31047.02,617,6,1793.07,0,2,11.5,2,0,64.9,High
C0004631,18,4036,40608.38,684,11,2516.31,2,0,16.2,1,0,53.9,High
C0004632,20,2361,28272.0,752,13,1592.43,1,0,5.2,2,0,41.7,Medium
C0004633,29,2217,70561.67,665,7,1888.65,0,0,18.9,2,0,48.1,Medium
C0004634,26,3218,64897.82,749,8,4304.28,3,0,3.2,1,0,51.5,High
C0004635,46,520,43299.65,697,7,1444.25,3,0,7.4,0,0,61.6,High
C0004636,25,2279,97359.37,720,12,1509.65,1,0,13.9,1,0,44.6,Medium
C0004637,18,5834,34904.1,776,12,3202.33,2,1,10.0,1,0,53.7,High
C0004638,27,3782,42424.47,673,12,932.96,1,0,2.8,1,0,61.0,High
C0004639,35,3456,95242.28,581,11,2085.92,0,1,5.5,2,0,70.5,High
C0004640,34,3048,103335.72,670,8,2016.03,0,0,7.9,1,0,56.4,High
C0004641,63,2828,40024.23,628,16,3306.15,2,0,4.4,0,0,59.0,High
C0004642,33,5621,70439.76,531,13,3708.4,2,1,13.3,2,1,66.8,High
C0004643,54,5584,40398.41,682,14,1982.88,1,0,12.2,1,0,42.6,Medium
C0004644,42,2474,55623.05,705,8,2080.51,4,0,3.1,0,0,63.8,High
C0004645,41,5550,67104.09,767,7,2150.26,1,2,12.7,0,0,62.3,High
C0004646,30,522,84380.45,605,15,1800.9,2,0,3.1,0,0,58.9,High
C0004647,41,1938,73831.97,697,9,5094.93,1,0,6.9,2,1,63.0,High
C0004648,31,1832,72050.96,775,8,3048.37,0,0,12.5,0,0,26.4,Medium
C0004649,44,4192,34259.38,647,14,5010.33,0,0,17.3,0,0,47.9,Medium
C0004650,39,3647,76760.22,730,11,1244.27,0,0,5.5,1,0,34.2,Medium
C0004651,29,2851,83949.91,810,11,4961.66,1,0,3.0,3,0,40.4,Medium
C0004652,56,1558,90563.24,550,4,2377.73,1,0,7.5,2,0,60.1,High
C0004653,48,3056,41737.43,710,19,3432.12,1,1,2.8,2,0,64.9,High
C0004654,36,1635,102586.51,777,6,636.1,0,1,15.0,1,0,54.2,High
C0004655,44,2999,30043.77,664,12,6331.85,0,0,11.3,1,0,37.4,Medium
C0004656,41,2057,48919.91,794,10,2929.32,1,0,5.7,1,0,36.0,Medium
C0004657,30,5335,53282.02,738,15,7388.29,1,0,13.1,2,0,63.2,High
C0004658,43,4484,30963.51,823,14,4531.9,0,0,4.0,0,0,46.7,Medium
C0004659,33,1076,52838.67,734,8,581.42,3,0,6.4,1,0,58.7,High
C0004660,29,5642,70031.76,829,11,5914.98,1,0,10.0,1,0,35.0,Medium
C0004661,19,3962,22713.51,713,10,2484.16,3,1,9.0,1,1,53.2,High
C0004662,37,2121,49901.74,587,14,3339.11,1,1,20.7,2,0,60.3,High
C0004663,50,3196,23700.92,643,9,3128.97,3,2,2.8,0,0,66.5,High
C0004664,32,1197,190562.59,766,9,2063.27,1,0,3.4,0,0,50.6,High
C0004665,77,309,69686.36,765,6,1691.4,0,0,19.2,1,1,34.7,Medium
C0004666,54,2541,66442.74,667,10,3480.31,2,1,27.8,1,0,55.7,High
C0004667,60,4699,70440.95,825,6,1280.85,2,1,15.1,0,0,59.2,High
C0004668,53,2130,86454.71,663,14,2240.77,2,0,4.4,0,0,56.6,High
C0004669,68,2323,106178.28,725,9,5472.08,1,1,8.1,1,0,51.6,High
C0004670,31,5940,26237.24,723,8,995.8,2,2,9.1,1,0,67.7,High
C0004671,18,5923,127451.01,590,13,1933.18,2,1,13.9,1,0,72.6,High
C0004672,36,2799,123018.94,682,12,4700.76,2,2,5.2,0,0,66.0,High
C0004673,50,293,59778.36,850,10,1292.65,4,0,5.8,1,0,34.7,Medium
C0004674,44,4085,58080.71,621,15,636.47,0,0,4.5,1,0,71.0,High
C0004675,46,4296,12000.0,737,11,606.68,0,1,18.6,1,1,49.0,Medium
C0004676,60,5485,31278.76,603,12,1620.68,2,1,2.0,2,0,77.1,Very High
C0004677,47,5689,82475.52,620,13,6574.39,0,1,2.9,1,0,70.0,High
C0004678,53,3785,119997.87,584,6,1340.01,0,1,8.8,1,0,70.3,High
C0004679,29,669,92572.74,761,7,1824.45,3,0,22.7,2,0,47.1,Medium
C0004680,27,1518,59471.14,625,11,2277.24,3,1,9.1,0,0,80.8,Very High
C0004681,65,4308,178817.26,785,10,4515.12,0,1,10.2,0,0,35.8,Medium
C0004682,43,3656,107768.02,650,13,3840.18,1,1,10.5,0,0,42.6,Medium
C0004683,33,2632,49925.4,700,7,1991.21,2,1,11.5,1,0,55.0,High
C0004684,33,2429,205880.36,721,6,3248.23,1,1,14.4,1,0,41.2,Medium
C0004685,33,4265,33928.06,569,14,4384.53,0,0,6.6,0,0,61.1,High
C0004686,32,2551,27594.66,705,7,754.95,1,0,23.0,1,0,39.8,Medium
C0004687,24,954,49181.94,716,10,1722.09,0,0,11.3,1,0,45.9,Medium
C0004688,21,5876,40849.0,776,7,1008.05,0,1,12.1,1,0,40.0,Medium
C0004689,39,2115,50725.16,618,8,1371.86,0,0,9.8,1,0,56.7,High
C0004690,34,1693,96166.81,629,11,3356.89,3,0,1.8,1,0,61.4,High
C0004691,58,443,60852.06,739,9,1008.31,0,0,11.0,2,0,40.2,Medium
C0004692,46,2829,61717.72,796,14,9870.87,1,0,9.7,0,0,27.2,Medium
C0004693,46,5917,64038.38,646,10,3376.45,1,0,11.7,1,0,57.1,High
C0004694,32,984,17380.61,597,11,1504.5,4,2,5.8,2,1,87.9,Very High
C0004695,40,1490,26943.47,666,10,2019.76,1,0,11.4,1,0,57.7,High
C0004696,47,1095,50159.76,614,7,952.28,1,0,7.0,1,0,54.8,High
C0004697,52,591,38998.51,720,9,843.67,2,1,22.9,1,0,53.4,High
C0004698,41,3632,54579.11,609,6,1712.46,1,0,3.8,2,0,58.8,High
C0004699,57,1810,134209.9,763,14,5150.03,1,0,9.8,2,0,42.2,Medium
C0004700,42,4513,59512.55,706,15,881.61,2,1,11.6,0,0,39.9,Medium
C0004701,53,2421,29962.36,765,16,4903.37,3,0,10.7,1,0,52.0,High
C0004702,35,3829,40082.09,508,10,1949.86,3,1,4.9,0,0,80.6,Very High
C0004703,18,563,158848.53,558,9,2569.17,3,2,15.2,1,0,79.9,Very High
C0004704,46,1995,144027.76,787,5,2306.96,1,0,3.6,1,0,59.6,High
C0004705,52,2501,86044.7,636,8,3639.53,4,1,5.9,1,0,63.9,High
C0004706,50,385,26252.7,580,7,4490.41,2,0,11.9,0,0,71.8,High
C0004707,48,2533,73396.56,675,11,1913.62,1,1,9.2,2,0,62.2,High
C0004708,37,2837,76567.12,708,4,3064.41,0,0,2.9,2,0,46.1,Medium
C0004709,31,2440,62877.07,678,3,5124.07,1,0,22.5,2,0,56.1,High
C0004710,50,3040,45314.56,725,12,3734.49,1,1,2.5,0,0,52.4,High
C0004711,48,4789,50789.38,715,14,1681.86,1,0,1.4,1,0,53.9,High
C0004712,34,4630,43610.21,711,6,1937.99,1,1,17.9,0,0,42.6,Medium
C0004713,58,114,33027.6,791,10,1158.61,2,2,11.2,1,0,49.9,Medium
C0004714,30,3852,131423.86,689,14,7170.62,1,1,8.1,2,0,49.4,Medium
C0004715,34,5427,100726.3,687,12,2684.96,0,0,10.1,1,0,53.1,High
C0004716,65,5231,53006.96,750,15,883.59,3,0,12.2,0,0,62.7,High
C0004717,54,1960,75251.25,731,6,1274.53,1,0,9.8,1,0,43.1,Medium
C0004718,37,4704,76820.37,622,12,1991.0,1,0,8.4,1,0,60.9,High
C0004719,46,4811,224914.5,683,3,5263.53,0,1,12.7,0,0,45.3,Medium
C0004720,44,2214,100187.87,723,7,1943.14,2,0,6.7,0,0,38.4,Medium
C0004721,18,5218,98126.52,646,12,3257.72,1,1,26.3,1,0,51.6,High
C0004722,29,3804,63308.77,650,12,1382.59,1,1,16.7,2,0,58.4,High
C0004723,41,4514,48822.99,586,7,3344.4,0,0,4.7,1,0,67.0,High
C0004724,37,4491,132638.19,474,10,5125.58,2,0,10.1,1,0,81.3,Very High
C0004725,45,4694,88755.38,662,10,3675.77,1,1,8.6,0,0,58.2,High
C0004726,58,5742,39286.71,700,12,445.5,0,1,18.3,2,0,53.1,High
C0004727,37,5148,79579.86,608,12,1992.29,2,0,16.5,0,0,46.3,Medium
C0004728,27,2551,98267.83,793,8,1106.21,3,2,15.6,1,1,74.5,High
C0004729,47,3385,19578.41,611,13,3403.38,0,0,7.8,0,0,41.8,Medium
C0004730,37,3900,37330.91,758,9,2302.78,1,0,9.6,1,0,54.8,High
C0004731,40,5143,75690.68,721,15,6692.86,0,0,11.6,2,0,38.5,Medium
C0004732,38,2374,21513.5,850,14,1772.56,0,1,13.0,3,0,38.7,Medium
C0004733,73,1898,23470.92,730,11,2306.65,2,2,9.0,0,1,66.0,High
C0004734,18,4434,53430.43,582,11,2030.71,0,1,6.3,0,0,73.6,High
C0004735,37,5726,81246.17,769,8,3510.02,2,1,3.4,2,0,54.5,High
C0004736,42,5474,83338.9,817,12,1169.9,0,2,10.8,0,0,36.1,Medium
C0004737,31,913,148035.8,557,6,1148.42,1,0,10.5,3,0,60.9,High
C0004738,55,5517,64869.63,738,8,1525.49,4,1,5.9,4,0,65.0,High
C0004739,53,4741,50510.2,755,8,3217.34,4,1,3.5,2,0,58.2,High
C0004740,41,967,30207.39,674,13,4322.7,2,1,6.9,3,0,75.9,Very High
C0004741,38,69,50178.63,508,5,2070.92,1,1,7.4,2,0,69.3,High
C0004742,40,1248,91494.19,668,7,3231.55,3,1,14.4,2,0,54.9,High
C0004743,41,5578,93796.88,646,12,3060.66,1,1,16.6,4,0,58.6,High
C0004744,41,4536,71713.2,805,4,2119.26,0,1,15.4,3,0,55.0,High
C0004745,39,3464,83767.71,683,8,2086.77,1,0,9.0,0,0,44.7,Medium
C0004746,46,3797,125103.99,659,10,3611.43,1,2,2.9,0,0,66.6,High
C0004747,53,2497,64620.64,646,12,7641.61,1,3,4.5,0,0,72.7,High
C0004748,25,5433,131520.11,714,10,4181.5,1,1,4.7,0,0,44.3,Medium
C0004749,27,962,41574.15,694,11,4808.19,1,3,12.6,1,0,62.0,High
C0004750,18,1903,59550.48,631,7,8280.28,5,1,4.9,1,0,77.3,Very High
C0004751,54,1227,47592.54,710,9,1397.53,0,1,12.7,0,0,50.5,High
C0004752,46,5092,95882.38,648,7,3470.85,1,0,12.7,1,0,60.3,High
C0004753,49,3254,35487.05,496,9,5669.14,2,0,9.1,2,0,71.7,High
C0004754,22,4112,51943.85,740,12,4050.89,1,0,10.8,0,0,41.4,Medium
C0004755,67,5518,22293.88,733,10,1490.43,2,0,5.8,1,0,51.2,High
C0004756,33,1196,85973.68,705,9,1310.66,1,1,5.0,1,0,73.9,High
C0004757,44,5787,123084.24,657,8,6359.44,3,2,12.6,1,0,58.9,High
C0004758,54,785,102311.67,685,12,2882.5,4,0,10.6,0,0,58.7,High
C0004759,28,4533,96938.77,751,14,2683.39,2,0,4.2,0,0,49.7,Medium
C0004760,34,4225,98376.76,643,9,2228.05,0,0,16.1,2,0,45.9,Medium
C0004761,45,4957,91100.75,754,9,5870.9,2,0,4.1,0,0,53.2,High
C0004762,82,976,86925.55,579,6,4143.89,2,0,12.3,1,0,58.6,High
C0004763,46,5760,90065.46,703,10,1949.42,3,1,10.9,2,1,62.0,High
C0004764,64,4772,43228.9,692,7,3978.4,1,0,24.2,0,0,35.7,Medium
C0004765,59,690,55535.81,765,4,2470.17,2,2,7.1,2,0,49.3,Medium
C0004766,47,3355,64442.17,621,13,3877.36,1,2,17.4,1,0,60.5,High
C0004767,28,4909,51547.13,629,7,5312.12,3,2,12.7,3,0,71.7,High
C0004768,57,2876,26197.5,585,12,4914.05,1,0,9.1,2,0,64.4,High
C0004769,21,2304,31433.66,647,15,716.57,1,1,3.9,3,0,67.2,High
C0004770,64,1674,70359.74,709,5,3072.03,1,2,5.1,0,0,67.9,High
C0004771,45,3110,102034.51,555,7,5750.11,0,0,4.5,1,0,58.0,High
C0004772,18,5903,62319.38,657,12,1378.82,1,0,10.5,0,0,37.6,Medium
C0004773,37,3656,283662.86,736,17,8016.24,1,1,10.3,0,0,37.7,Medium
C0004774,51,4341,37384.83,682,8,3293.36,1,0,4.5,0,0,48.4,Medium
C0004775,39,4684,79190.2,696,7,4101.97,0,0,6.3,1,0,39.6,Medium
C0004776,52,4675,126127.82,577,8,4099.57,2,1,10.4,2,0,74.2,High
C0004777,30,2420,111414.42,682,9,918.11,1,0,9.7,2,0,40.3,Medium
C0004778,24,4619,88891.91,692,11,4201.66,0,1,8.3,3,0,47.4,Medium
C0004779,41,1988,111695.24,678,11,3031.39,1,0,2.4,1,0,46.5,Medium
C0004780,42,3516,63918.02,701,8,1644.24,1,3,7.6,4,0,63.5,High
C0004781,37,1835,154735.83,667,9,6320.12,0,2,20.8,0,0,46.4,Medium
C0004782,59,5640,125571.07,656,6,642.0,3,0,0.6,4,0,70.2,High
C0004783,30,4388,38799.57,612,10,1477.44,1,2,3.2,3,0,74.8,High
C0004784,46,3515,73994.94,763,9,5658.63,1,2,11.2,2,0,52.2,High
C0004785,43,2725,26472.89,598,17,4238.99,1,0,5.8,1,0,61.2,High
C0004786,20,3134,143182.25,702,14,1551.15,0,2,3.9,2,1,57.4,High
C0004787,24,4686,70137.79,826,8,1384.84,2,0,20.8,1,0,27.5,Medium
C0004788,42,1664,130185.38,773,8,1980.27,2,1,5.0,2,0,57.2,High
C0004789,70,4975,58380.84,728,8,2837.93,2,1,12.9,3,0,54.5,High
C0004790,50,1711,22335.72,709,8,1759.73,1,1,8.3,0,0,35.9,Medium
C0004791,18,875,264459.08,680,13,2220.03,0,0,13.3,2,0,43.9,Medium
C0004792,18,4429,66635.21,622,12,2493.54,0,0,9.2,0,0,44.5,Medium
C0004793,52,4258,35766.78,671,11,1904.11,2,1,6.3,2,1,63.4,High
C0004794,41,2028,116431.56,733,12,1777.93,2,0,7.9,6,1,64.2,High
C0004795,58,3903,189968.05,719,8,1112.15,0,1,3.3,0,0,41.9,Medium
C0004796,30,4380,55467.29,749,9,2348.99,0,0,2.5,2,0,45.3,Medium
C0004797,47,4733,58706.54,781,6,2318.87,0,0,4.4,0,0,45.2,Medium
C0004798,54,5717,70672.73,678,11,1299.73,3,1,3.4,1,0,60.2,High
C0004799,36,5130,33652.94,704,13,2870.55,2,0,14.7,1,0,52.5,High
C0004800,36,2652,42405.04,548,9,5136.55,1,0,6.0,2,0,68.0,High
C0004801,42,1404,165206.07,850,13,2489.98,0,2,25.1,0,0,32.5,Medium
C0004802,50,611,57651.76,659,10,3158.48,1,1,17.2,0,0,55.6,High
C0004803,42,3455,39113.91,739,7,4538.62,0,1,7.4,1,0,50.3,High
C0004804,56,4009,48352.18,659,15,2335.49,2,1,9.1,2,0,63.0,High
C0004805,36,4154,111853.21,657,6,4266.31,0,0,14.8,1,0,41.6,Medium
C0004806,23,86,20913.42,672,10,534.43,1,0,9.9,1,0,52.5,High
C0004807,70,4217,71321.07,597,6,1507.22,1,0,23.5,0,0,54.5,High
C0004808,34,4728,240171.85,504,12,1166.74,2,0,6.1,0,0,66.9,High
C0004809,34,4338,189467.75,777,13,5971.15,2,2,6.9,0,0,50.5,High
C0004810,41,3168,84978.3,731,9,3599.9,1,0,7.9,2,0,49.2,Medium
C0004811,43,120,127890.93,621,10,1087.93,3,2,5.2,2,1,81.8,Very High
C0004812,37,2953,127216.31,724,8,1265.69,0,1,2.2,0,0,65.0,High
C0004813,42,3879,57853.61,752,7,978.79,1,1,9.5,3,0,53.3,High
C0004814,41,3429,103107.38,638,9,2952.23,1,0,10.2,0,0,57.9,High
C0004815,44,3460,165812.07,721,12,2706.74,3,0,9.5,1,0,59.2,High
C0004816,18,3112,30940.47,766,5,1813.04,1,1,10.9,2,0,50.6,High
C0004817,68,3325,85139.61,582,9,1349.6,0,0,6.9,1,0,49.4,Medium
C0004818,40,1962,75637.02,730,9,2338.05,0,0,12.2,3,0,38.6,Medium
C0004819,50,3641,65619.63,717,9,12737.27,0,0,6.6,0,0,41.3,Medium
C0004820,23,1710,62501.01,831,6,1859.08,3,0,9.2,3,0,41.4,Medium
C0004821,35,2964,70425.32,732,15,5017.21,1,2,9.9,1,0,49.0,Medium
C0004822,33,2509,73751.33,659,8,1963.46,2,1,8.8,4,0,58.8,High
C0004823,63,4293,114706.05,668,11,4476.74,3,1,20.0,0,0,63.0,High
C0004824,34,5372,80577.34,842,13,3527.81,2,0,8.4,0,0,23.5,Low
C0004825,53,3810,56221.67,663,9,2332.85,1,3,1.8,1,0,73.6,High
C0004826,33,838,39063.07,734,14,3609.98,0,1,18.8,1,0,53.0,High
C0004827,36,4015,47812.69,672,17,5192.52,1,1,11.0,3,0,65.6,High
C0004828,39,1968,71577.14,771,15,2489.37,1,0,7.6,1,0,36.9,Medium
C0004829,60,325,42047.31,775,4,2117.76,1,0,7.3,2,0,47.7,Medium
C0004830,18,1178,104309.95,688,8,3670.75,1,1,23.3,1,0,53.6,High
C0004831,24,5996,78544.45,659,5,6875.96,3,2,8.5,2,0,61.0,High
C0004832,18,2580,116288.53,658,8,964.79,1,0,17.0,1,0,59.5,High
C0004833,27,1234,43631.69,560,6,1045.18,1,1,13.7,0,0,64.8,High
C0004834,31,826,39253.76,698,5,5974.17,1,0,15.0,3,1,59.5,High
C0004835,19,3912,115811.73,696,6,1675.3,3,1,5.8,4,0,58.1,High
C0004836,32,4571,66593.64,629,11,5348.85,2,0,13.3,0,0,64.0,High
C0004837,18,2138,55464.88,552,15,1537.22,5,1,5.5,2,1,92.4,Very High
C0004838,28,647,91048.98,705,12,1756.48,0,1,4.6,1,0,68.8,High
C0004839,59,2147,89204.5,715,4,4682.6,3,2,6.4,0,0,57.5,High
C0004840,48,4001,31076.89,720,11,3837.61,0,1,19.4,0,0,25.8,Medium
C0004841,45,710,132779.41,616,7,1139.54,2,0,4.3,0,0,67.3,High
C0004842,28,1628,49472.18,720,10,3510.42,0,1,16.8,2,0,41.5,Medium
C0004843,20,41,157928.8,677,12,1542.75,0,0,3.0,2,0,59.7,High
C0004844,26,2848,29775.4,755,13,3161.76,0,1,10.5,1,0,36.9,Medium
C0004845,41,1048,73825.47,617,8,2478.4,1,1,4.5,0,0,67.1,High
C0004846,54,1223,55982.7,776,11,2131.45,1,0,16.2,0,0,35.2,Medium
C0004847,55,704,20921.04,803,6,1595.35,0,1,10.8,2,0,46.7,Medium
C0004848,51,4389,89045.62,699,10,804.29,1,0,15.6,1,0,50.7,High
C0004849,32,2952,21519.7,720,11,1581.24,3,0,13.3,0,0,56.8,High
C0004850,42,5691,52810.9,749,10,3742.91,0,1,7.7,1,0,51.9,High
C0004851,38,2388,113804.94,613,16,3205.9,3,0,4.8,2,0,73.0,High
C0004852,39,1353,46321.89,654,6,1387.11,0,2,14.1,2,0,51.6,High
C0004853,71,1248,37715.86,704,10,4893.9,1,1,6.6,0,0,62.5,High
C0004854,18,5720,96286.72,842,13,3029.24,1,2,20.8,0,0,38.0,Medium
C0004855,39,3550,54049.45,600,14,3578.67,3,3,2.9,1,0,85.1,Very High
C0004856,59,1971,49617.89,813,10,1222.18,2,1,5.3,0,0,43.5,Medium
C0004857,21,3935,125008.31,676,11,7766.22,0,0,15.2,0,0,51.2,High
C0004858,33,3360,32626.7,687,5,3289.05,0,0,24.4,4,0,50.4,High
C0004859,35,715,48151.41,781,3,6546.39,2,2,1.3,1,0,59.9,High
C0004860,39,4218,99851.12,842,6,1602.3,3,0,3.5,2,1,41.0,Medium
C0004861,20,741,31486.64,722,10,735.5,1,0,7.4,2,1,57.3,High
C0004862,50,1219,164609.39,777,7,1307.66,1,1,14.6,0,0,44.5,Medium
C0004863,51,4288,55029.44,621,7,4757.29,4,0,17.4,1,0,54.6,High
C0004864,49,2685,100295.86,650,13,1160.33,1,1,16.2,2,0,53.8,High
C0004865,30,1356,100180.52,589,9,6380.31,1,0,33.1,1,0,55.6,High
C0004866,43,434,57018.51,651,7,1511.11,3,1,11.6,1,0,70.9,High
C0004867,29,3574,47640.24,732,8,3114.19,4,0,9.2,0,0,61.0,High
C0004868,37,4191,60552.08,706,9,2819.01,1,0,8.3,3,0,46.8,Medium
C0004869,72,1242,91753.97,820,8,1978.33,1,0,8.7,1,0,39.4,Medium
C0004870,43,2517,36038.97,844,13,1986.12,0,2,7.3,1,0,34.4,Medium
C0004871,25,2085,31987.4,680,10,1275.37,3,5,10.9,0,0,75.0,High
C0004872,45,5353,140252.71,639,5,8646.08,1,0,9.0,1,0,51.0,High
C0004873,23,4751,41386.89,777,12,3386.46,0,0,13.1,0,0,38.6,Medium
C0004874,25,1665,75330.16,785,6,841.33,0,1,2.5,1,0,52.3,High
C0004875,27,3095,55474.42,723,10,1001.09,1,1,15.6,0,0,59.0,High
C0004876,36,5543,56843.87,743,13,3414.32,2,0,14.9,1,0,49.2,Medium
C0004877,55,2094,136162.46,731,9,2400.3,1,0,12.2,0,0,40.9,Medium
C0004878,50,872,59162.7,616,9,742.52,3,3,4.1,0,0,65.3,High
C0004879,49,1810,50951.8,599,10,12587.66,1,0,7.5,3,0,69.0,High
C0004880,27,3653,53452.36,686,13,394.43,1,1,9.4,0,0,61.7,High
C0004881,34,5953,47003.98,675,9,1788.18,0,0,3.4,2,0,63.1,High
C0004882,46,1867,42887.68,711,14,2444.83,1,0,7.4,0,0,44.8,Medium
C0004883,33,379,47107.8,680,10,1550.18,1,2,21.3,0,0,53.3,High
C0004884,38,1115,154763.78,562,9,4204.92,2,0,7.6,0,0,68.7,High
C0004885,48,2492,91693.66,532,10,3370.12,1,1,10.7,2,0,73.0,High
C0004886,37,590,51278.74,745,6,2647.98,0,1,9.2,0,0,36.4,Medium
C0004887,45,238,106382.91,640,9,2304.66,1,0,17.9,0,0,42.0,Medium
C0004888,64,3944,25898.31,673,9,3423.97,1,1,3.7,0,0,63.8,High
C0004889,40,4951,132126.19,648,12,2107.3,0,0,5.1,0,0,60.7,High
C0004890,59,1422,126402.35,622,12,904.18,2,0,11.6,1,0,56.5,High
C0004891,50,3150,212112.78,620,13,4529.1,0,1,9.1,0,0,63.7,High
C0004892,21,3449,108146.6,766,10,7532.4,2,1,13.4,1,0,52.9,High
C0004893,27,4015,78855.21,672,8,2551.29,2,0,4.5,0,0,55.0,High
C0004894,30,5877,126123.5,738,6,2585.8,1,0,29.1,1,0,40.7,Medium
C0004895,30,5314,43945.02,748,8,2360.02,2,1,9.8,1,0,60.7,High
C0004896,41,1916,49881.76,714,5,1025.58,1,1,9.0,1,0,48.9,Medium
C0004897,51,5854,59847.5,750,2,1696.9,1,1,18.0,4,0,51.0,High
C0004898,60,238,131633.19,691,15,4054.5,3,1,6.8,0,0,55.2,High
C0004899,46,5772,38721.74,792,11,2851.39,1,0,10.5,1,0,29.7,Medium
C0004900,36,882,36525.13,752,9,7379.15,3,1,16.0,1,0,60.0,High
C0004901,18,710,70614.13,762,7,3931.13,2,0,10.3,1,0,39.4,Medium
C0004902,43,742,91998.86,620,10,1857.15,1,0,10.6,1,0,59.6,High
C0004903,42,758,42116.52,710,9,3752.43,0,0,18.6,0,0,45.2,Medium
C0004904,45,2795,89645.61,552,11,2131.21,2,0,17.5,0,0,62.0,High
C0004905,71,3851,131598.29,795,8,831.28,2,1,26.5,2,0,48.0,Medium
C0004906,59,4475,119987.59,643,8,4785.05,1,2,6.2,0,0,59.0,High
C0004907,53,124,75297.39,654,10,3373.57,3,1,12.5,2,0,79.2,Very High
C0004908,29,1799,58986.32,587,11,16413.79,4,0,3.6,2,0,71.4,High
C0004909,35,820,161052.01,687,7,1712.28,1,2,2.5,2,0,80.8,Very High
C0004910,41,900,62527.51,670,13,3910.81,0,0,10.5,3,0,45.0,Medium
C0004911,31,4486,103993.61,827,9,1500.1,2,0,5.1,1,0,36.1,Medium
C0004912,49,3855,182033.22,754,5,1381.57,1,1,12.2,0,0,42.1,Medium
C0004913,47,1283,98153.43,651,12,11050.1,3,2,3.5,0,0,75.5,Very High
C0004914,27,1828,35828.16,565,11,635.24,0,0,17.8,2,0,56.1,High
C0004915,59,5551,31364.35,519,4,2365.76,4,0,15.5,0,0,88.3,Very High
C0004916,43,3463,52638.0,613,8,7506.09,1,0,7.7,1,0,58.9,High
C0004917,18,1455,91593.37,590,16,886.31,1,0,5.7,1,1,67.0,High
C0004918,41,5604,79183.39,716,6,1735.45,0,1,14.5,2,0,48.4,Medium
C0004919,46,1215,208727.49,679,8,4357.38,2,0,4.1,2,1,54.2,High
C0004920,56,1769,78760.79,691,5,1104.93,3,0,7.4,2,0,54.4,High
C0004921,37,4165,51781.95,619,10,2990.39,3,0,15.8,2,0,68.1,High
C0004922,54,3089,33241.4,701,6,1443.91,0,0,12.0,2,0,48.5,Medium
C0004923,45,443,118673.37,583,13,5761.38,1,0,11.8,0,0,37.9,Medium
C0004924,24,4846,61793.66,683,9,5629.32,3,1,6.4,2,0,70.4,High
C0004925,22,1392,27078.97,752,8,1766.96,1,1,17.7,1,0,44.9,Medium
C0004926,58,4159,62763.75,663,11,373.24,0,0,9.3,1,0,58.8,High
C0004927,59,2026,35854.83,723,7,3374.82,0,0,14.2,0,0,38.6,Medium
C0004928,47,4516,49059.5,542,10,4692.3,1,0,2.0,0,0,68.1,High
C0004929,63,5391,62211.51,536,12,3393.56,2,2,16.0,2,0,78.8,Very High
C0004930,57,4642,37685.92,715,11,3124.54,3,2,9.8,0,0,56.3,High
C0004931,52,5529,47415.12,769,11,2865.78,0,0,7.6,0,0,39.2,Medium
C0004932,29,3253,41176.53,672,21,1931.84,0,0,19.9,1,0,46.3,Medium
C0004933,66,418,41788.67,850,13,1466.35,1,0,13.7,1,0,41.8,Medium
C0004934,50,3230,35613.44,582,11,2466.1,0,0,2.6,2,0,58.3,High
C0004935,37,2783,47542.02,639,13,2055.82,1,0,15.6,1,0,48.0,Medium
C0004936,33,4321,37903.76,701,16,3734.19,2,4,15.9,1,0,75.5,Very High
C0004937,46,1514,85606.02,725,4,1369.23,3,1,18.6,1,0,64.9,High
C0004938,19,4194,69239.7,646,8,1797.75,4,2,2.4,0,0,67.8,High
C0004939,52,2666,119608.96,611,8,2502.24,1,0,3.1,2,0,61.0,High
C0004940,29,4030,175006.17,737,5,1443.25,0,0,4.8,1,0,49.9,Medium
C0004941,47,2536,89986.81,700,11,955.09,1,0,7.7,0,0,38.1,Medium
C0004942,35,2311,79392.77,664,15,3581.84,1,1,9.5,0,0,52.0,High
C0004943,38,1309,93160.13,727,8,1007.56,0,0,7.8,0,0,41.2,Medium
C0004944,31,4976,80138.65,680,12,2657.6,1,1,14.1,2,0,56.2,High
C0004945,40,439,63735.65,680,15,3326.53,2,0,3.4,1,0,59.0,High
C0004946,68,1440,61008.01,677,8,5924.65,5,0,10.0,2,0,62.3,High
C0004947,61,2577,35347.08,628,5,10527.24,0,1,5.7,3,0,69.6,High
C0004948,47,959,98350.75,621,6,5536.07,3,0,28.5,1,0,57.1,High
C0004949,42,5502,60941.98,651,7,1484.43,0,1,9.3,1,0,50.7,High
C0004950,54,2090,137602.6,692,7,1936.23,1,2,5.5,1,0,65.1,High
C0004951,58,1477,102561.14,550,11,2858.39,1,0,11.7,0,0,68.5,High
C0004952,30,1545,43941.58,761,13,2255.96,2,0,22.8,1,0,45.1,Medium
C0004953,41,1174,123077.53,691,8,2594.71,4,1,5.1,0,0,75.6,Very High
C0004954,18,3989,15161.0,610,9,5277.37,2,2,5.2,2,0,65.9,High
C0004955,58,2903,179245.89,811,11,2551.77,3,0,6.1,0,0,48.8,Medium
C0004956,71,1409,29695.32,693,10,4248.83,1,2,19.3,0,0,48.0,Medium
C0004957,43,5243,81405.76,590,11,1123.67,2,2,4.7,3,0,88.0,Very High
C0004958,18,3949,78430.53,808,14,3202.67,1,0,7.6,1,0,43.3,Medium
C0004959,51,2435,115028.35,792,15,788.59,2,2,3.1,2,0,64.0,High
C0004960,29,3093,51746.21,622,14,4839.51,1,0,22.5,3,0,67.4,High
C0004961,33,3947,19050.61,666,6,2071.09,0,2,6.1,0,0,61.7,High
C0004962,51,940,51786.32,656,10,952.17,0,0,20.4,1,0,44.9,Medium
C0004963,46,4855,54959.42,548,10,1947.52,0,1,15.2,1,0,55.0,High
C0004964,35,1572,20087.12,714,4,3177.51,1,0,15.4,0,0,43.1,Medium
C0004965,33,206,63566.64,753,10,1042.55,0,0,22.8,0,0,31.9,Medium
C0004966,44,3144,34309.29,739,13,1317.27,2,0,5.2,0,0,47.9,Medium
C0004967,36,5262,88599.94,692,7,1803.26,0,1,22.4,1,0,52.3,High
C0004968,26,4406,54151.76,761,6,4009.47,4,1,9.0,0,0,54.4,High
C0004969,37,1871,182315.11,605,14,630.42,0,0,11.7,1,0,63.3,High
C0004970,47,2407,53851.82,826,10,3142.02,1,1,12.6,3,0,44.8,Medium
C0004971,40,3587,78558.97,632,7,1976.85,0,1,3.2,2,0,56.4,High
C0004972,22,1420,55143.84,640,11,4680.83,4,1,14.1,1,0,73.3,High
C0004973,56,4925,25389.53,647,4,3027.23,3,0,3.1,0,0,59.0,High
C0004974,18,1791,55397.93,641,8,5642.5,0,0,15.2,2,0,56.4,High
C0004975,36,1323,93832.55,676,6,3045.97,1,0,12.2,0,0,47.8,Medium
C0004976,33,597,86334.46,673,13,1060.94,3,1,10.1,0,0,54.2,High
C0004977,44,4168,52764.42,700,9,3081.94,1,1,3.2,1,0,63.2,High
C0004978,50,180,27824.54,629,9,3210.83,1,1,7.2,1,1,51.7,High
C0004979,58,4838,88374.78,702,7,1480.59,1,0,6.8,2,0,58.9,High
C0004980,32,5839,78089.22,608,7,1632.47,0,3,11.4,1,0,74.4,High
C0004981,50,693,98593.99,745,14,485.37,1,0,15.2,0,0,46.8,Medium
C0004982,45,605,53323.26,744,13,3734.2,0,0,9.7,1,0,50.8,High
C0004983,18,5609,24550.4,690,9,2108.23,3,0,6.4,1,0,60.4,High
C0004984,69,775,83154.68,641,11,1590.94,0,4,6.8,3,1,86.1,Very High
C0004985,22,2463,61689.01,713,11,1197.09,3,2,17.3,1,0,62.2,High
C0004986,48,5229,133294.43,623,14,1665.58,1,0,13.4,1,0,49.5,Medium
C0004987,47,859,62987.58,693,8,3054.97,3,3,9.7,1,0,69.6,High
C0004988,46,3991,60468.8,679,14,2582.38,0,2,23.5,4,0,53.1,High
C0004989,35,2314,77993.41,850,14,1847.07,1,1,24.6,0,0,38.7,Medium
C0004990,54,2633,44648.57,598,12,1034.3,1,0,8.6,1,0,63.0,High
C0004991,20,5588,43480.38,490,15,1832.96,3,1,5.4,0,1,79.1,Very High
C0004992,41,3904,58750.05,642,10,1329.03,2,1,6.4,1,1,73.4,High
C0004993,34,1937,37371.59,561,9,1978.67,2,0,29.1,2,0,64.2,High
C0004994,33,5611,54659.98,635,6,3411.0,1,0,12.9,0,0,58.7,High
C0004995,48,3497,180168.61,593,7,1602.42,1,1,14.7,3,0,63.3,High
C0004996,57,623,110011.28,622,8,6738.84,0,0,23.1,0,0,58.3,High
C0004997,37,2373,73446.35,610,9,1566.63,0,2,14.9,0,0,44.8,Medium
C0004998,53,1484,145555.42,762,9,743.93,4,1,3.5,0,0,61.3,High
C0004999,43,3865,39387.23,686,10,1960.39,3,1,19.1,0,0,64.7,High
C0005000,30,5165,243928.78,771,9,1529.06,3,0,17.4,1,0,47.4,Medium
C0005001,38,263,48127.71,693,9,20807.81,3,1,12.2,1,1,59.6,High
C0005002,38,4690,186648.59,760,15,1674.69,0,0,7.3,1,0,54.5,High
C0005003,32,5500,186197.15,667,6,837.31,1,1,12.9,1,0,63.6,High
C0005004,48,5965,23638.06,810,4,2259.67,2,3,6.6,0,1,52.4,High
C0005005,45,3977,138939.01,725,13,1978.54,2,3,13.0,2,0,57.9,High
C0005006,20,1904,53036.71,632,6,1031.26,1,1,4.9,2,0,60.2,High
C0005007,19,897,45365.49,736,12,2779.26,2,2,4.0,0,0,47.0,Medium
C0005008,48,5670,82738.53,692,14,3178.65,0,0,9.1,2,0,54.3,High
C0005009,31,2492,35615.5,675,14,2319.09,3,0,3.4,0,0,50.2,High
C0005010,46,2081,81714.61,697,11,1849.73,2,5,21.1,2,0,76.9,Very High
C0005011,53,4411,36954.87,746,9,1731.63,0,1,17.7,0,0,43.4,Medium
C0005012,24,4299,68342.24,531,12,1467.08,1,0,19.2,1,0,53.8,High
C0005013,22,4861,129228.71,664,9,956.54,2,1,9.4,1,0,73.2,High
C0005014,65,5299,76686.01,741,11,5775.9,1,0,18.6,0,0,47.7,Medium
C0005015,47,5265,50868.76,709,7,10728.35,1,2,9.3,2,0,57.0,High
C0005016,36,1049,83505.33,606,7,1128.56,1,0,2.8,0,0,50.5,High
C0005017,29,1042,28604.68,512,12,1486.99,2,0,9.4,0,0,60.4,High
C0005018,35,1257,39085.87,818,13,1089.14,1,1,15.8,0,0,40.1,Medium
C0005019,25,3775,48934.66,676,13,3925.08,1,1,14.3,2,0,62.9,High
C0005020,54,3498,95574.12,804,14,1137.28,2,2,16.7,1,0,48.7,Medium
C0005021,31,5147,77503.55,750,6,3464.04,1,0,4.3,1,0,42.4,Medium
C0005022,57,5067,83219.02,630,13,2905.49,1,1,8.9,1,0,52.3,High
C0005023,36,4885,61073.25,502,10,1991.45,2,0,24.9,0,0,76.4,Very High
C0005024,27,501,40192.47,655,14,5324.82,1,0,7.5,3,0,62.5,High
C0005025,36,4182,140554.98,687,11,1752.57,1,0,15.4,0,0,41.7,Medium
C0005026,18,5109,42239.17,724,8,2203.29,2,0,14.2,0,0,46.5,Medium
C0005027,40,5894,78070.0,607,5,997.57,0,0,4.2,0,0,65.6,High
C0005028,40,2078,58292.7,703,13,450.04,1,1,28.0,1,0,47.9,Medium
C0005029,54,4666,84502.46,703,7,4381.99,1,1,13.1,1,0,56.3,High
C0005030,18,2455,44438.96,764,13,1471.9,1,0,12.3,2,0,56.0,High
C0005031,58,989,110620.65,667,15,4665.31,2,0,20.1,1,0,62.5,High
C0005032,53,2058,132315.24,723,10,1749.72,0,1,1.8,0,0,56.9,High
C0005033,60,1529,106950.07,712,11,2049.72,2,1,2.5,1,0,60.7,High
C0005034,41,5471,67614.9,756,15,2515.29,2,0,8.6,0,0,51.3,High
C0005035,56,1078,48804.16,629,12,1549.36,3,1,1.2,1,1,80.5,Very High
C0005036,21,810,292743.23,460,7,769.91,0,1,8.9,0,0,76.7,Very High
C0005037,52,3491,35936.05,672,10,1248.68,0,1,17.3,4,0,57.8,High
C0005038,31,3458,100666.25,673,6,1186.42,1,1,6.7,0,0,52.2,High
C0005039,19,3379,74452.85,603,9,2152.57,2,0,21.6,0,0,62.0,High
C0005040,26,914,59903.73,577,9,4547.17,1,1,4.7,0,0,54.1,High
C0005041,42,3006,68646.76,647,6,1372.73,2,0,2.9,2,0,55.2,High
C0005042,30,5573,46829.62,681,13,2062.11,1,0,11.7,0,0,56.8,High
C0005043,47,566,78414.98,697,3,2569.42,1,2,22.7,1,0,64.4,High
C0005044,18,4793,73802.15,519,6,1312.91,0,1,9.8,3,0,74.5,High
C0005045,18,780,270384.13,558,11,2826.19,1,0,3.4,1,0,72.6,High
C0005046,61,1425,111730.15,775,15,4498.62,0,0,3.9,2,0,54.0,High
C0005047,55,5391,82341.06,676,13,2841.3,1,0,27.1,0,0,33.3,Medium
C0005048,27,1807,85088.49,690,15,2129.34,4,1,6.7,1,0,52.0,High
C0005049,42,3148,170524.69,590,5,1273.59,3,0,18.0,2,1,60.6,High
C0005050,56,2307,36357.47,690,4,2036.68,2,1,9.3,3,0,55.5,High
C0005051,48,3697,56071.71,662,8,1348.65,0,0,13.5,2,0,47.8,Medium
C0005052,44,2450,21719.45,644,13,1502.5,1,0,7.3,1,0,79.4,Very High
C0005053,57,2679,84306.59,580,6,2032.14,1,0,5.9,1,1,50.7,High
C0005054,32,4909,98852.61,625,11,1921.59,1,0,7.1,1,0,50.9,High
C0005055,42,3338,35857.56,838,12,4305.84,3,1,11.0,1,0,56.7,High
C0005056,42,3400,136514.17,664,17,1501.25,2,0,3.0,2,0,73.7,High
C0005057,38,4839,41752.13,749,9,2832.27,2,0,6.4,0,0,50.4,High
C0005058,37,2584,51355.75,675,8,1626.58,0,1,25.0,0,0,30.7,Medium
C0005059,43,4946,66214.25,667,6,1216.91,2,0,11.4,0,0,49.5,Medium
C0005060,42,4325,148999.42,642,14,3263.4,4,1,7.4,1,0,66.3,High
C0005061,27,5305,38672.38,791,11,2888.51,3,1,13.2,1,0,49.7,Medium
C0005062,53,2763,72771.2,718,9,1489.4,1,1,15.3,0,0,46.1,Medium
C0005063,28,3365,94944.75,631,11,288.55,0,2,3.6,0,0,77.7,Very High
C0005064,39,795,84757.39,660,7,4557.85,3,0,17.8,1,0,62.8,High
C0005065,38,694,86496.59,771,9,3646.0,3,3,5.4,1,0,62.9,High
C0005066,47,671,94250.82,477,8,4658.56,2,1,5.0,3,0,86.0,Very High
C0005067,18,3809,45697.19,713,8,4823.68,1,1,17.3,0,0,35.3,Medium
C0005068,54,1975,156869.35,730,9,2221.16,3,0,17.7,0,0,37.1,Medium
C0005069,33,1754,58323.33,634,11,1678.31,1,0,3.1,1,0,74.3,High
C0005070,59,3629,54218.27,702,13,686.57,2,1,13.6,2,0,54.5,High
C0005071,35,2408,130103.26,728,8,2402.68,0,1,14.7,0,0,28.8,Medium
C0005072,41,835,43830.18,598,9,1642.77,0,2,14.2,1,0,69.0,High
C0005073,69,3357,73942.47,753,15,1322.61,0,0,15.7,1,0,49.4,Medium
C0005074,38,3314,41661.41,712,15,909.61,1,1,11.6,1,0,65.2,High
C0005075,59,863,247822.83,679,10,1126.09,3,0,17.1,2,0,58.7,High
C0005076,43,1639,220719.88,698,10,917.24,3,0,7.2,1,0,59.7,High
C0005077,48,1446,58352.48,743,13,4194.88,0,1,5.3,0,0,46.8,Medium
C0005078,43,4181,82521.25,850,8,4543.17,1,0,8.9,1,0,34.9,Medium
C0005079,54,1517,62177.57,736,6,1357.95,5,0,8.0,0,0,57.4,High
C0005080,32,198,51182.86,751,16,4876.7,2,1,15.6,0,0,35.0,Medium
C0005081,28,1622,66216.63,705,9,2351.92,2,1,1.8,1,1,54.0,High
C0005082,33,2830,60630.84,833,9,5713.44,1,0,7.5,0,0,33.8,Medium
C0005083,43,4623,26863.47,580,10,3241.95,2,1,5.8,1,0,58.8,High
C0005084,39,342,71650.29,560,7,3318.01,2,0,14.3,0,0,53.4,High
C0005085,52,5290,60574.46,701,9,2579.81,2,1,8.5,1,0,51.4,High
C0005086,60,2003,73614.69,740,5,1376.21,2,1,6.5,1,0,59.8,High
C0005087,28,2075,59412.2,497,12,932.63,3,0,13.2,1,0,71.8,High
C0005088,32,122,50853.44,690,10,2513.36,0,2,10.3,3,0,56.9,High
C0005089,22,1679,100316.97,676,7,2067.79,1,0,23.8,3,0,47.4,Medium
C0005090,70,2830,83126.06,746,6,11918.67,0,2,7.0,0,0,49.6,Medium
C0005091,46,3767,133614.72,722,12,3576.75,4,0,4.3,0,0,56.2,High
C0005092,49,4609,81388.64,554,9,1270.65,0,1,6.2,2,1,64.2,High
C0005093,23,3150,55614.88,609,7,2082.58,0,1,15.8,0,0,69.5,High
C0005094,42,628,87039.07,629,6,1731.57,2,2,5.3,2,0,65.1,High
C0005095,49,2366,20859.24,745,6,2144.48,2,0,14.6,0,0,44.1,Medium
C0005096,38,4419,197188.15,718,10,938.01,3,0,10.0,0,0,49.9,Medium
C0005097,57,3848,72099.24,643,6,3968.3,2,2,10.8,1,0,70.2,High
C0005098,74,3517,206146.1,701,6,1701.6,1,2,8.1,0,0,63.2,High
C0005099,29,3064,38436.0,611,16,3366.13,2,0,3.7,0,0,64.7,High
C0005100,28,3042,33529.63,844,15,1486.03,1,1,6.4,0,0,37.4,Medium
C0005101,30,5958,75818.53,733,4,1699.06,0,2,10.4,1,0,47.6,Medium
C0005102,64,3608,75681.1,749,8,3235.21,0,2,6.4,0,0,48.7,Medium
C0005103,57,3594,74676.77,793,10,572.48,1,1,2.9,1,1,37.2,Medium
C0005104,40,2035,68671.81,766,11,4179.5,2,0,20.3,1,0,48.3,Medium
C0005105,43,2955,43889.27,692,17,5719.33,1,0,14.7,2,0,62.7,High
C0005106,31,4270,27390.29,676,14,5647.4,0,0,10.9,1,0,74.1,High
C0005107,54,5152,72447.86,787,13,1394.93,3,0,16.8,0,0,48.6,Medium
C0005108,37,4684,30621.7,692,10,2676.7,0,0,5.8,0,0,34.3,Medium
C0005109,38,3984,29072.16,634,1,1646.08,1,2,7.8,0,0,73.7,High
C0005110,51,4675,50289.03,837,9,837.31,0,0,3.8,1,0,34.6,Medium
C0005111,39,226,78570.54,620,18,2330.6,0,1,6.7,1,0,61.6,High
C0005112,39,1638,185008.54,560,13,853.55,2,1,13.0,0,0,65.6,High
C0005113,42,1481,106242.8,764,5,3248.21,0,0,12.5,1,0,47.5,Medium
C0005114,53,3933,136374.4,635,10,3745.91,3,2,27.8,2,0,62.8,High
C0005115,65,4527,88823.24,723,11,5092.46,5,1,7.1,0,0,63.0,High
C0005116,50,914,75861.09,826,8,3069.57,0,2,16.0,2,1,33.1,Medium
C0005117,53,1181,245996.93,587,15,1681.32,2,2,22.9,0,0,64.4,High
C0005118,39,2987,29951.03,687,7,1945.76,2,1,5.9,0,0,61.7,High
C0005119,32,5810,49395.42,801,4,2382.81,0,1,31.4,1,0,37.7,Medium
C0005120,51,45,51562.03,741,8,5693.45,3,0,13.3,0,0,52.7,High
C0005121,44,5280,101351.1,677,15,5732.59,0,0,6.3,3,0,43.5,Medium
C0005122,22,1185,36190.88,850,7,2082.95,3,0,14.8,1,0,29.4,Medium
C0005123,37,1633,94350.89,683,14,4167.57,1,3,7.3,1,0,69.2,High
C0005124,41,3801,85280.16,720,16,1573.09,2,0,14.8,0,0,64.6,High
C0005125,35,4380,96977.16,814,19,2921.3,4,2,5.9,0,0,52.1,High
C0005126,63,5249,96015.25,764,8,1752.98,3,0,7.1,1,0,57.3,High
C0005127,49,62,144489.98,789,13,2578.0,2,1,10.7,5,0,55.5,High
C0005128,61,322,60344.46,623,6,1289.47,1,3,2.0,6,1,87.3,Very High
C0005129,46,2885,82990.09,782,13,873.89,2,0,16.2,3,0,48.0,Medium
C0005130,43,3364,41348.34,703,15,978.62,0,0,11.8,2,0,48.7,Medium
C0005131,29,1587,36470.26,634,10,3213.81,2,1,16.1,1,0,58.1,High
C0005132,42,3831,163659.85,707,8,1066.29,0,2,6.0,0,0,53.2,High
C0005133,42,1613,39664.99,704,18,1762.43,1,1,11.1,2,0,57.2,High
C0005134,23,5596,88221.97,830,12,3924.41,0,1,7.0,3,1,36.4,Medium
C0005135,34,1089,83030.49,719,8,4557.09,2,1,5.8,0,0,60.1,High
C0005136,37,3941,118317.76,631,11,1163.98,1,1,4.3,1,0,60.1,High
C0005137,48,3196,24906.38,614,11,462.2,4,1,14.5,0,0,90.1,Very High
C0005138,48,645,101220.19,686,6,1304.91,0,0,13.6,3,0,57.2,High
C0005139,34,3640,60052.36,589,13,2506.29,3,0,10.7,1,0,74.3,High
C0005140,49,906,44575.5,636,8,3403.19,1,0,14.0,0,0,51.0,High
C0005141,39,3251,54010.84,672,6,1021.85,1,0,13.4,1,0,56.0,High
C0005142,18,3825,109657.11,658,11,697.76,2,0,7.5,2,0,64.5,High
C0005143,35,460,92695.2,745,9,1219.44,3,0,8.1,0,0,39.1,Medium
C0005144,57,1317,57787.73,635,10,1569.87,0,0,4.7,1,0,57.0,High
C0005145,18,1795,33136.16,505,9,8545.54,2,0,7.0,2,0,91.1,Very High
C0005146,44,5571,34447.45,564,6,2362.8,6,0,15.4,1,1,66.0,High
C0005147,64,1350,93812.77,689,13,3353.72,0,3,17.2,1,0,68.5,High
C0005148,31,5526,30703.48,646,16,4497.62,1,0,3.5,0,0,65.0,High
C0005149,42,3217,58099.06,597,14,1642.56,2,0,10.8,0,0,53.0,High
C0005150,24,5693,270893.04,837,12,2348.45,0,0,2.4,1,0,29.2,Medium
C0005151,65,4992,79829.48,752,7,2593.23,3,1,14.2,1,1,59.7,High
C0005152,41,1778,93258.15,686,10,3262.71,2,0,5.9,0,0,40.0,Medium
C0005153,43,3371,34590.01,707,11,2023.6,1,1,9.7,0,0,54.1,High
C0005154,61,4310,31567.2,670,8,4336.37,3,1,10.3,0,0,68.6,High
C0005155,51,497,96046.89,596,7,4507.44,1,0,1.6,0,0,67.2,High
C0005156,30,3988,53082.15,767,12,1829.84,0,2,17.5,1,1,42.5,Medium
C0005157,33,2774,118229.33,754,6,3603.34,0,0,9.0,2,0,44.7,Medium
C0005158,49,242,67078.1,542,7,2833.31,2,0,4.9,0,0,71.0,High
C0005159,33,5206,438400.96,707,6,12411.54,1,0,20.4,1,0,46.7,Medium
C0005160,18,1615,47815.91,715,6,3939.22,0,0,7.2,0,0,45.2,Medium
C0005161,41,5248,76796.32,666,12,2827.85,0,0,2.0,1,0,63.6,High
C0005162,21,1264,40059.04,847,12,1519.56,3,2,6.8,2,0,49.7,Medium
C0005163,65,3263,115558.67,839,14,1123.05,3,1,13.1,0,0,56.1,High
C0005164,44,2243,83464.07,662,11,3100.28,3,0,9.5,2,0,76.7,Very High
C0005165,29,5361,38608.79,673,8,724.75,0,1,0.9,1,0,49.7,Medium
C0005166,32,5719,55016.2,664,15,6321.85,0,0,5.1,1,0,46.6,Medium
C0005167,18,4627,139301.9,644,6,576.87,2,0,12.0,0,0,41.3,Medium
C0005168,27,5078,130395.79,621,8,1126.93,0,0,19.6,1,0,39.0,Medium
C0005169,56,4620,30090.72,728,5,4214.24,3,2,8.4,2,0,58.1,High
C0005170,73,1781,50696.21,837,7,2149.94,2,0,6.3,0,0,34.9,Medium
C0005171,52,5524,178377.59,806,12,2477.94,3,0,2.0,3,0,55.8,High
C0005172,41,3194,59751.04,749,10,1407.19,1,1,8.8,0,0,42.1,Medium
C0005173,36,2080,72458.7,509,8,2024.89,3,0,13.9,2,1,73.1,High
C0005174,29,1177,115231.94,550,10,3432.18,3,2,6.4,3,0,97.7,Very High
C0005175,71,4267,31482.93,770,12,1280.81,1,1,12.6,3,0,60.5,High
C0005176,39,1686,39067.88,811,3,1855.43,0,0,12.4,2,0,38.8,Medium
C0005177,72,3926,54822.46,732,6,2207.58,0,1,2.9,3,0,69.4,High
C0005178,62,418,127062.28,667,9,1844.93,0,0,2.4,1,0,49.8,Medium
C0005179,18,3819,114778.63,791,9,3584.1,2,2,5.3,0,0,49.1,Medium
C0005180,33,3866,97320.13,747,12,2965.64,0,2,7.0,1,0,56.6,High
C0005181,33,3162,60678.92,775,10,2055.36,1,0,18.0,2,0,46.6,Medium
C0005182,41,3951,121923.98,551,5,725.83,1,1,6.7,0,0,69.3,High
C0005183,41,5962,60230.54,716,6,4742.9,2,0,17.0,1,0,44.9,Medium
C0005184,84,5035,90018.64,823,15,1206.86,2,2,16.0,0,0,44.7,Medium
C0005185,27,2654,108175.6,730,5,6978.91,2,0,8.7,3,1,56.7,High
C0005186,45,5233,166564.97,761,10,1270.37,1,1,5.4,2,0,44.6,Medium
C0005187,51,5728,63507.36,693,11,2595.16,2,2,3.9,1,0,60.0,High
C0005188,42,985,53661.66,698,10,3326.13,0,3,3.1,2,0,58.5,High
C0005189,44,2172,133543.31,795,11,1936.07,4,1,16.5,1,0,48.9,Medium
C0005190,27,4465,139303.26,640,7,2694.54,0,0,2.8,2,0,53.4,High
C0005191,43,3104,48583.23,632,9,1830.91,0,1,6.6,0,0,53.9,High
C0005192,49,834,35671.99,654,9,7511.45,0,0,14.2,0,0,39.0,Medium
C0005193,47,2850,128073.37,692,11,2509.01,0,4,3.7,1,0,61.4,High
C0005194,50,2261,26554.1,569,6,2039.69,2,1,9.7,1,0,74.1,High
C0005195,62,4440,25818.56,745,11,2578.49,2,1,5.8,2,1,60.4,High
C0005196,55,3107,56518.73,678,14,4592.41,3,0,6.4,0,0,59.9,High
C0005197,43,865,65593.48,754,16,2835.54,0,2,9.0,0,0,43.6,Medium
C0005198,26,325,34610.62,531,9,2478.56,1,0,2.5,0,0,63.1,High
C0005199,34,1745,70046.53,754,12,865.83,1,0,20.6,3,0,37.7,Medium
C0005200,39,965,71786.25,790,9,4661.94,2,0,6.2,1,0,46.5,Medium
C0005201,46,5261,47604.2,723,11,2762.51,0,0,6.8,2,0,51.6,High
C0005202,35,1648,189718.18,692,10,1647.01,3,0,10.4,0,0,65.5,High
C0005203,29,3817,78531.75,755,15,2720.52,2,0,2.0,0,0,54.8,High
C0005204,25,791,115330.67,785,7,5433.24,2,0,11.9,1,0,50.2,High
C0005205,19,2667,27832.86,729,13,3501.69,1,2,13.0,4,0,62.0,High
C0005206,39,5606,27701.08,735,10,7909.12,0,1,12.4,0,0,47.0,Medium
C0005207,21,3871,79851.51,814,7,3883.7,1,0,4.2,1,0,38.2,Medium
C0005208,28,1751,171967.6,747,9,627.73,1,2,5.1,1,0,48.0,Medium
C0005209,36,4493,35575.94,630,7,4993.15,0,1,4.6,0,0,62.8,High
C0005210,23,3021,67087.08,785,16,708.48,1,1,4.4,0,0,58.4,High
C0005211,47,1433,31432.16,681,13,5293.97,5,0,5.3,2,0,65.7,High
C0005212,52,5979,41758.04,692,13,3910.94,3,1,7.4,2,0,62.8,High
C0005213,34,5627,68947.52,698,5,6556.34,3,2,11.7,2,0,66.8,High
C0005214,36,3412,47285.24,763,14,2933.9,6,1,4.1,1,0,75.0,High
C0005215,50,228,30237.9,821,13,2649.83,3,0,20.5,3,0,45.7,Medium
C0005216,32,2486,29867.76,692,10,4921.34,0,0,8.7,2,0,53.7,High
C0005217,31,3098,21973.34,820,11,1023.81,1,3,9.4,1,1,54.7,High
C0005218,59,5580,80580.4,702,9,2258.41,3,1,3.9,0,1,58.9,High
C0005219,54,4405,86125.36,795,9,1894.49,2,2,8.1,1,0,54.7,High
C0005220,50,1358,85887.54,705,11,1664.12,2,0,5.6,2,0,48.8,Medium
C0005221,55,3074,37603.15,653,13,1518.17,1,0,8.2,1,0,68.8,High
C0005222,18,1101,107814.01,834,7,2438.03,2,0,8.3,1,0,46.9,Medium
C0005223,61,2858,91456.43,646,13,3509.08,1,0,20.1,2,0,65.0,High
C0005224,47,3226,62249.24,641,10,5784.64,1,1,15.3,1,0,60.2,High
C0005225,56,3073,56876.29,596,10,1828.22,1,0,18.0,2,0,58.1,High
C0005226,47,2580,43385.31,785,7,1732.5,2,0,8.1,2,0,36.3,Medium
C0005227,43,2640,68911.52,803,8,351.63,0,1,5.2,2,0,41.4,Medium
C0005228,38,4788,150900.5,718,5,5699.56,0,1,15.7,0,1,45.0,Medium
C0005229,47,3050,115926.4,616,12,910.05,0,0,6.8,1,1,52.4,High
C0005230,38,280,53850.87,689,7,3006.37,0,4,3.4,0,1,59.7,High
C0005231,54,4452,83377.31,667,9,2660.8,1,0,12.2,0,0,43.3,Medium
C0005232,20,3717,33830.0,613,6,4187.85,0,0,18.9,1,0,51.6,High
C0005233,34,4183,92635.4,653,10,1242.01,1,0,18.7,0,0,43.0,Medium
C0005234,71,4272,39258.3,728,9,3195.2,1,1,10.9,1,0,53.9,High
C0005235,33,1063,90629.06,645,16,6340.61,1,1,11.6,1,0,58.4,High
C0005236,39,5832,317387.71,712,9,2558.93,0,0,17.3,0,0,33.7,Medium
C0005237,30,5942,45314.52,557,5,1244.76,1,3,3.7,1,0,88.2,Very High
C0005238,47,900,309412.77,816,12,847.71,3,0,20.1,1,0,46.7,Medium
C0005239,32,1337,81205.58,661,8,5790.79,2,2,8.2,1,0,61.5,High
C0005240,39,1500,41052.03,755,5,1653.65,4,2,9.5,1,0,54.0,High
C0005241,54,5799,40030.17,704,7,1881.59,1,1,10.6,1,0,56.1,High
C0005242,32,5596,227661.52,720,10,11381.46,1,2,9.4,0,0,60.3,High
C0005243,53,1612,81310.74,605,15,4008.3,2,0,15.5,0,0,57.0,High
C0005244,54,3794,45410.82,633,9,4632.68,2,2,32.7,0,0,64.2,High
C0005245,57,1483,55436.1,635,10,6394.89,2,1,7.8,0,0,62.3,High
C0005246,44,257,78575.59,692,17,798.1,3,1,18.9,1,0,63.8,High
C0005247,87,1405,61703.34,789,7,5965.71,0,0,11.6,0,0,40.3,Medium
C0005248,57,491,74991.81,722,12,6517.79,1,0,3.3,0,0,36.2,Medium
C0005249,47,5091,164452.27,622,8,1646.18,3,2,13.2,2,0,73.0,High
C0005250,30,4719,33339.75,697,10,3586.8,2,1,13.8,0,0,42.3,Medium
C0005251,41,1130,88383.13,684,3,4126.19,1,0,7.8,0,0,49.7,Medium
C0005252,62,3417,59563.36,664,7,1388.7,0,1,3.7,1,0,43.8,Medium
C0005253,66,1254,47118.21,689,10,3986.43,0,1,8.1,2,0,58.5,High
C0005254,63,3405,111813.26,747,10,1455.8,0,1,13.6,2,0,35.7,Medium
C0005255,53,5378,27753.18,636,13,11861.4,1,2,17.6,1,0,59.3,High
C0005256,24,5282,16871.0,664,9,2443.76,1,3,9.0,1,0,66.7,High
C0005257,49,5003,70149.42,764,10,3180.58,3,0,28.2,1,0,36.4,Medium
C0005258,25,1469,57462.67,725,10,763.79,1,1,6.1,0,0,54.7,High
C0005259,21,1168,29461.03,786,9,2845.84,1,0,10.9,3,0,47.8,Medium
C0005260,45,987,24199.46,798,5,4862.0,2,0,11.9,0,0,38.8,Medium
C0005261,49,788,179286.08,588,12,1229.95,5,1,8.3,0,0,83.2,Very High
C0005262,55,3694,79981.28,712,7,1566.74,0,0,3.7,1,0,49.1,Medium
C0005263,49,3960,62673.55,652,6,1385.96,5,0,5.0,2,0,73.0,High
C0005264,49,5298,207373.0,600,7,1038.96,0,1,27.0,2,1,57.4,High
C0005265,28,569,108773.61,631,8,947.89,1,0,2.3,2,0,50.0,Medium
C0005266,41,1613,164060.72,667,8,4295.08,1,0,9.1,2,0,55.5,High
C0005267,21,4375,32400.04,668,9,966.34,0,0,20.7,2,0,49.4,Medium
C0005268,18,4097,31739.71,644,11,690.1,1,0,6.3,3,0,61.6,High
C0005269,52,2581,87053.75,689,13,1556.69,3,0,6.6,2,0,52.1,High
C0005270,31,939,77875.31,850,14,2272.94,0,0,3.7,0,0,34.3,Medium
C0005271,54,2920,123278.81,561,5,3208.09,0,0,3.4,0,0,56.6,High
C0005272,58,1056,25284.73,775,7,1235.72,2,0,2.6,1,0,53.8,High
C0005273,33,3227,91296.55,689,10,1500.95,1,0,6.6,1,0,45.0,Medium
C0005274,50,5412,106829.29,657,5,3126.94,2,0,13.1,1,0,67.2,High
C0005275,33,1198,103754.65,539,12,3960.57,1,2,12.9,0,0,69.9,High
C0005276,18,734,49573.3,747,13,4936.85,4,2,10.8,2,0,53.5,High
C0005277,44,4433,82464.9,582,19,3004.63,1,0,7.9,3,0,66.9,High
C0005278,35,175,40468.46,752,5,748.96,1,0,19.0,1,0,47.0,Medium
C0005279,36,5900,52773.76,821,8,1245.56,1,0,13.5,3,0,30.1,Medium
C0005280,70,4656,34936.06,594,7,4970.56,2,0,5.1,1,0,64.9,High
C0005281,21,2438,40848.42,778,9,6955.06,2,0,7.3,0,0,29.2,Medium
C0005282,47,2194,54304.39,692,5,2078.11,2,2,6.8,1,0,73.6,High
C0005283,28,2339,47328.81,533,9,1962.6,0,0,16.1,2,0,63.5,High
C0005284,55,2398,40845.6,600,13,1147.79,1,0,8.7,2,1,70.6,High
C0005285,46,5042,30336.63,703,8,5538.18,2,0,16.0,0,0,52.8,High
C0005286,47,4805,182315.2,720,9,1105.77,0,0,10.2,2,0,32.4,Medium
C0005287,29,1251,47078.89,571,12,7874.08,3,2,10.1,0,0,68.5,High
C0005288,31,1104,74337.49,692,5,2086.28,0,1,8.4,1,0,45.3,Medium
C0005289,55,3257,23563.52,752,11,1257.98,1,1,10.5,0,0,42.8,Medium
C0005290,67,3912,130822.5,765,12,690.35,2,0,9.9,2,0,50.0,Medium
C0005291,49,4371,67970.43,659,16,1845.33,1,0,25.8,2,0,43.8,Medium
C0005292,29,1901,48569.87,723,15,2026.67,0,2,1.6,0,0,54.1,High
C0005293,47,2910,48803.73,770,7,1788.26,1,1,3.4,2,0,55.3,High
C0005294,76,652,100013.96,754,6,2207.22,2,1,15.5,3,0,47.2,Medium
C0005295,43,2750,12218.26,757,7,5414.63,4,1,11.3,1,0,53.6,High
C0005296,62,4134,39402.45,699,10,3289.37,0,1,4.5,0,0,60.7,High
C0005297,32,1847,58069.37,683,15,2496.96,0,0,19.8,3,0,53.4,High
C0005298,41,1932,57702.37,710,8,4620.73,1,1,7.6,2,0,52.4,High
C0005299,51,2789,245932.22,633,12,1212.73,1,0,7.7,2,0,67.1,High
C0005300,48,5203,51493.62,773,9,3497.83,2,0,12.3,1,0,42.0,Medium
C0005301,31,3636,106885.61,575,16,3454.87,1,1,34.3,2,0,62.4,High
C0005302,31,5516,167929.77,652,8,5831.42,2,2,9.7,1,0,55.7,High
C0005303,56,398,89655.28,687,11,902.63,2,1,4.4,0,0,63.4,High
C0005304,59,5098,42799.89,725,10,1252.88,3,1,9.3,2,0,60.4,High
C0005305,63,291,30589.79,739,10,1299.34,0,2,11.6,0,0,48.7,Medium
C0005306,67,1954,93420.94,802,6,3002.0,3,0,7.4,1,0,44.3,Medium
C0005307,44,2576,153223.59,696,11,2544.79,2,4,5.9,1,1,82.4,Very High
C0005308,38,1442,83714.66,636,18,3181.97,3,1,13.2,2,0,74.8,High
C0005309,61,5936,122184.34,679,13,559.33,3,0,5.3,1,0,55.7,High
C0005310,52,5360,257934.39,666,14,5728.1,1,1,23.4,1,0,48.5,Medium
C0005311,28,3440,98267.19,729,13,2563.09,1,2,15.2,1,1,55.1,High
C0005312,28,2734,33844.83,610,7,3150.7,1,0,26.5,2,0,46.7,Medium
C0005313,49,4577,63765.85,677,6,2798.73,2,2,5.5,2,0,66.8,High
C0005314,40,4255,131729.79,812,15,1462.83,0,1,15.8,1,0,36.2,Medium
C0005315,42,2899,54071.41,703,10,3080.75,0,0,12.2,0,0,44.8,Medium
C0005316,57,4968,141921.27,611,8,2311.75,1,1,4.1,3,0,64.8,High
C0005317,53,1181,59758.96,665,5,2291.88,0,0,16.0,1,0,50.2,High
C0005318,61,1687,74516.86,523,11,3031.42,2,0,6.1,0,0,68.4,High
C0005319,18,135,51122.61,686,4,2058.17,0,1,8.8,2,0,56.6,High
C0005320,46,741,67686.0,814,3,908.47,1,0,10.3,1,0,38.5,Medium
C0005321,52,1216,69684.68,601,10,1955.18,2,0,5.6,1,0,64.3,High
C0005322,21,3760,25596.01,581,12,6326.34,1,0,8.9,1,0,62.3,High
C0005323,33,5137,48630.85,641,14,1535.31,1,2,10.0,1,0,53.0,High
C0005324,30,3553,31464.81,759,11,2338.74,2,0,2.0,1,0,44.9,Medium
C0005325,42,2689,49562.01,818,8,3784.01,1,1,11.4,1,0,38.6,Medium
C0005326,65,1643,40036.61,724,7,8723.43,2,0,25.6,1,0,47.0,Medium
C0005327,70,635,108162.64,594,15,1863.07,0,1,18.5,3,0,61.4,High
C0005328,31,3520,108853.65,688,13,990.83,0,0,17.4,0,0,48.8,Medium
C0005329,49,870,84377.11,824,9,3406.19,1,0,4.3,1,0,60.6,High
C0005330,50,4748,30874.4,667,14,1297.56,2,0,9.8,3,0,59.4,High
C0005331,47,2470,58742.31,701,10,2665.56,1,2,4.6,1,0,62.6,High
C0005332,48,2119,29552.8,708,9,3262.11,0,2,3.7,0,0,57.4,High
C0005333,46,189,57175.36,574,12,1611.02,2,2,4.1,0,0,95.9,Very High
C0005334,66,1476,88518.89,765,13,1843.41,2,1,13.8,1,0,49.8,Medium
C0005335,57,109,106996.03,754,9,3746.98,1,0,16.0,2,0,32.9,Medium
C0005336,27,4358,80414.86,540,9,4475.68,1,0,10.8,0,0,63.2,High
C0005337,53,2954,123877.57,590,8,2264.14,3,1,14.8,1,0,53.9,High
C0005338,54,4721,71521.66,617,5,2454.81,1,0,3.8,0,0,53.6,High
C0005339,46,3404,54525.92,746,6,1059.61,0,1,5.2,2,0,46.9,Medium
C0005340,58,5727,100248.06,634,13,2375.5,1,1,11.7,0,0,54.8,High
C0005341,45,4709,102073.82,720,12,1705.55,0,1,14.0,0,0,60.9,High
C0005342,45,911,46471.53,676,8,2315.4,0,2,11.6,0,0,69.1,High
C0005343,44,726,76368.83,695,2,5530.6,1,2,3.0,1,0,64.4,High
C0005344,18,5338,52734.09,727,15,1058.08,1,1,17.1,1,0,62.4,High
C0005345,41,1636,20540.68,710,12,4722.96,2,2,5.3,0,1,63.6,High
C0005346,33,4597,78979.87,689,16,2496.89,1,1,3.6,3,0,72.6,High
C0005347,25,3782,30421.43,715,13,2161.81,3,0,12.0,1,0,48.2,Medium
C0005348,62,4220,74266.33,706,9,1250.8,2,1,21.1,0,0,51.7,High
C0005349,49,1622,26648.05,674,4,2638.34,3,1,14.8,1,0,66.2,High
C0005350,42,1898,41734.06,658,19,9024.23,1,1,9.8,1,0,70.9,High
C0005351,34,3342,48845.15,831,7,420.02,1,0,5.7,1,0,47.3,Medium
C0005352,46,162,120070.97,657,14,617.16,1,1,18.9,1,0,50.1,High
C0005353,56,1890,46233.34,793,9,1961.18,1,2,2.1,0,1,54.0,High
C0005354,30,3060,34325.91,639,11,2721.04,1,2,16.1,1,0,59.3,High
C0005355,42,1250,75756.49,751,4,4051.76,0,2,9.1,1,0,53.0,High
C0005356,54,1736,55025.62,824,12,2951.54,4,1,4.7,0,0,56.0,High
C0005357,18,5901,95769.35,665,13,759.62,3,2,12.2,2,1,74.5,High
C0005358,41,1760,35537.92,640,16,3283.56,3,0,7.3,3,1,72.5,High
C0005359,36,5417,69623.63,658,9,1966.59,3,0,6.2,2,0,63.9,High
C0005360,40,5565,241144.45,689,10,3911.46,2,0,5.7,3,0,59.7,High
C0005361,35,4053,54354.69,714,9,1380.37,4,0,13.6,1,0,64.1,High
C0005362,44,943,68705.97,687,11,812.83,0,0,5.3,0,0,32.9,Medium
C0005363,69,1257,24867.51,659,11,1640.96,2,1,27.3,1,1,50.5,High
C0005364,37,5607,38783.53,837,5,3027.18,2,0,13.2,2,0,34.2,Medium
C0005365,46,38,79836.5,675,5,2821.81,1,1,7.7,1,0,64.9,High
C0005366,70,3037,51712.04,643,9,2224.29,1,0,6.3,2,0,59.7,High
C0005367,34,3589,86927.33,752,8,1478.37,1,1,9.6,2,0,54.2,High
C0005368,67,5034,78323.73,753,8,2019.16,2,1,13.0,2,0,50.3,High
C0005369,42,5373,30030.64,796,6,5763.81,1,2,9.8,1,0,52.3,High
C0005370,67,1723,108370.17,835,16,11557.69,3,2,17.3,0,1,36.4,Medium
C0005371,53,3030,31301.24,716,9,2901.08,2,1,9.8,1,0,64.8,High
C0005372,46,3814,40708.11,668,14,4283.7,1,1,15.4,0,0,41.9,Medium
C0005373,41,5792,70340.74,547,6,1371.17,1,0,14.2,2,0,74.4,High
C0005374,33,3352,146789.13,620,9,5302.01,0,1,7.6,3,0,45.8,Medium
C0005375,43,757,35694.71,706,13,1753.26,4,0,9.4,0,0,51.9,High
C0005376,55,5547,67246.22,601,8,965.65,2,1,15.2,0,0,57.9,High
C0005377,42,3089,67555.24,571,7,4652.67,1,0,3.2,2,0,76.6,Very High
C0005378,38,1100,89004.09,695,9,2332.0,1,0,12.6,1,0,57.4,High
C0005379,38,1165,118908.13,748,18,5443.45,3,0,10.8,0,0,43.3,Medium
C0005380,56,1251,49644.77,672,10,3764.43,2,0,2.5,0,0,71.0,High
C0005381,59,4335,108164.31,757,14,948.93,1,0,1.2,1,0,43.0,Medium
C0005382,33,5695,128870.93,736,12,2480.48,4,0,2.4,0,0,63.6,High
C0005383,33,2664,165390.93,776,13,1228.19,0,0,7.6,1,0,36.0,Medium
C0005384,47,614,81711.29,850,9,5002.41,1,1,7.7,0,0,46.4,Medium
C0005385,63,5334,67607.89,850,9,2326.79,2,1,8.6,0,0,38.4,Medium
C0005386,58,3819,47756.39,745,10,1434.17,2,1,10.9,1,0,52.0,High
C0005387,24,3437,27790.43,656,19,587.92,4,1,2.6,0,1,59.5,High
C0005388,38,391,53210.72,695,8,4694.94,0,0,12.3,2,0,44.2,Medium
C0005389,29,5824,65951.53,808,7,1760.74,2,3,16.5,1,0,54.6,High
C0005390,38,489,58376.51,623,10,1855.74,1,1,9.6,0,0,44.6,Medium
C0005391,64,3674,86131.85,799,10,3013.0,1,0,9.6,3,0,42.2,Medium
C0005392,22,3594,27864.1,677,10,1238.09,1,1,10.1,3,0,64.3,High
C0005393,19,3097,56095.1,707,7,820.09,0,4,19.4,0,1,66.1,High
C0005394,30,3321,185723.24,629,12,2494.07,2,1,9.6,1,0,67.5,High
C0005395,46,2405,107201.87,591,8,1201.15,1,0,8.9,1,0,59.9,High
C0005396,51,3450,87011.38,669,19,2092.85,1,0,7.5,2,0,63.7,High
C0005397,48,2202,76861.85,788,9,1253.52,0,1,5.2,2,1,41.7,Medium
C0005398,58,2857,50711.2,637,11,909.33,3,3,6.8,2,0,77.5,Very High
C0005399,18,4078,23627.13,811,8,756.96,0,0,7.9,1,0,36.6,Medium
C0005400,59,4461,79722.76,647,8,2349.28,1,2,11.4,4,1,62.3,High
C0005401,38,945,16127.06,610,5,4487.0,2,0,10.3,2,0,64.4,High
C0005402,52,5953,51835.68,709,13,4154.28,1,1,4.2,1,0,52.8,High
C0005403,23,607,61875.35,741,12,2235.83,0,1,4.8,2,0,46.4,Medium
C0005404,42,1676,48481.37,704,11,5554.18,1,1,7.9,0,0,49.1,Medium
C0005405,45,2100,204669.21,701,6,1553.15,2,1,10.7,0,0,65.9,High
C0005406,58,1960,169105.52,810,14,3746.02,1,3,7.5,1,0,54.4,High
C0005407,20,2130,109418.59,697,8,1597.74,4,1,20.0,2,0,60.2,High
C0005408,42,1958,37270.59,655,7,1372.48,1,3,3.7,1,0,68.4,High
C0005409,27,2633,178379.41,605,13,3723.68,4,0,6.8,1,0,66.4,High
C0005410,49,4586,87144.48,786,11,2914.41,1,0,3.5,1,1,47.6,Medium
C0005411,53,4969,36930.79,658,9,3312.39,1,1,7.3,2,0,65.0,High
C0005412,60,2107,63125.74,665,8,836.04,5,0,11.8,1,0,69.9,High
C0005413,35,1572,105040.98,769,8,4294.39,3,1,14.6,1,0,50.0,Medium
C0005414,55,4070,44600.77,844,7,3416.49,0,1,1.8,0,0,53.5,High
C0005415,61,385,66982.23,709,8,1693.2,0,1,5.1,1,0,48.4,Medium
C0005416,19,2691,73788.02,680,7,3213.59,1,1,26.6,2,0,46.0,Medium
C0005417,51,1343,33840.71,690,9,4486.08,1,1,6.1,3,0,59.0,High
C0005418,55,3658,53441.27,656,11,1363.57,1,0,6.9,1,0,57.6,High
C0005419,38,497,35273.43,663,11,1369.39,1,0,15.4,2,0,46.2,Medium
C0005420,25,4979,99973.16,664,7,1823.82,1,0,9.6,2,1,52.0,High
C0005421,55,1641,37626.32,758,15,519.2,1,0,4.3,2,0,49.3,Medium
C0005422,25,3098,72793.48,683,11,2726.51,2,0,4.8,2,1,55.5,High
C0005423,40,3446,28862.66,792,10,3976.88,2,0,1.6,2,1,49.6,Medium
C0005424,41,2866,33239.67,681,12,3186.74,4,2,6.5,1,0,66.5,High
C0005425,52,2704,32365.72,662,8,3004.08,3,1,7.1,2,1,71.0,High
C0005426,33,1623,52871.69,786,10,4279.02,1,1,11.9,0,0,37.7,Medium
C0005427,32,4641,68466.48,692,4,2061.23,5,2,6.6,1,1,80.3,Very High
C0005428,43,3109,75773.59,681,8,792.06,0,1,12.7,1,0,41.6,Medium
C0005429,56,1318,23392.26,693,11,2393.1,0,0,3.4,0,1,52.8,High
C0005430,74,1596,56508.03,800,6,5126.2,2,0,6.9,1,0,33.3,Medium
C0005431,21,2648,41030.67,713,9,2782.25,1,1,12.1,1,0,59.1,High
C0005432,46,5066,83173.81,784,10,1727.56,0,1,13.9,1,0,47.7,Medium
C0005433,27,5769,53513.52,672,10,3662.54,2,3,15.2,2,0,68.5,High
C0005434,56,2351,59304.03,772,14,2827.63,2,1,8.1,2,0,50.0,Medium
C0005435,29,2388,41157.76,708,7,1912.09,0,0,6.7,1,0,47.0,Medium
C0005436,33,800,160082.71,756,6,2377.04,0,1,2.7,1,0,40.7,Medium
C0005437,34,3287,30605.07,762,8,1789.9,0,0,3.7,0,0,45.4,Medium
C0005438,41,1462,49763.45,619,7,3280.84,1,1,19.7,1,0,67.8,High
C0005439,47,4922,65779.85,695,6,1225.72,0,0,5.5,0,0,42.9,Medium
C0005440,49,3221,53994.71,762,10,2726.25,0,0,19.0,0,0,33.5,Medium
C0005441,42,1354,40730.19,774,10,3870.87,1,0,5.4,1,0,33.2,Medium
C0005442,23,5500,22890.19,784,9,2567.94,1,2,8.5,1,0,56.0,High
C0005443,52,4898,42385.42,698,13,2586.96,2,1,12.0,1,0,53.3,High
C0005444,41,1824,36578.94,806,11,2302.43,3,0,4.5,2,1,52.1,High
C0005445,58,747,156132.95,641,8,3114.12,1,2,21.8,2,1,62.2,High
C0005446,32,1608,215447.48,578,8,1741.82,4,1,12.9,0,0,70.8,High
C0005447,20,2278,60291.97,669,15,2021.03,0,0,8.2,0,0,50.9,High
C0005448,42,2457,28631.81,780,7,1224.84,3,1,6.0,2,0,63.6,High
C0005449,60,4939,93042.71,609,5,1845.99,1,1,9.9,0,0,55.8,High
C0005450,44,5807,36145.13,580,11,597.8,1,0,14.5,1,0,64.2,High
C0005451,39,4491,45836.94,561,5,2241.18,1,1,5.8,1,0,64.6,High
C0005452,30,5075,43871.6,745,12,3283.34,2,1,13.0,1,0,66.8,High
C0005453,67,777,47080.38,581,16,2106.25,2,1,23.6,0,0,52.7,High
C0005454,28,923,51010.84,731,5,4003.79,1,1,5.4,3,1,62.3,High
C0005455,32,5451,30105.51,665,13,5240.68,2,2,8.4,2,1,60.8,High
C0005456,50,3694,42141.24,632,8,2177.13,0,2,17.8,0,0,53.9,High
C0005457,18,1437,108646.96,615,13,1151.12,1,1,8.4,1,0,67.3,High
C0005458,60,4757,60866.2,705,12,4472.33,0,0,20.7,1,0,33.8,Medium
C0005459,51,1074,66423.9,633,11,3921.4,2,0,6.8,0,0,68.4,High
C0005460,55,4615,18163.21,690,9,2945.49,3,2,14.6,0,0,60.1,High
C0005461,50,5302,104419.39,720,9,1564.49,1,2,3.9,5,0,59.8,High
C0005462,40,2948,42525.27,736,16,2812.62,0,2,12.5,1,1,41.4,Medium
C0005463,27,3948,115044.28,760,8,1796.83,0,0,10.4,1,0,45.1,Medium
C0005464,40,4399,67490.41,702,11,1365.55,1,0,5.0,0,0,52.6,High
C0005465,28,5285,45513.32,611,13,2778.5,2,2,10.4,0,1,77.0,Very High
C0005466,49,3514,24639.48,725,12,1168.71,0,1,3.8,1,0,53.8,High
C0005467,53,1782,205059.39,739,7,3595.83,1,0,10.2,1,0,37.2,Medium
C0005468,63,1232,96439.94,676,13,2641.83,0,2,14.0,0,0,51.5,High
C0005469,47,2152,99666.07,668,8,2046.22,2,0,10.8,4,1,74.5,High
C0005470,55,364,168593.35,850,13,2141.32,0,1,6.5,2,0,38.8,Medium
C0005471,38,4201,70132.21,593,16,1095.16,1,1,6.7,0,0,67.7,High
C0005472,35,2235,130445.36,727,15,1138.72,0,1,18.2,2,0,48.5,Medium
C0005473,49,4278,47651.69,768,6,6785.59,3,0,5.4,1,0,50.1,High
C0005474,37,399,93018.89,664,3,1994.45,2,3,13.2,0,0,63.5,High
C0005475,46,1951,43841.51,677,10,871.86,3,0,5.1,0,0,59.7,High
C0005476,27,2388,46993.63,660,18,3996.81,2,0,3.8,2,0,68.9,High
C0005477,30,552,65397.54,690,10,1130.48,1,4,3.0,2,1,69.6,High
C0005478,51,4978,30878.65,757,9,3200.33,1,1,5.5,2,0,57.9,High
C0005479,54,3597,74315.36,675,10,5735.52,0,1,7.2,1,0,52.1,High
C0005480,28,5070,52224.79,850,11,1910.46,0,0,11.6,1,0,24.1,Low
C0005481,51,4817,20779.69,656,11,4669.23,1,0,10.9,0,0,49.4,Medium
C0005482,35,233,48202.96,793,8,3544.69,1,0,8.1,1,1,35.7,Medium
C0005483,42,5196,51282.74,731,10,6117.12,2,0,5.7,2,0,48.0,Medium
C0005484,62,445,99106.44,698,8,3211.24,3,0,4.9,0,0,55.2,High
C0005485,53,5230,72529.49,800,8,1560.23,1,1,3.7,2,0,54.3,High
C0005486,53,4029,137447.8,570,8,568.09,2,0,7.9,3,0,68.3,High
C0005487,69,4921,82532.71,722,14,1314.71,1,0,6.4,2,0,44.1,Medium
C0005488,32,3014,45716.34,636,10,1587.26,1,0,18.2,0,0,48.2,Medium
C0005489,28,986,60041.54,657,9,4194.15,0,0,13.4,2,0,50.8,High
C0005490,32,921,51198.38,654,7,4843.63,0,0,20.3,0,0,43.4,Medium
C0005491,38,738,81086.74,618,15,1079.01,1,1,3.3,0,0,57.6,High
C0005492,18,4839,64073.87,566,13,4871.27,1,0,9.5,1,0,60.9,High
C0005493,39,3215,43878.59,719,13,1330.76,2,1,18.6,3,0,47.1,Medium
C0005494,34,1322,62293.97,685,7,1279.89,2,1,15.2,2,0,50.3,High
C0005495,53,775,79900.63,667,13,895.05,1,0,7.4,2,0,47.6,Medium
C0005496,47,496,35644.77,747,8,2740.12,1,1,6.8,4,1,66.4,High
C0005497,34,1570,73809.63,724,7,1503.45,1,0,14.3,2,0,54.4,High
C0005498,50,4504,26019.82,670,13,5165.07,3,0,7.1,2,0,61.0,High
C0005499,52,5357,113886.08,850,18,1219.18,1,2,13.5,2,0,50.3,High
C0005500,31,3660,82854.32,766,7,3540.94,1,0,18.9,0,0,33.3,Medium
C0005501,35,5974,151902.68,850,8,1000.44,2,1,24.9,2,0,22.9,Low
C0005502,18,2384,33548.98,659,14,4302.43,2,1,21.7,0,0,62.9,High
C0005503,27,2015,115645.89,709,8,2374.02,1,0,19.1,0,0,40.4,Medium
C0005504,32,4165,103732.29,597,12,2661.48,1,0,10.9,0,0,53.1,High
C0005505,43,833,56087.15,665,17,1742.79,0,2,6.6,2,0,59.6,High
C0005506,29,5470,50399.46,646,9,1679.79,0,1,10.9,2,0,68.1,High
C0005507,35,4687,34134.34,850,7,3038.49,1,0,5.6,1,0,35.6,Medium
C0005508,25,234,29575.29,638,13,7127.69,0,0,4.9,2,0,71.8,High
C0005509,44,1147,41015.72,672,9,1112.02,2,0,18.0,1,0,52.2,High
C0005510,48,3777,31076.68,581,9,1763.05,2,0,11.3,3,0,58.4,High
C0005511,48,4439,149124.53,730,10,1477.38,2,3,7.0,0,0,72.8,High
C0005512,42,1332,27139.92,622,12,823.51,0,0,7.3,3,0,52.5,High
C0005513,20,4489,67291.03,759,15,816.8,2,1,19.1,1,0,48.8,Medium
C0005514,33,2860,78788.91,556,12,1366.59,2,1,10.6,2,0,65.6,High
C0005515,36,4061,75471.79,681,14,1700.8,3,1,7.2,2,0,63.2,High
C0005516,36,2561,79205.29,552,11,5522.97,1,0,6.1,1,0,61.8,High
C0005517,43,2741,104339.98,653,13,4185.01,1,2,9.2,1,0,64.4,High
C0005518,62,2358,48515.2,668,10,1290.7,2,1,20.7,2,0,61.7,High
C0005519,53,966,65058.52,645,11,3635.7,1,2,4.8,0,1,63.7,High
C0005520,28,1166,52755.9,652,14,1308.5,0,2,16.6,2,0,57.6,High
C0005521,51,1031,126915.75,763,9,2077.93,0,1,29.1,0,0,34.6,Medium
C0005522,51,4821,196774.94,850,11,2715.34,0,3,11.7,1,0,45.1,Medium
C0005523,31,2556,32151.88,715,14,8670.79,1,2,2.2,0,0,63.9,High
C0005524,54,2295,20287.99,625,13,2620.02,1,0,5.6,1,0,68.1,High
C0005525,40,5138,84788.23,695,9,841.77,2,0,4.3,1,1,60.0,High
C0005526,22,5326,111702.54,663,8,3568.64,2,1,12.1,0,0,55.6,High
C0005527,48,1426,181902.7,757,14,4607.25,1,0,6.1,1,0,41.9,Medium
C0005528,45,2147,93034.84,712,7,3919.8,3,1,4.9,1,0,52.4,High
C0005529,39,2488,133595.14,572,12,1152.82,2,0,32.1,1,1,65.6,High
C0005530,41,5043,154495.94,772,13,2385.17,1,1,8.0,2,0,64.4,High
C0005531,32,4039,138762.27,763,13,2174.52,3,1,8.5,0,0,39.3,Medium
C0005532,51,3280,100662.43,802,13,6949.31,1,0,12.7,0,0,41.5,Medium
C0005533,41,1433,30628.14,651,10,3284.91,1,0,16.4,0,0,55.6,High
C0005534,44,2332,61715.52,713,12,6714.85,0,1,5.9,2,0,51.4,High
C0005535,47,202,73123.93,601,8,1387.33,0,0,14.6,2,0,61.6,High
C0005536,26,4233,58688.22,686,8,1910.92,0,0,27.3,1,0,37.2,Medium
C0005537,29,5515,60714.11,720,10,1551.22,1,1,12.5,1,0,56.5,High
C0005538,18,4726,146805.68,642,11,4156.26,1,0,14.7,0,0,50.3,High
C0005539,50,1876,40889.65,716,9,4614.43,0,0,15.9,0,0,42.0,Medium
C0005540,25,2911,96217.69,703,9,2836.24,1,2,5.3,1,0,65.0,High
C0005541,44,5746,73786.61,656,10,2339.79,2,0,2.3,1,0,75.4,Very High
C0005542,47,2569,38686.53,795,6,2886.48,4,0,10.6,0,0,57.8,High
C0005543,50,5039,34295.14,672,12,895.66,3,3,3.8,1,0,61.9,High
C0005544,25,3477,24322.72,700,13,1683.98,1,0,17.8,1,0,43.6,Medium
C0005545,41,3008,80979.96,580,13,1774.31,0,0,12.9,2,0,55.5,High
C0005546,65,3523,59880.43,729,10,2180.64,2,1,5.3,3,0,52.9,High
C0005547,66,1364,39368.14,654,13,1440.01,1,0,4.7,1,0,50.1,High
C0005548,56,2570,22093.35,762,7,1266.69,1,0,8.0,2,0,57.8,High
C0005549,47,1846,78659.26,592,11,778.61,0,1,12.6,0,0,59.2,High
C0005550,28,4553,56350.12,722,10,2913.37,2,1,4.5,0,0,61.0,High
C0005551,52,3685,41871.4,526,8,901.98,1,0,13.3,1,0,74.7,High
C0005552,40,2416,36485.41,736,12,4212.72,1,0,19.9,4,0,53.1,High
C0005553,50,4940,54375.74,677,11,2715.61,2,1,10.4,2,1,53.2,High
C0005554,33,2734,80288.99,720,9,3914.3,0,1,11.1,2,0,48.8,Medium
C0005555,40,5721,51709.62,645,3,1232.21,0,1,13.9,0,0,49.5,Medium
C0005556,44,3643,32247.64,619,7,7388.46,0,1,6.2,1,0,53.7,High
C0005557,45,5317,60049.29,657,11,9311.62,1,1,4.7,1,0,68.8,High
C0005558,49,5921,110187.72,704,5,2243.39,1,0,10.2,0,0,50.1,High
C0005559,34,1982,63388.44,733,13,2841.07,2,2,11.5,2,0,44.8,Medium
C0005560,23,1586,64377.7,713,8,2181.78,1,1,1.3,1,0,49.6,Medium
C0005561,65,5018,51832.45,620,5,4234.3,0,0,8.9,0,0,51.4,High
C0005562,77,1414,38008.86,828,11,3682.86,0,1,7.4,1,0,30.3,Medium
C0005563,48,4520,37320.43,715,7,693.83,2,1,7.2,0,0,64.1,High
C0005564,23,1086,24856.38,643,5,1285.5,1,0,6.8,0,0,53.3,High
C0005565,31,5222,118724.85,722,5,2839.83,1,0,10.1,0,0,25.8,Medium
C0005566,49,4145,79956.62,709,13,3637.78,0,1,4.8,1,0,73.6,High
C0005567,61,3140,64877.58,677,3,2424.3,2,1,5.7,0,0,57.0,High
C0005568,25,2711,72944.94,668,7,730.22,2,1,14.9,1,0,66.0,High
C0005569,40,3834,74729.55,764,8,3158.93,0,0,1.3,0,0,41.1,Medium
C0005570,45,2349,41393.92,820,12,7203.79,3,1,10.7,0,0,43.0,Medium
C0005571,54,2404,51844.05,537,11,494.59,1,0,6.8,2,0,67.1,High
C0005572,37,1248,47766.26,782,10,4051.14,2,0,16.7,3,1,53.9,High
C0005573,20,972,246760.34,691,10,7237.81,1,1,14.9,2,0,57.7,High
C0005574,51,5350,108662.37,708,11,4062.37,1,2,19.7,1,0,44.4,Medium
C0005575,58,4502,67997.41,791,8,2087.56,0,3,13.8,1,0,55.9,High
C0005576,41,2675,131423.61,491,11,3940.97,1,0,11.1,1,0,69.2,High
C0005577,48,4995,122604.4,751,8,2079.56,1,1,3.0,0,0,47.9,Medium
C0005578,35,3657,29015.96,786,10,3129.2,1,0,7.8,3,0,48.5,Medium
C0005579,30,3606,54847.96,638,9,2322.44,1,0,15.9,2,0,73.9,High
C0005580,56,701,61445.83,585,11,2365.05,1,1,15.6,1,0,63.5,High
C0005581,47,3243,86788.55,813,17,1340.76,0,0,17.4,1,0,32.4,Medium
C0005582,49,674,54813.6,558,9,1627.91,0,1,10.1,1,0,62.3,High
C0005583,63,4113,58729.51,721,10,6325.05,1,2,6.9,1,0,57.1,High
C0005584,27,432,48105.31,767,11,1470.46,3,0,1.8,1,0,56.7,High
C0005585,34,3100,110393.22,720,11,617.06,2,0,13.4,0,0,52.4,High
C0005586,44,2223,28030.61,732,8,21616.63,2,0,15.3,1,0,48.7,Medium
C0005587,34,811,49013.18,670,15,1656.48,1,0,4.7,0,0,57.0,High
C0005588,53,2853,22490.94,725,8,1847.66,2,0,6.3,1,0,50.8,High
C0005589,39,1228,35192.49,637,8,1694.03,1,0,6.8,1,0,52.6,High
C0005590,28,1490,73816.48,647,5,2222.9,1,0,1.2,0,0,62.2,High
C0005591,43,5342,74590.95,693,12,1343.15,1,1,7.7,4,1,61.4,High
C0005592,44,2117,52189.38,575,8,5792.67,4,0,10.7,3,0,73.9,High
C0005593,55,2441,115045.33,733,7,1932.33,2,2,5.3,1,0,51.7,High
C0005594,48,67,130563.27,504,8,1115.0,1,1,4.7,0,1,75.4,Very High
C0005595,48,1824,59683.72,717,13,340.88,1,1,8.7,4,0,58.7,High
C0005596,46,2125,71155.84,724,10,4482.25,0,0,12.9,3,0,36.2,Medium
C0005597,39,4323,48338.82,630,7,1652.03,0,0,4.6,2,0,44.1,Medium
C0005598,32,741,87524.84,597,6,2808.52,2,1,30.0,0,0,63.5,High
C0005599,46,5581,32149.64,659,9,1202.74,1,0,20.6,2,0,50.6,High
C0005600,37,796,166474.73,738,5,2338.31,2,1,10.5,0,0,56.6,High
C0005601,66,3927,116062.2,716,13,2161.33,1,1,21.6,1,0,52.2,High
C0005602,61,56,32063.71,607,15,4002.94,1,2,8.1,0,0,55.6,High
C0005603,51,4923,40172.16,698,10,2449.94,0,1,13.7,0,0,27.8,Medium
C0005604,47,4187,78164.94,710,13,1060.31,0,0,7.6,0,0,45.1,Medium
C0005605,41,5030,51475.0,706,17,10485.92,2,1,13.7,2,0,52.8,High
C0005606,24,5589,83651.9,616,9,2918.08,1,0,6.1,0,0,60.8,High
C0005607,39,5008,50879.82,702,10,1190.39,4,1,14.3,0,0,70.9,High
C0005608,43,3740,143420.5,759,9,2487.76,3,2,13.6,2,1,56.8,High
C0005609,45,5035,62283.92,730,12,2836.76,3,1,20.6,0,0,42.7,Medium
C0005610,49,604,234730.89,721,9,3013.56,2,1,12.9,3,0,52.9,High
C0005611,55,3881,86367.01,813,7,2785.97,0,0,10.3,1,0,37.6,Medium
C0005612,32,5938,29516.87,703,12,2580.37,1,0,7.4,1,0,63.5,High
C0005613,32,2281,195333.33,627,12,3994.66,0,0,4.8,1,0,48.6,Medium
C0005614,62,5854,113455.17,627,8,3530.97,0,2,5.2,2,1,63.5,High
C0005615,53,3054,76417.79,703,11,3573.9,1,2,10.4,3,0,56.5,High
C0005616,37,2825,88480.55,582,9,693.29,1,1,7.8,1,0,63.7,High
C0005617,40,1821,32238.41,667,11,712.6,2,2,8.3,1,0,73.1,High
C0005618,41,673,22982.37,725,9,1313.75,1,1,3.5,2,1,47.6,Medium
C0005619,42,5261,60592.56,778,12,1871.93,2,0,6.2,0,0,50.0,Medium
C0005620,49,4332,132351.08,574,8,1342.45,1,1,10.3,0,0,63.3,High
C0005621,77,2419,77074.64,697,14,1136.76,2,0,10.3,1,0,48.0,Medium
C0005622,45,5769,158725.88,685,10,2569.54,0,0,6.5,1,0,59.2,High
C0005623,51,1127,128227.47,693,13,1247.49,0,0,7.9,1,0,42.9,Medium
C0005624,18,4678,62706.75,701,7,461.23,2,1,4.8,1,0,66.3,High
C0005625,35,2729,118890.24,688,11,909.93,0,1,7.6,2,0,49.3,Medium
C0005626,59,3756,143245.77,794,8,1480.12,0,1,4.2,1,0,50.3,High
C0005627,48,252,59325.21,783,11,1860.02,1,0,15.9,3,0,42.3,Medium
C0005628,18,3676,55122.49,850,9,3945.62,0,1,3.4,1,0,44.0,Medium
C0005629,51,4084,66979.2,689,18,2918.03,2,0,3.3,3,1,54.8,High
C0005630,69,5868,16454.27,659,13,597.55,1,1,11.0,0,0,45.2,Medium
C0005631,18,2096,72339.62,617,10,5655.52,0,0,14.4,2,0,64.1,High
C0005632,63,466,92146.09,651,12,1932.66,0,0,17.9,1,0,45.9,Medium
C0005633,18,398,67128.96,744,12,2301.16,2,4,8.9,2,0,60.5,High
C0005634,55,922,74941.31,755,6,2380.37,2,0,7.4,2,0,66.5,High
C0005635,42,1817,60535.04,741,8,1263.92,1,1,10.9,1,0,41.9,Medium
C0005636,18,4989,20671.84,640,11,3173.01,3,1,5.8,1,0,55.8,High
C0005637,48,1195,154711.41,641,11,620.06,2,0,11.3,1,0,60.3,High
C0005638,58,896,50644.39,837,15,5256.82,1,1,14.0,1,0,40.1,Medium
C0005639,47,220,44139.75,628,9,2485.2,2,1,12.8,1,0,70.7,High
C0005640,50,2318,130846.5,796,13,2785.87,1,3,7.9,0,0,59.5,High
C0005641,36,3632,106210.15,720,12,3098.01,2,1,1.9,2,1,58.5,High
C0005642,18,1710,72047.14,635,14,1651.22,2,1,9.1,4,0,73.5,High
C0005643,52,2988,94659.64,601,10,5026.42,3,1,7.2,0,0,71.4,High
C0005644,66,1483,32848.0,638,13,1373.1,1,0,9.9,0,0,46.0,Medium
C0005645,58,4806,59301.97,721,9,1148.06,3,0,10.2,1,0,56.7,High
C0005646,18,183,126376.51,622,7,2423.75,1,0,9.9,1,0,68.3,High
C0005647,21,1228,42721.67,807,8,898.44,2,0,9.8,0,0,47.3,Medium
C0005648,30,3410,35803.69,674,8,1522.52,2,0,3.2,1,0,54.9,High
C0005649,20,5059,64739.18,743,10,2606.37,2,1,17.1,1,0,53.2,High
C0005650,43,2425,65579.67,736,9,3547.49,1,0,3.6,2,0,56.6,High
C0005651,48,445,88526.24,812,10,2147.14,1,1,7.1,4,0,41.9,Medium
C0005652,22,3322,29053.84,657,9,1222.24,2,0,14.1,1,0,57.5,High
C0005653,53,1644,15256.07,698,12,1766.99,2,1,16.6,2,0,47.9,Medium
C0005654,50,1847,102905.59,585,12,1425.07,1,0,11.7,1,0,48.7,Medium
C0005655,34,5535,34175.0,698,13,2064.7,1,1,8.9,1,0,49.3,Medium
C0005656,40,5650,44329.03,776,10,1470.04,2,0,7.6,0,0,30.7,Medium
C0005657,18,1574,18659.49,706,10,1165.57,2,1,11.2,0,0,53.0,High
C0005658,37,3560,108824.49,850,9,1074.96,1,0,6.3,0,0,33.6,Medium
C0005659,42,3258,75175.13,729,9,666.0,3,1,10.1,2,0,55.6,High
C0005660,44,5768,73533.52,649,7,4442.8,3,0,3.2,2,0,72.9,High
C0005661,47,5678,73261.46,724,13,3503.36,2,0,11.2,0,0,51.8,High
C0005662,45,2119,19966.29,580,12,989.97,2,2,2.2,1,1,77.6,Very High
C0005663,38,181,36063.93,630,10,3358.36,3,0,18.9,0,0,59.3,High
C0005664,46,43,48360.55,599,13,2261.45,3,0,5.1,0,0,57.7,High
C0005665,56,57,41071.97,691,7,949.97,4,0,18.7,2,0,61.5,High
C0005666,41,4694,53399.59,685,17,1111.41,4,0,5.7,1,0,56.5,High
C0005667,46,4447,70990.37,780,7,1996.86,5,0,7.5,0,0,44.4,Medium
C0005668,39,4969,107842.89,683,11,3561.66,3,0,15.9,2,0,55.4,High
C0005669,33,863,27468.01,615,14,3236.99,0,0,5.0,3,0,47.4,Medium
C0005670,49,380,61699.44,807,15,1550.1,1,0,1.5,1,0,30.9,Medium
C0005671,34,1047,91696.43,469,11,2965.33,0,0,28.2,1,1,67.0,High
C0005672,47,3763,37296.1,693,11,1979.25,1,1,7.7,2,0,57.2,High
C0005673,42,83,55761.09,706,10,1364.46,3,0,13.1,0,0,44.9,Medium
C0005674,38,3976,80137.03,689,8,4107.48,3,1,10.6,3,0,70.1,High
C0005675,37,5336,62383.4,728,10,2434.39,0,1,14.7,1,0,47.0,Medium
C0005676,35,900,89832.17,698,8,3066.4,1,1,11.1,3,0,47.0,Medium
C0005677,19,4440,65314.78,727,10,1077.81,4,0,2.7,1,0,55.8,High
C0005678,47,3328,52227.54,645,18,1569.38,1,1,8.8,1,0,63.3,High
C0005679,45,5666,32529.39,581,10,3749.24,1,0,15.1,0,0,62.8,High
C0005680,54,1481,71028.21,687,14,1833.1,0,2,7.5,5,0,68.9,High
C0005681,35,1384,65504.54,613,8,1903.28,1,0,10.6,0,0,55.3,High
C0005682,69,128,35912.19,635,14,1103.77,1,1,7.1,0,0,65.6,High
C0005683,37,4239,85393.08,777,5,2500.32,0,0,7.5,4,0,45.2,Medium
C0005684,30,5205,124523.23,807,11,1090.9,2,0,4.8,2,0,54.6,High
C0005685,28,142,43124.15,776,7,2790.47,1,0,8.1,1,0,54.2,High
C0005686,18,2965,41551.63,762,8,1153.84,2,2,11.4,1,0,55.6,High
C0005687,63,4352,40725.43,694,11,1920.04,1,2,8.1,0,0,69.0,High
C0005688,61,4696,24627.67,766,16,6124.04,0,0,8.0,0,1,39.0,Medium
C0005689,50,5583,186717.97,717,7,2790.48,2,0,5.7,2,0,48.5,Medium
C0005690,29,4345,48436.2,836,12,1756.39,2,0,5.2,0,0,53.5,High
C0005691,67,5525,38666.93,621,7,3839.69,2,0,13.1,3,0,66.9,High
C0005692,37,5962,33361.69,740,11,1374.63,1,1,13.1,1,0,49.6,Medium
C0005693,38,5567,50086.54,595,7,1158.84,3,1,12.2,2,1,81.9,Very High
C0005694,62,2644,42299.24,741,9,1735.69,0,0,16.2,0,0,48.1,Medium
C0005695,51,2459,136739.09,561,9,4493.34,0,0,2.2,1,0,62.0,High
C0005696,73,2582,31197.21,599,17,4332.2,3,0,8.1,1,0,66.0,High
C0005697,45,5705,26600.78,594,11,1593.01,0,0,7.3,0,0,43.0,Medium
C0005698,36,1712,83983.1,709,10,1829.23,1,1,7.0,0,0,58.9,High
C0005699,33,4521,58449.95,717,12,2891.18,3,2,5.8,0,1,66.8,High
C0005700,18,3762,54845.2,850,10,10662.89,2,0,9.2,1,1,39.7,Medium
C0005701,38,398,84346.58,683,13,1885.18,2,0,1.0,1,1,50.5,High
C0005702,58,2932,66841.61,748,16,5403.81,0,1,4.8,1,0,61.4,High
C0005703,50,1192,60423.9,702,14,2587.3,2,2,6.1,0,0,67.8,High
C0005704,42,4380,28617.8,742,7,3830.83,1,0,15.5,1,0,45.9,Medium
C0005705,28,2700,24771.21,701,8,4251.52,2,1,8.7,1,0,50.7,High
C0005706,45,2158,42178.0,772,11,2466.6,1,3,2.3,1,0,66.0,High
C0005707,56,421,34149.01,611,7,2159.85,2,1,1.8,3,0,72.9,High
C0005708,48,811,71894.34,506,7,1922.8,2,0,21.4,2,0,61.6,High
C0005709,44,4591,23054.04,721,14,2763.14,0,1,25.0,0,0,41.1,Medium
C0005710,31,5178,48482.18,555,13,4761.41,2,2,11.2,1,0,72.3,High
C0005711,54,1768,56370.34,788,14,5197.78,0,1,6.8,1,0,41.2,Medium
C0005712,18,4973,60662.39,649,13,4832.3,2,1,9.8,0,0,65.4,High
C0005713,47,3325,77212.76,612,9,1625.14,2,1,9.6,1,0,83.8,Very High
C0005714,78,2125,51807.62,850,8,1520.66,0,0,26.7,0,0,19.1,Low
C0005715,21,2725,42949.02,689,16,1284.29,2,0,16.3,1,0,50.5,High
C0005716,39,4151,122927.96,674,12,2431.66,0,1,9.2,0,0,56.9,High
C0005717,42,5457,51993.38,746,11,4034.36,0,0,16.2,1,0,45.4,Medium
C0005718,36,2969,135321.86,751,9,1523.77,0,1,3.5,2,1,55.5,High
C0005719,57,2099,51847.9,775,13,1953.29,1,0,3.2,3,0,59.5,High
C0005720,49,4573,61447.68,590,11,3349.43,1,1,14.4,1,0,54.6,High
C0005721,44,3164,57444.73,730,11,1785.51,0,2,12.0,0,0,51.1,High
C0005722,53,2359,70407.84,668,8,1943.95,1,1,5.3,0,0,52.7,High
C0005723,42,2774,49215.96,621,7,4539.33,3,0,18.9,1,0,54.5,High
C0005724,87,3227,65366.42,694,4,2234.15,0,0,13.1,0,0,49.3,Medium
C0005725,44,867,143894.75,554,8,1377.52,3,1,3.7,1,0,73.4,High
C0005726,45,375,110388.16,759,8,2342.18,1,1,6.8,0,0,44.0,Medium
C0005727,18,3998,110807.06,668,3,2915.75,4,0,1.2,0,0,66.6,High
C0005728,34,1074,29638.45,654,13,11205.48,1,3,17.3,0,0,54.6,High
C0005729,58,3203,32397.08,680,14,5905.36,1,1,10.6,2,0,71.6,High
C0005730,23,4697,69888.24,677,7,17522.6,1,0,1.9,0,0,57.5,High
C0005731,18,1313,94730.9,776,7,1100.74,2,1,8.3,1,0,48.4,Medium
C0005732,42,2307,46600.43,608,8,5434.43,4,1,5.4,0,0,72.2,High
C0005733,61,5870,42244.02,661,11,6036.66,1,0,11.3,1,0,60.3,High
C0005734,43,239,133452.82,674,8,2244.03,2,1,3.4,0,0,53.5,High
C0005735,37,4541,90411.06,610,11,1704.7,1,2,12.3,0,0,54.5,High
C0005736,18,1030,110944.17,702,12,3552.62,0,0,20.0,0,0,42.9,Medium
C0005737,48,5436,48634.68,636,7,1780.05,2,0,10.5,0,0,63.3,High
C0005738,51,2487,46577.75,585,7,1045.93,2,0,5.4,3,1,71.3,High
C0005739,18,70,104482.98,729,10,875.69,0,0,7.8,0,0,35.1,Medium
C0005740,58,4315,53658.25,806,10,831.57,0,0,1.6,1,0,55.5,High
C0005741,53,909,44307.9,694,12,2559.91,0,1,8.5,0,0,43.1,Medium
C0005742,58,2200,37520.08,682,7,3403.4,3,0,8.7,2,0,58.7,High
C0005743,50,3028,46801.82,681,11,1167.6,1,0,13.1,2,0,54.5,High
C0005744,51,4478,100326.55,651,7,3012.68,2,0,11.3,0,0,52.9,High
C0005745,49,2531,27026.52,778,14,2998.91,0,2,8.3,3,0,57.2,High
C0005746,54,5152,87629.11,697,10,2756.16,2,2,7.7,0,0,68.8,High
C0005747,18,2905,41997.67,527,5,3422.59,2,0,14.3,0,0,64.8,High
C0005748,21,2066,55227.95,780,8,2530.87,1,0,21.4,0,0,18.3,Low
C0005749,32,2042,57208.32,762,12,5232.17,1,0,10.5,0,0,42.0,Medium
C0005750,40,4808,54911.6,735,7,3299.94,2,1,27.5,2,0,57.8,High
C0005751,47,3999,52942.91,483,8,973.35,3,0,22.1,3,0,82.2,Very High
C0005752,47,787,48557.01,690,13,7275.28,2,1,5.6,0,0,62.4,High
C0005753,58,4509,45279.33,757,5,1178.15,3,0,2.9,1,1,49.5,Medium
C0005754,58,2509,128125.45,718,9,2176.96,1,1,6.5,1,0,61.5,High
C0005755,30,2112,62860.09,705,10,11557.53,1,0,8.1,1,0,50.7,High
C0005756,45,612,57850.54,757,7,3024.57,1,1,4.1,2,0,55.7,High
C0005757,30,5989,43491.93,700,17,1288.92,0,0,6.3,0,0,53.0,High
C0005758,39,343,49539.25,780,5,2738.35,2,1,18.3,0,0,47.7,Medium
C0005759,47,5979,43575.29,702,14,3089.43,2,1,14.5,0,0,58.3,High
C0005760,18,415,94450.29,696,12,2507.31,0,0,10.1,2,0,45.7,Medium
C0005761,76,3046,40962.41,757,5,1582.58,1,0,6.3,1,0,41.9,Medium
C0005762,50,655,18023.91,660,11,957.5,2,3,14.8,0,0,64.5,High
C0005763,34,2972,64020.53,608,12,1031.93,2,1,11.5,0,0,70.6,High
C0005764,69,5019,53168.68,690,6,1325.64,2,0,15.1,0,0,36.1,Medium
C0005765,37,3552,44923.04,734,12,5104.67,2,2,3.1,2,0,59.0,High
C0005766,44,3275,102359.41,759,16,996.16,2,2,6.7,2,0,49.6,Medium
C0005767,35,740,13786.62,760,8,2434.38,1,1,22.4,0,0,44.4,Medium
C0005768,65,5685,147535.47,685,8,5459.59,4,2,9.6,3,0,64.8,High
C0005769,41,2271,110742.44,677,9,3358.36,1,0,15.5,2,0,44.6,Medium
C0005770,44,3241,43890.82,646,12,5542.02,5,1,7.3,0,0,66.8,High
C0005771,59,5389,48385.64,709,12,1502.81,1,1,8.1,1,0,54.3,High
C0005772,50,3783,81822.09,567,8,3309.35,1,2,8.6,1,0,75.9,Very High
C0005773,41,4417,83038.4,692,7,4648.51,4,1,10.5,1,0,60.9,High
C0005774,58,1131,43750.34,850,7,4056.09,2,0,16.4,2,0,37.2,Medium
C0005775,78,2776,25480.34,577,7,3923.16,1,0,4.2,1,0,73.8,High
C0005776,46,3257,198277.07,702,5,1012.02,2,0,8.6,1,0,50.7,High
C0005777,44,1079,104899.49,718,10,3394.13,1,1,14.4,1,0,54.4,High
C0005778,44,2330,67586.18,728,11,3020.73,0,0,3.0,2,0,61.6,High
C0005779,60,4993,68293.24,618,4,1995.2,2,1,4.1,1,0,69.8,High
C0005780,34,5590,87257.08,729,7,1484.77,0,1,1.0,1,0,55.3,High
C0005781,38,4945,93197.34,650,10,2948.35,1,0,9.7,0,0,62.3,High
C0005782,20,5605,19680.59,583,10,1157.99,3,2,10.4,4,0,100.0,Very High
C0005783,25,5991,51118.93,761,19,1662.15,0,1,20.7,0,0,48.3,Medium
C0005784,35,1215,48278.09,740,12,4058.64,2,0,3.2,1,0,68.2,High
C0005785,41,5137,56732.39,618,10,4330.83,2,1,4.9,0,0,58.0,High
C0005786,67,3732,94733.82,649,11,3009.63,1,1,21.2,4,1,70.0,High
C0005787,50,5157,23163.79,646,10,1631.65,1,1,11.7,1,0,62.6,High
C0005788,29,3839,29521.12,567,8,1068.19,0,0,7.7,0,0,67.8,High
C0005789,32,775,42613.65,747,7,1325.54,1,1,9.3,0,0,56.2,High
C0005790,61,3388,67493.02,750,9,5073.87,2,2,13.8,2,0,59.6,High
C0005791,58,4569,97983.93,665,4,2496.55,2,0,7.9,1,0,55.0,High
C0005792,42,772,152073.24,688,9,2058.97,3,0,13.5,2,0,51.9,High
C0005793,36,3041,52965.44,699,14,2446.63,0,0,19.6,4,0,50.7,High
C0005794,58,3934,97895.33,708,14,3432.96,1,0,23.6,3,0,40.2,Medium
C0005795,28,2801,91626.79,589,4,1128.82,1,1,29.0,1,0,59.8,High
C0005796,47,4800,83517.18,727,11,1603.72,1,0,11.9,4,0,60.9,High
C0005797,74,788,61177.52,602,8,3348.12,1,2,8.1,3,1,69.8,High
C0005798,45,2090,49768.98,741,19,2571.04,0,1,11.9,1,0,37.2,Medium
C0005799,31,5709,34507.09,610,7,4515.11,2,1,8.3,0,0,73.7,High
C0005800,48,3101,33273.4,592,8,3590.06,3,1,6.0,0,0,63.3,High
C0005801,35,1110,75040.61,688,8,1331.91,2,0,11.9,1,0,51.2,High
C0005802,22,724,60171.69,686,17,251.34,5,1,8.5,0,0,64.5,High
C0005803,52,3571,49333.6,698,14,2512.4,3,1,3.5,3,0,68.3,High
C0005804,58,5586,89369.47,623,8,1115.19,3,0,6.6,1,1,66.3,High
C0005805,38,323,55526.78,705,12,3059.94,0,0,10.7,0,0,46.3,Medium
C0005806,37,683,37520.44,712,11,6185.91,1,0,7.3,1,0,48.8,Medium
C0005807,29,2270,53547.04,777,10,1126.58,4,1,9.5,1,0,51.5,High
C0005808,40,1274,97366.36,704,9,3348.98,2,0,4.1,1,0,58.9,High
C0005809,34,752,35311.27,645,7,3873.32,2,1,5.0,3,0,56.5,High
C0005810,28,1811,69563.27,589,14,2754.33,1,0,11.4,6,0,83.6,Very High
C0005811,68,3867,60138.5,575,6,2722.59,1,1,5.7,2,0,72.2,High
C0005812,49,4959,40800.28,714,14,570.51,1,0,7.4,0,0,52.4,High
C0005813,50,1859,52761.97,749,12,2295.75,2,2,11.4,1,1,75.8,Very High
C0005814,54,4212,26120.19,623,11,2187.63,1,2,11.6,1,0,65.9,High
C0005815,53,4944,65853.76,709,5,4352.63,0,2,4.4,1,0,53.0,High
C0005816,36,71,29269.07,677,7,4105.89,0,1,17.7,3,0,55.8,High
C0005817,46,5121,111829.44,744,6,1578.91,3,0,12.5,2,1,60.9,High
C0005818,38,1125,58941.74,755,9,639.86,0,1,20.3,1,0,41.1,Medium
C0005819,48,4119,45269.65,520,11,779.62,1,0,10.6,3,1,66.5,High
C0005820,47,4508,117382.99,767,15,5496.57,3,0,17.0,0,0,43.8,Medium
C0005821,37,5076,35149.75,709,3,2092.2,0,0,12.6,0,0,42.6,Medium
C0005822,23,2440,41095.92,650,5,859.11,2,0,13.2,1,0,56.8,High
C0005823,44,3967,22670.14,652,9,931.4,2,0,17.4,2,1,52.7,High
C0005824,39,186,127403.96,692,18,2556.09,1,2,7.7,1,0,59.2,High
C0005825,18,2698,173679.3,652,19,2379.95,1,0,3.6,1,0,51.3,High
C0005826,49,5784,24696.41,620,14,6454.57,1,0,4.4,1,0,68.0,High
C0005827,56,976,39585.37,637,10,2088.24,4,1,8.7,0,1,74.0,High
C0005828,77,932,64426.94,612,12,2827.72,1,2,24.7,1,0,81.6,Very High
C0005829,37,4209,46688.72,791,11,2140.87,2,0,22.6,2,0,38.9,Medium
C0005830,34,3077,60941.3,694,9,3746.28,0,0,23.5,0,0,33.9,Medium
C0005831,26,2746,58116.84,850,12,6906.72,1,0,28.7,1,0,29.2,Medium
C0005832,45,1512,77578.31,718,6,4064.73,0,0,16.9,0,0,44.0,Medium
C0005833,45,1052,36547.16,734,13,7921.85,0,1,4.2,1,0,42.3,Medium
C0005834,31,4432,68930.39,610,12,3127.01,1,4,5.2,0,0,79.8,Very High
C0005835,40,2165,33557.63,674,8,784.69,1,1,4.1,0,0,50.0,Medium
C0005836,18,4667,49432.72,695,15,1287.68,1,0,26.4,1,0,47.1,Medium
C0005837,55,2676,23853.27,642,12,3750.97,1,2,6.6,0,0,62.1,High
C0005838,31,2401,49631.86,655,11,1880.67,0,3,8.7,2,0,78.9,Very High
C0005839,42,1403,45246.65,722,14,2202.64,1,0,11.8,4,0,50.9,High
C0005840,22,3960,104178.21,723,12,1299.36,3,0,6.2,4,0,64.1,High
C0005841,34,1729,60011.81,590,12,5625.65,1,0,2.7,0,0,50.5,High
C0005842,38,5457,66321.3,711,8,5952.92,0,0,5.7,1,0,43.1,Medium
C0005843,42,2467,61239.09,731,9,1895.74,1,0,12.6,0,0,44.0,Medium
C0005844,49,4894,19223.33,646,13,1907.82,1,1,7.8,2,0,67.8,High
C0005845,62,2835,20672.7,638,1,5040.39,1,2,10.5,1,0,62.6,High
C0005846,52,2506,52032.14,723,11,4342.35,2,1,10.9,1,0,61.5,High
C0005847,55,2735,72265.18,497,16,762.11,0,2,15.9,0,0,63.2,High
C0005848,62,2665,54486.8,690,13,3421.66,0,3,7.2,1,0,61.8,High
C0005849,50,2889,38547.91,813,12,3036.56,2,0,13.6,1,0,39.3,Medium
C0005850,41,5324,54323.79,495,7,2483.81,2,1,3.2,2,0,83.9,Very High
C0005851,56,4227,51792.09,752,9,1243.61,0,2,12.9,1,0,48.0,Medium
C0005852,57,235,95162.52,731,8,1261.34,0,1,10.6,0,0,51.8,High
C0005853,51,377,92277.04,582,7,293.59,3,0,20.9,5,0,66.6,High
C0005854,22,166,45730.08,729,8,1435.89,0,1,9.1,2,0,42.0,Medium
C0005855,30,4154,60320.74,765,11,611.1,1,0,7.3,0,0,38.0,Medium
C0005856,38,1258,72171.41,602,5,1547.87,0,0,4.7,2,0,56.9,High
C0005857,53,2330,78311.06,637,9,2857.26,6,0,4.8,0,0,70.5,High
C0005858,42,4970,153863.11,692,8,1029.91,1,2,20.0,1,0,67.8,High
C0005859,58,816,61047.56,763,8,5228.93,0,4,3.8,2,1,57.6,High
C0005860,60,944,117912.64,649,9,7844.53,2,1,9.2,2,1,80.4,Very High
C0005861,59,504,32756.08,687,10,2566.27,0,1,7.0,0,0,49.0,Medium
C0005862,59,1733,43659.19,640,11,3267.47,0,0,2.6,1,0,60.0,High
C0005863,27,564,19152.46,692,11,768.32,2,0,2.3,2,0,60.0,High
C0005864,49,3785,67380.32,769,10,2478.54,2,1,5.2,1,0,47.0,Medium
C0005865,33,4428,88523.9,698,13,882.59,1,0,25.7,0,0,39.3,Medium
C0005866,19,1129,15205.73,663,13,717.38,0,2,19.2,1,1,61.4,High
C0005867,38,3160,68764.79,688,11,966.13,1,1,12.2,2,0,42.9,Medium
C0005868,61,1839,86439.96,630,8,1989.98,2,0,17.2,4,0,63.0,High
C0005869,48,509,83773.36,615,11,2142.57,1,0,4.6,0,0,48.4,Medium
C0005870,70,2817,32117.81,780,12,2098.32,5,0,6.5,0,0,61.7,High
C0005871,44,4192,94855.09,813,13,1032.53,2,1,8.6,0,0,32.9,Medium
C0005872,76,1391,62318.1,556,4,2357.16,2,0,8.1,2,1,59.2,High
C0005873,44,4734,85815.97,734,11,1399.98,1,0,3.9,0,0,45.7,Medium
C0005874,42,5954,57853.42,754,9,2391.96,1,0,15.3,1,0,39.5,Medium
C0005875,24,366,76455.2,599,12,1887.16,2,0,4.6,0,0,66.6,High
C0005876,58,1005,114115.84,655,6,681.63,1,0,3.6,1,0,54.2,High
C0005877,35,1757,55418.99,647,11,1414.64,0,1,3.4,2,0,46.0,Medium
C0005878,33,5104,72485.9,833,10,3133.74,1,0,2.9,1,0,16.7,Low
C0005879,60,878,123286.04,814,10,3794.65,1,0,10.7,1,0,36.0,Medium
C0005880,58,2836,57619.31,621,7,987.83,2,0,8.8,2,0,80.4,Very High
C0005881,58,3238,33387.0,581,7,1338.79,2,0,12.5,3,0,57.4,High
C0005882,37,800,89923.39,748,8,1645.0,1,2,9.6,3,0,72.9,High
C0005883,41,280,136498.97,731,11,4711.22,0,0,11.8,0,0,38.1,Medium
C0005884,41,737,125960.12,783,14,2984.42,0,1,5.3,1,0,39.3,Medium
C0005885,53,365,91870.29,611,12,957.42,1,0,14.3,0,0,57.2,High
C0005886,64,3016,17078.97,744,13,3029.27,5,0,4.7,1,0,64.1,High
C0005887,47,5621,43703.42,635,9,5018.55,3,2,5.2,2,0,72.4,High
C0005888,70,2140,44952.4,737,7,2532.27,0,1,17.6,2,0,40.4,Medium
C0005889,55,1562,63549.05,687,3,1329.36,4,1,4.9,0,0,65.1,High
C0005890,39,1430,156911.2,833,13,3818.18,0,1,3.7,0,1,33.3,Medium
C0005891,54,5888,34220.9,724,7,2481.1,1,2,10.4,2,0,58.2,High
C0005892,66,5754,212798.46,666,10,1870.43,0,1,12.5,1,0,47.7,Medium
C0005893,70,3901,50242.13,700,12,3931.33,4,1,5.2,1,0,74.3,High
C0005894,59,2796,40663.82,682,12,2194.42,0,2,17.5,0,0,44.4,Medium
C0005895,42,984,98691.32,603,6,2318.46,0,0,5.4,2,0,48.6,Medium
C0005896,39,5575,103079.62,834,10,3848.13,1,1,13.4,1,0,43.9,Medium
C0005897,50,38,88641.95,810,10,1588.56,3,3,4.9,2,1,70.3,High
C0005898,65,1009,40606.73,677,12,1037.53,2,0,18.7,0,0,49.8,Medium
C0005899,48,4081,81716.0,742,13,2717.93,0,1,18.8,2,0,40.4,Medium
C0005900,48,1125,35116.73,844,12,6052.04,1,0,10.3,3,0,33.6,Medium
C0005901,43,676,39990.79,783,10,501.59,2,1,20.4,2,1,41.8,Medium
C0005902,37,3588,58847.88,667,5,3543.67,1,1,23.1,0,0,55.3,High
C0005903,40,186,39494.22,683,8,2250.3,0,2,16.1,2,0,65.5,High
C0005904,44,1641,110624.98,561,3,1554.68,2,2,20.8,1,0,72.4,High
C0005905,66,3867,45111.73,748,11,1445.34,1,0,9.8,1,0,39.4,Medium
C0005906,39,1134,54920.32,783,11,3956.58,0,0,6.1,2,0,35.5,Medium
C0005907,43,4563,38207.25,784,10,3422.54,1,0,5.7,5,1,46.5,Medium
C0005908,30,595,109707.72,743,7,1121.14,2,0,10.2,2,0,51.0,High
C0005909,52,3691,42981.27,716,10,2681.73,2,0,8.7,0,0,47.0,Medium
C0005910,61,485,116191.59,615,7,5368.01,0,0,5.1,0,0,51.2,High
C0005911,65,4398,111590.21,714,6,3461.77,0,0,4.4,1,0,39.5,Medium
C0005912,45,4526,48514.7,643,18,744.03,0,2,11.9,0,0,47.9,Medium
C0005913,50,4775,63019.97,729,16,3347.98,1,0,24.3,1,0,47.7,Medium
C0005914,40,1714,47779.39,633,15,977.87,0,1,5.2,2,0,59.0,High
C0005915,49,1440,83703.56,729,7,2535.04,2,0,8.5,1,0,50.9,High
C0005916,46,5871,55710.86,789,8,1353.2,1,0,18.4,0,0,46.5,Medium
C0005917,43,4385,49280.08,718,17,2857.88,1,1,19.5,0,0,30.0,Medium
C0005918,44,1123,63594.88,715,8,1423.52,3,1,5.9,2,0,58.2,High
C0005919,48,204,25969.32,758,8,1114.4,0,0,5.6,0,0,34.3,Medium
C0005920,38,2146,59466.78,823,11,2699.72,1,2,2.8,2,0,52.3,High
C0005921,39,4000,88625.62,682,3,2371.35,2,1,8.3,2,0,49.2,Medium
C0005922,66,2268,66890.99,729,6,3752.82,0,0,8.4,1,0,56.3,High
C0005923,80,4852,104642.05,803,10,1558.6,1,0,12.6,0,0,25.1,Medium
C0005924,25,3015,50381.32,740,23,822.34,3,1,8.7,2,0,61.3,High
C0005925,24,5948,48159.79,540,10,3414.01,0,0,16.0,1,0,53.9,High
C0005926,29,5227,33535.65,636,8,5634.69,1,0,2.5,0,0,66.7,High
C0005927,41,2843,49599.2,746,8,1511.16,3,1,16.2,0,0,55.8,High
C0005928,55,5013,182796.83,660,8,3017.56,0,0,10.9,0,0,41.4,Medium
C0005929,50,2705,72145.38,798,14,1796.51,1,0,6.6,1,0,41.0,Medium
C0005930,44,89,44929.27,829,8,7726.15,3,0,10.5,3,0,57.4,High
C0005931,49,1868,35650.26,646,8,1563.01,1,0,12.0,0,0,52.2,High
C0005932,32,2473,25737.33,613,9,2135.07,1,0,13.7,0,0,42.3,Medium
C0005933,39,5859,39268.31,663,11,591.04,3,0,7.5,0,0,64.0,High
C0005934,42,4972,94131.32,659,10,6116.34,1,0,7.6,1,0,63.8,High
C0005935,20,905,49021.89,805,10,1554.45,2,0,3.7,0,1,34.9,Medium
C0005936,26,31,36603.36,612,9,5116.46,0,0,18.4,2,0,53.1,High
C0005937,26,3186,38885.96,746,5,1423.16,1,0,9.0,1,0,38.7,Medium
C0005938,53,3215,88619.23,794,11,2090.26,1,2,3.4,0,0,40.9,Medium
C0005939,45,4420,59289.94,751,10,1323.89,3,1,7.4,1,0,53.8,High
C0005940,51,1579,43911.31,723,13,1198.35,1,0,6.7,1,0,32.5,Medium
C0005941,18,4878,52327.43,678,8,1818.39,2,2,17.6,1,0,57.3,High
C0005942,21,2494,208589.9,829,12,2010.62,2,1,22.2,0,0,34.3,Medium
C0005943,51,2027,121258.8,672,9,1735.53,1,0,10.6,1,0,41.1,Medium
C0005944,18,2539,139056.22,761,8,818.1,2,2,13.4,3,1,60.9,High
C0005945,59,5668,23652.7,678,14,2645.45,0,4,10.0,0,0,72.5,High
C0005946,18,2368,57055.71,552,14,616.65,2,2,11.9,1,0,90.4,Very High
C0005947,54,3376,43488.67,670,10,1766.2,1,0,1.9,1,0,57.4,High
C0005948,30,5354,83616.97,678,16,787.54,1,1,22.9,2,0,43.9,Medium
C0005949,57,139,111055.29,679,11,3949.76,2,0,12.9,2,0,60.8,High
C0005950,87,3232,74192.93,640,14,4900.49,0,0,5.7,1,0,60.0,High
C0005951,18,4258,38370.0,737,7,3232.25,2,0,8.6,3,0,50.5,High
C0005952,52,5425,43102.33,745,15,1614.3,1,2,6.8,0,0,59.4,High
C0005953,18,397,87221.28,667,14,1358.6,2,0,11.9,0,0,47.0,Medium
C0005954,48,4368,92127.61,666,10,1865.56,2,0,22.6,3,0,52.2,High
C0005955,39,4821,66997.69,611,15,2122.97,2,0,24.3,0,0,46.5,Medium
C0005956,44,2126,66587.67,709,10,3010.68,2,0,9.2,3,0,54.7,High
C0005957,29,4484,63732.96,793,8,2849.27,3,0,13.3,1,1,49.3,Medium
C0005958,53,2976,71890.02,793,12,584.82,1,1,8.3,0,0,40.7,Medium
C0005959,22,3958,91919.47,645,13,3383.3,0,1,7.3,1,0,63.5,High
C0005960,59,2357,87682.78,839,9,2826.68,1,0,7.5,4,0,39.7,Medium
C0005961,36,1087,62809.5,663,7,1323.49,4,0,20.9,1,0,77.9,Very High
C0005962,22,4976,60349.77,614,12,1173.02,1,0,11.8,0,0,64.8,High
C0005963,64,1322,59093.46,588,13,2289.92,2,1,15.8,1,0,69.2,High
C0005964,41,1149,40364.57,609,9,2473.19,2,1,7.2,2,1,74.1,High
C0005965,69,5319,40083.67,715,11,1074.81,1,1,7.1,3,1,77.6,Very High
C0005966,59,5620,83622.31,671,7,2284.92,0,0,7.4,2,0,53.0,High
C0005967,31,3667,41890.39,643,12,2480.32,1,0,9.3,1,0,59.3,High
C0005968,41,3495,97008.44,626,7,3842.75,0,2,5.6,2,0,64.0,High
C0005969,44,2183,60273.7,609,9,2046.83,0,1,9.1,2,0,55.7,High
C0005970,63,3682,97310.97,623,8,588.75,1,0,5.8,2,0,56.7,High
C0005971,48,3667,88010.99,766,6,2591.62,2,1,12.5,2,0,50.5,High
C0005972,44,3115,98567.92,825,11,733.1,2,1,15.5,1,0,42.7,Medium
C0005973,39,3941,47709.63,830,12,1266.16,2,0,4.8,2,0,46.1,Medium
C0005974,41,3340,77635.83,742,10,914.35,2,1,20.2,1,0,56.9,High
C0005975,60,5278,93034.72,653,11,3032.75,1,2,16.0,0,0,66.1,High
C0005976,42,4016,26414.28,640,6,1085.94,1,0,7.0,1,0,73.3,High
C0005977,36,2329,158074.4,747,6,4212.34,1,0,17.3,1,0,31.1,Medium
C0005978,34,3940,215596.49,672,13,1036.46,3,0,4.8,0,0,61.4,High
C0005979,34,1403,104390.95,721,15,594.31,1,1,14.2,1,0,58.6,High
C0005980,22,1308,96579.72,835,7,1754.72,3,0,8.1,1,0,40.3,Medium
C0005981,31,4966,85708.47,706,13,928.04,0,0,11.3,1,0,41.9,Medium
C0005982,63,3507,51896.22,850,8,5177.05,3,1,9.7,2,0,59.2,High
C0005983,39,350,58354.75,605,7,1414.47,3,0,8.9,1,0,79.0,Very High
C0005984,52,2147,105378.34,724,10,4658.48,0,0,23.5,1,0,39.0,Medium
C0005985,18,5905,36301.71,714,10,1803.3,2,0,10.5,0,0,48.9,Medium
C0005986,50,3833,34596.07,616,4,2773.13,2,0,16.0,1,0,63.6,High
C0005987,40,5215,49829.31,750,5,1559.51,2,1,3.9,0,0,44.3,Medium
C0005988,35,3300,88949.93,805,11,10315.05,3,1,9.7,3,0,56.9,High
C0005989,45,284,38508.13,850,11,1042.59,1,1,4.3,1,0,27.7,Medium
C0005990,35,1102,54770.71,721,11,302.56,4,0,15.4,2,1,49.9,Medium
C0005991,18,579,58467.02,547,12,2605.4,2,1,2.5,1,0,68.5,High
C0005992,55,4416,35538.13,726,10,1130.03,1,0,11.5,0,0,48.9,Medium
C0005993,45,4547,16204.06,746,7,2512.44,1,0,10.1,2,0,46.9,Medium
C0005994,38,2758,35253.07,672,5,2103.08,3,0,13.4,0,0,57.2,High
C0005995,28,4354,71566.13,706,5,1559.47,1,0,15.1,0,0,47.1,Medium
C0005996,21,3322,81005.2,654,9,1688.67,2,2,11.2,2,1,74.1,High
C0005997,45,4446,81372.23,680,15,2870.45,6,0,15.1,1,1,69.6,High
C0005998,65,4045,86695.26,766,13,1739.56,2,0,16.5,1,0,51.6,High
C0005999,45,2749,43930.87,794,11,1992.05,2,0,8.6,0,0,47.2,Medium
C0006000,23,3927,39048.3,595,13,1591.82,1,0,10.7,0,0,48.2,Medium
C0006001,45,1932,76204.18,652,10,6340.18,3,0,6.9,3,0,72.2,High
C0006002,41,4501,55183.93,571,11,5153.61,4,1,23.7,0,0,57.7,High
C0006003,54,5484,102107.65,828,11,844.83,1,0,4.1,2,0,41.8,Medium
C0006004,50,1264,76469.34,755,6,2203.64,1,0,21.8,0,0,29.9,Medium
C0006005,18,4012,125616.76,540,10,1295.63,2,3,13.7,0,0,78.9,Very High
C0006006,50,689,47994.64,685,7,979.27,2,0,12.9,1,0,47.6,Medium
C0006007,28,2283,111528.28,669,8,275.14,0,0,10.6,0,0,44.7,Medium
C0006008,22,4025,189844.65,633,10,1780.53,4,1,9.5,2,0,74.4,High
C0006009,39,1686,63859.97,768,6,1871.67,1,1,18.6,0,0,45.8,Medium
C0006010,48,1438,81593.78,766,17,5311.07,0,0,1.6,1,0,41.5,Medium
C0006011,19,2321,37164.12,710,10,4346.15,3,1,8.2,2,0,65.8,High
C0006012,52,714,101378.95,642,11,3028.75,2,0,9.7,1,0,72.8,High
C0006013,53,3763,115366.77,643,6,3554.07,1,0,4.5,0,0,48.0,Medium
C0006014,43,813,47237.36,693,12,3826.96,4,0,16.2,1,0,55.1,High
C0006015,30,2018,85586.04,656,8,3020.42,1,2,3.6,0,1,68.8,High
C0006016,28,1897,72341.24,690,8,5411.63,1,0,7.2,1,0,52.1,High
C0006017,56,5808,76866.2,732,9,963.9,2,1,8.6,0,0,64.5,High
C0006018,21,5950,96906.37,575,9,1602.62,1,1,3.2,2,0,70.0,High
C0006019,57,503,82477.8,633,11,1462.06,1,0,7.4,1,0,52.6,High
C0006020,40,968,57437.14,687,5,1537.26,2,1,10.0,2,0,54.8,High
C0006021,41,4401,98047.04,807,8,1993.52,1,0,18.8,1,0,43.7,Medium
C0006022,18,1812,114280.42,753,12,6357.48,0,0,5.2,1,0,47.3,Medium
C0006023,40,3875,45710.47,690,7,3937.05,0,1,10.1,3,0,45.0,Medium
C0006024,51,5526,61938.68,720,14,4871.92,2,3,9.5,3,0,64.7,High
C0006025,23,1002,23437.88,682,15,2091.34,2,0,7.4,0,0,56.2,High
C0006026,49,5780,85465.54,771,7,2030.69,0,1,5.6,1,0,44.4,Medium
C0006027,43,343,121492.08,723,12,3203.99,2,1,14.1,2,0,61.3,High
C0006028,33,1396,53818.75,786,8,2913.31,3,0,16.5,0,0,29.4,Medium
C0006029,54,3060,66721.3,588,9,2912.17,0,0,8.4,1,0,55.4,High
C0006030,18,5286,54928.19,630,10,9928.59,2,0,7.0,0,1,46.9,Medium
C0006031,47,3336,50198.82,711,6,3219.62,1,0,14.0,1,0,51.6,High
C0006032,65,859,70444.74,727,5,1318.95,0,0,6.7,2,0,54.7,High
C0006033,62,1516,40277.82,850,8,1392.24,2,0,11.2,2,0,37.8,Medium
C0006034,47,4576,54474.47,554,14,3802.52,1,3,12.3,0,0,67.0,High
C0006035,38,3382,37698.92,688,5,3614.36,1,0,4.1,0,0,51.3,High
C0006036,33,107,85723.46,684,7,4156.33,2,1,23.4,3,0,66.6,High
C0006037,38,3024,70719.08,708,5,3086.48,0,1,12.2,2,0,48.6,Medium
C0006038,50,2457,48908.61,820,8,1118.96,1,2,5.8,0,0,40.2,Medium
C0006039,31,33,63277.37,756,9,5973.32,0,0,11.1,2,0,46.3,Medium
C0006040,53,1506,54912.2,570,7,5266.31,1,2,10.7,0,0,73.4,High
C0006041,72,5613,116312.06,805,9,1712.25,2,1,23.2,2,1,41.0,Medium
C0006042,41,4232,48646.39,803,11,2791.78,1,2,17.3,3,0,56.9,High
C0006043,23,452,87918.4,710,9,2482.41,1,1,25.9,1,1,46.2,Medium
C0006044,23,125,42067.29,569,8,1727.98,0,1,24.4,0,0,41.6,Medium
C0006045,53,2095,97024.69,679,11,1035.61,0,2,3.9,0,0,52.7,High
C0006046,41,2805,109689.37,725,12,3195.9,2,1,5.3,0,0,49.9,Medium
C0006047,54,2737,112574.23,765,5,834.16,0,1,3.8,1,0,36.9,Medium
C0006048,35,4189,139239.25,557,6,1494.01,2,0,20.3,1,0,68.5,High
C0006049,54,1064,72819.16,632,10,6693.54,0,0,4.6,1,0,46.4,Medium
C0006050,40,308,122487.02,772,9,2883.72,1,0,6.2,0,0,42.0,Medium
C0006051,32,4045,151476.93,803,11,2822.18,0,1,16.2,3,0,22.0,Low
C0006052,36,5387,33448.45,722,12,1816.68,3,0,23.5,1,0,47.3,Medium
C0006053,25,1031,44493.96,776,13,797.38,1,2,26.0,1,0,42.7,Medium
C0006054,70,2186,27234.89,724,9,2879.86,3,0,14.8,3,0,60.7,High
C0006055,41,3771,111137.0,762,8,3042.7,2,1,8.6,1,0,57.7,High
C0006056,51,1016,27043.36,701,10,3686.48,2,0,18.2,3,0,49.0,Medium
C0006057,34,5163,23294.59,726,6,1704.48,1,1,14.0,0,0,55.2,High
C0006058,27,1376,33905.2,598,9,1686.77,2,0,12.7,0,0,50.8,High
C0006059,39,3209,23832.8,744,6,3182.65,0,0,11.3,1,0,41.6,Medium
C0006060,57,2053,72011.17,596,12,971.28,1,0,9.5,3,1,70.7,High
C0006061,35,4014,34145.67,744,9,3732.03,3,0,3.0,0,0,51.1,High
C0006062,30,1214,24470.76,657,9,1982.36,1,1,12.6,1,0,50.7,High
C0006063,44,616,60588.44,718,12,2661.61,0,0,3.6,2,0,43.8,Medium
C0006064,49,3078,62586.27,619,13,9859.76,3,1,10.1,1,0,76.3,Very High
C0006065,65,5195,22170.3,652,14,1843.59,1,2,10.4,2,0,65.3,High
C0006066,47,3808,41871.22,718,10,2408.51,0,0,9.5,1,0,45.2,Medium
C0006067,51,4540,59506.35,747,11,2243.27,0,1,3.7,1,0,50.4,High
C0006068,52,2617,50951.88,772,14,607.87,1,0,13.8,1,0,44.2,Medium
C0006069,26,866,51723.83,604,13,3273.66,0,2,8.0,1,0,58.3,High
C0006070,29,2579,118598.31,577,14,481.36,3,2,6.5,0,0,73.1,High
C0006071,27,5925,201892.23,617,8,3599.56,2,1,10.5,0,0,64.5,High
C0006072,23,4696,52186.31,610,12,1403.42,1,0,12.4,0,0,61.9,High
C0006073,53,4230,29967.08,808,9,1361.52,4,0,0.7,0,0,54.6,High
C0006074,46,1827,54495.26,791,13,2145.71,2,0,6.5,1,0,43.6,Medium
C0006075,43,3609,68992.35,615,13,929.3,1,2,12.0,0,0,65.9,High
C0006076,18,3747,60209.56,818,9,2045.5,0,0,14.7,1,0,42.8,Medium
C0006077,71,3935,86748.62,786,12,1079.11,3,0,5.3,2,0,45.1,Medium
C0006078,29,5360,209282.39,568,8,951.6,1,0,6.4,1,0,78.7,Very High
C0006079,71,4099,24165.3,613,10,1908.8,3,2,16.2,1,0,79.9,Very High
C0006080,22,1352,46910.45,566,6,4873.16,2,1,8.0,2,1,64.0,High
C0006081,31,1352,144714.54,684,9,3518.08,0,1,11.2,0,0,45.1,Medium
C0006082,18,3730,46525.91,691,7,1544.96,1,0,3.1,0,0,47.9,Medium
C0006083,47,5201,95713.16,691,7,1977.91,1,0,18.2,3,0,56.4,High
C0006084,27,5689,87718.23,538,10,1545.76,2,2,4.1,1,1,71.7,High
C0006085,27,3669,122415.17,583,13,1012.28,0,0,6.3,0,0,71.9,High
C0006086,23,3192,177588.89,710,7,1113.8,1,1,5.8,0,0,55.3,High
C0006087,53,4901,74464.64,737,11,2613.02,2,0,5.6,3,0,47.9,Medium
C0006088,52,5862,23734.46,539,12,1368.56,0,1,10.8,1,0,62.1,High
C0006089,67,196,42178.49,594,12,2114.97,1,0,13.4,0,0,62.9,High
C0006090,32,1880,206327.24,767,6,1133.17,1,0,12.8,2,0,52.4,High
C0006091,45,2023,28483.52,598,14,3680.72,1,3,6.7,1,0,62.0,High
C0006092,24,3398,81481.66,689,8,3332.78,4,0,6.2,0,0,78.0,Very High
C0006093,37,1790,15551.46,591,7,6051.28,2,1,13.2,2,0,55.1,High
C0006094,35,1886,29487.29,752,12,5330.8,2,0,4.7,3,0,43.7,Medium
C0006095,49,175,100982.77,539,5,1208.51,0,0,6.0,1,0,70.2,High
C0006096,56,52,63238.47,667,9,1257.96,3,1,17.0,1,0,61.4,High
C0006097,56,2716,50405.05,761,11,2764.46,0,1,11.3,1,0,44.9,Medium
C0006098,30,5983,39616.22,736,9,1236.57,0,0,14.2,1,0,42.0,Medium
C0006099,56,1794,20677.29,655,11,2563.48,1,0,21.0,0,0,38.9,Medium
C0006100,41,1463,90786.23,638,10,1756.66,2,0,5.2,2,0,59.4,High
C0006101,37,1608,53058.94,673,11,3991.92,0,0,4.5,1,0,54.3,High
C0006102,32,5839,26845.78,593,10,4066.89,0,0,7.7,1,0,53.4,High
C0006103,34,3993,63038.04,682,4,1802.73,2,0,18.3,0,0,44.2,Medium
C0006104,66,3928,85355.15,684,8,669.86,1,0,5.3,0,1,59.5,High
C0006105,46,1160,55521.14,659,6,4242.69,3,2,15.3,3,0,70.6,High
C0006106,44,5426,66084.24,765,12,1478.82,1,2,1.2,2,0,57.3,High
C0006107,38,1204,63313.85,610,8,2166.68,1,1,12.8,0,0,52.1,High
C0006108,76,5804,42030.57,562,10,2012.93,1,0,2.7,1,0,82.7,Very High
C0006109,60,5716,63878.14,651,14,2823.95,2,1,10.1,1,0,68.3,High
C0006110,32,3419,92898.15,699,8,1468.01,0,2,26.8,0,0,38.9,Medium
C0006111,38,5213,109528.9,682,9,1063.24,0,0,14.3,1,0,46.4,Medium
C0006112,39,5998,95778.24,679,7,2427.75,2,0,20.3,1,0,48.1,Medium
C0006113,44,3494,42769.72,606,5,3764.74,1,1,9.4,0,0,62.0,High
C0006114,32,4610,87974.88,616,12,2030.69,1,0,14.2,1,0,66.3,High
C0006115,48,3556,80089.19,653,10,2026.66,2,0,13.7,1,0,60.2,High
C0006116,62,3157,41963.26,647,8,1017.37,2,1,3.4,2,0,80.5,Very High
C0006117,24,2028,48026.95,772,10,3072.83,1,0,4.8,2,0,41.6,Medium
C0006118,26,3940,90104.09,710,11,3220.68,0,0,3.2,1,0,52.2,High
C0006119,35,1625,132215.59,650,8,2051.85,1,0,23.9,1,0,37.1,Medium
C0006120,36,1189,22890.34,772,8,1167.81,0,1,19.3,1,0,44.0,Medium
C0006121,70,1674,152805.84,723,7,2320.19,1,0,8.8,0,0,29.6,Medium
C0006122,56,95,117615.66,588,6,2450.48,1,1,5.5,0,0,52.5,High
C0006123,55,5605,69175.69,447,11,2142.17,2,1,6.1,2,0,95.9,Very High
C0006124,38,1563,54311.73,591,8,1088.09,2,1,6.7,1,1,78.2,Very High
C0006125,38,4805,76851.33,735,3,2594.35,1,0,1.6,3,0,50.3,High
C0006126,22,2626,43589.81,757,12,2445.36,2,3,2.9,1,0,60.9,High
C0006127,53,2056,56227.28,565,12,2888.25,0,0,5.6,3,0,66.5,High
C0006128,49,1391,27546.34,739,7,2013.51,0,0,19.2,0,0,34.4,Medium
C0006129,60,4929,23790.75,737,8,5067.1,1,0,19.4,0,0,36.9,Medium
C0006130,39,3098,223609.9,795,7,2197.29,2,0,7.0,0,0,43.6,Medium
C0006131,40,2714,64188.61,761,9,5447.82,1,1,24.7,1,0,40.4,Medium
C0006132,44,3957,69349.81,791,10,2542.94,1,0,13.4,1,0,38.4,Medium
C0006133,54,4821,60960.82,727,9,1036.19,2,0,26.9,0,0,54.6,High
C0006134,21,3945,39324.93,724,10,3787.61,1,1,16.7,2,0,52.5,High
C0006135,52,2823,52365.62,665,8,1736.25,3,1,4.0,1,0,62.1,High
C0006136,42,5365,65188.83,752,15,1648.38,1,0,11.4,0,0,36.3,Medium
C0006137,27,5377,55644.51,590,10,4319.85,0,2,13.0,0,0,62.1,High
C0006138,18,5798,40993.88,680,14,976.62,0,0,9.4,1,0,57.2,High
C0006139,40,573,80709.25,730,10,704.54,0,0,4.0,0,0,40.6,Medium
C0006140,62,5347,68767.76,796,6,1907.95,1,0,8.8,2,0,42.6,Medium
C0006141,65,1183,76955.99,654,8,2676.21,1,0,13.8,1,0,57.3,High
C0006142,47,3732,91369.25,762,9,3866.57,2,0,12.3,0,0,37.0,Medium
C0006143,69,3958,56449.49,675,10,2417.19,4,0,1.5,1,0,58.4,High
C0006144,41,1258,56500.3,764,11,509.42,3,1,25.7,1,0,41.8,Medium
C0006145,55,78,140117.77,630,11,1170.36,0,0,8.1,0,0,56.0,High
C0006146,36,5662,36889.47,744,10,970.13,0,1,6.4,3,0,56.2,High
C0006147,35,5350,22123.42,683,11,646.02,1,0,7.0,2,0,55.2,High
C0006148,33,1073,84156.71,601,7,1969.65,1,1,5.4,2,0,61.1,High
C0006149,18,3619,43859.52,679,12,3066.53,0,0,9.5,0,0,48.6,Medium
C0006150,60,934,34281.0,789,8,4136.07,0,0,7.3,0,0,35.5,Medium
C0006151,33,3412,100888.43,614,14,3037.78,1,2,17.9,1,0,68.5,High
C0006152,31,1925,57254.82,579,10,1530.67,0,0,8.4,0,0,65.1,High
C0006153,25,4517,30943.85,720,5,4445.94,0,1,9.9,1,0,45.8,Medium
C0006154,39,3454,179711.85,564,12,1918.82,1,0,7.5,0,0,64.0,High
C0006155,67,3003,25565.84,807,7,2288.18,1,1,4.9,1,0,49.7,Medium
C0006156,71,4098,59113.61,805,15,1430.44,1,0,9.8,1,0,38.0,Medium
C0006157,19,2870,21933.87,768,7,1876.07,2,2,18.8,2,0,50.5,High
C0006158,37,109,71951.8,689,8,1673.11,1,0,13.3,1,0,63.1,High
C0006159,28,3587,43576.79,815,8,896.26,1,1,7.5,1,0,40.8,Medium
C0006160,56,4674,97293.83,791,10,3328.52,2,0,21.4,2,0,35.8,Medium
C0006161,46,2957,61409.95,650,14,2453.34,1,1,15.8,0,0,60.8,High
C0006162,33,1074,130316.83,798,8,3688.19,1,0,19.3,0,0,28.9,Medium
C0006163,43,76,48949.63,622,9,1392.19,4,0,15.4,1,0,70.6,High
C0006164,35,1800,25652.34,675,8,3479.94,1,2,22.4,2,0,59.1,High
C0006165,65,4615,70652.13,555,11,793.54,0,0,2.5,1,0,70.7,High
C0006166,50,1952,53959.18,701,8,3127.99,4,0,6.9,3,0,69.5,High
C0006167,51,5738,22795.01,668,11,3413.46,2,0,6.6,2,0,55.2,High
C0006168,18,2014,34697.76,656,7,1120.12,0,0,6.3,3,0,55.7,High
C0006169,41,2582,41335.08,678,14,4546.44,2,0,9.8,2,0,61.6,High
C0006170,71,4569,145852.41,647,10,6058.56,2,1,11.6,0,0,72.2,High
C0006171,61,3695,91489.99,693,7,1514.09,1,1,7.8,0,0,43.5,Medium
C0006172,18,274,51207.19,786,11,5643.85,5,0,2.9,1,0,67.2,High
C0006173,38,485,80327.56,610,12,727.86,2,1,24.7,0,1,65.2,High
C0006174,25,1203,20194.93,755,11,2013.52,2,0,9.2,2,0,59.3,High
C0006175,66,5233,45441.97,706,16,402.23,2,2,8.6,3,0,63.8,High
C0006176,45,163,77299.06,718,12,4025.82,1,1,6.0,0,0,40.4,Medium
C0006177,31,457,67903.76,688,7,813.61,0,1,16.4,1,0,55.0,High
C0006178,42,4676,46085.05,636,13,618.89,2,0,19.9,0,0,67.1,High
C0006179,18,3748,60707.36,723,10,2609.01,0,0,5.1,2,0,53.1,High
C0006180,27,5902,74671.17,729,12,4314.75,4,0,11.4,0,0,42.0,Medium
C0006181,43,1340,61681.76,630,8,1691.37,4,1,20.7,1,0,67.3,High
C0006182,54,3967,99552.64,590,10,2403.81,1,0,5.0,0,1,59.5,High
C0006183,18,833,73878.4,696,6,6915.01,1,0,14.6,1,0,51.2,High
C0006184,37,3553,82131.09,747,11,1185.91,2,2,15.0,0,0,51.7,High
C0006185,56,663,159109.0,765,8,1162.45,1,0,8.7,0,0,41.5,Medium
C0006186,22,5451,97735.31,780,9,4455.38,0,0,5.9,1,0,40.5,Medium
C0006187,45,2513,161525.26,718,11,2545.36,0,1,9.3,0,0,42.9,Medium
C0006188,43,1552,42844.68,670,9,5554.47,1,2,4.7,2,0,53.3,High
C0006189,66,5907,25824.06,690,4,947.65,2,0,6.0,2,1,54.9,High
C0006190,39,426,57396.31,597,12,687.76,0,0,1.4,1,0,64.6,High
C0006191,40,4805,54765.28,639,8,866.14,0,0,7.6,0,0,48.0,Medium
C0006192,54,3074,138353.52,686,5,3482.75,1,1,1.3,1,0,63.0,High
C0006193,23,4135,33301.75,670,8,4800.99,2,1,8.5,2,0,62.3,High
C0006194,39,1584,59367.74,697,5,4412.34,3,1,10.5,2,0,68.2,High
C0006195,36,5291,77477.15,587,17,3156.52,0,0,11.6,2,0,55.4,High
C0006196,40,2722,65509.21,604,6,4966.86,4,2,11.0,0,0,88.3,Very High
C0006197,54,2528,56418.27,748,10,1482.38,0,0,21.2,1,0,34.8,Medium
C0006198,50,2754,75516.19,627,15,605.11,2,1,1.4,1,0,70.7,High
C0006199,32,1799,112239.85,639,7,769.11,3,0,6.9,1,0,62.9,High
C0006200,44,1933,144285.56,697,8,855.44,2,0,7.5,0,0,51.5,High
C0006201,63,866,63128.88,620,10,625.39,4,1,4.9,2,1,69.7,High
C0006202,30,2933,39583.77,773,10,908.57,0,2,8.7,3,0,40.7,Medium
C0006203,44,2864,144189.46,596,8,1205.5,1,0,3.7,1,0,73.3,High
C0006204,39,2299,34275.68,690,9,3263.71,4,0,3.6,1,0,62.9,High
C0006205,41,5914,165994.18,634,6,2663.79,6,2,14.2,0,0,62.7,High
C0006206,19,704,129853.75,702,13,5864.8,0,0,18.1,1,0,38.2,Medium
C0006207,62,5464,140654.1,653,5,982.86,0,0,10.1,1,0,43.7,Medium
C0006208,31,5204,90386.9,688,14,2803.84,0,1,6.9,2,0,63.5,High
C0006209,56,162,19399.84,782,10,5175.32,0,0,7.2,1,0,42.5,Medium
C0006210,33,4216,35009.45,638,8,1578.35,2,0,3.9,2,0,59.8,High
C0006211,33,1278,73399.92,638,11,1647.18,0,1,6.9,2,0,67.2,High
C0006212,59,276,42756.81,666,10,5401.01,1,0,7.5,1,0,55.5,High
C0006213,56,5170,52129.47,801,10,1745.65,3,1,8.4,2,0,59.5,High
C0006214,45,721,86849.69,683,5,5584.84,1,0,11.2,0,0,51.6,High
C0006215,53,1814,56466.56,783,9,839.87,2,1,8.4,2,1,57.7,High
C0006216,38,606,31711.3,677,15,6302.24,3,3,25.7,2,1,71.9,High
C0006217,42,877,100911.78,779,13,4981.74,0,2,4.9,0,0,39.3,Medium
C0006218,33,398,82296.69,721,11,1181.52,2,1,12.2,2,0,59.2,High
C0006219,55,5058,54064.98,732,7,1800.59,2,0,14.8,1,0,49.6,Medium
C0006220,32,382,91682.43,582,6,981.93,1,0,10.6,0,0,67.6,High
C0006221,63,4562,65327.32,571,9,1596.21,2,1,5.7,2,0,66.5,High
C0006222,38,967,128944.62,770,13,796.1,1,0,11.5,0,1,42.5,Medium
C0006223,42,5491,67376.66,769,10,691.69,0,0,9.2,0,0,42.4,Medium
C0006224,53,5091,128418.52,850,10,973.77,0,2,4.6,3,0,48.0,Medium
C0006225,42,3787,22123.17,579,15,4316.32,0,1,10.1,2,0,69.3,High
C0006226,38,4974,79814.47,726,12,656.63,3,0,14.4,2,0,52.9,High
C0006227,42,1811,49814.71,613,7,5369.62,3,0,12.9,0,0,48.0,Medium
C0006228,55,4705,38654.23,634,20,3986.49,3,2,8.5,0,0,79.7,Very High
C0006229,33,1352,117250.15,652,6,5179.84,1,1,3.6,0,0,46.4,Medium
C0006230,40,3699,101102.26,719,12,2752.55,1,2,15.8,1,0,43.7,Medium
C0006231,42,5518,20564.62,640,10,6426.32,1,0,7.4,0,0,49.7,Medium
C0006232,54,4349,91895.95,693,13,866.03,2,0,5.1,2,0,60.6,High
C0006233,41,1639,85962.9,752,10,5354.19,3,1,14.6,1,0,61.5,High
C0006234,67,4438,41655.99,775,15,15885.32,2,2,6.7,0,0,58.3,High
C0006235,40,5303,39162.4,742,9,1853.68,3,1,11.8,1,0,47.2,Medium
C0006236,39,5339,25850.19,724,8,2122.25,2,1,12.5,3,0,55.4,High
C0006237,40,4442,51495.37,679,11,1208.69,2,2,18.4,1,0,55.0,High
C0006238,24,4402,56233.7,647,14,2297.01,1,0,8.0,0,0,60.2,High
C0006239,27,4715,96108.97,730,11,2482.96,0,0,9.6,3,1,54.0,High
C0006240,35,4426,71901.25,611,8,473.55,1,3,6.5,4,1,65.7,High
C0006241,58,828,34611.46,699,10,3274.87,1,0,3.1,1,0,53.1,High
C0006242,42,4830,70704.93,609,10,4525.36,1,0,9.3,1,0,59.0,High
C0006243,35,1104,53915.04,687,7,1240.73,3,0,10.9,1,0,49.3,Medium
C0006244,59,3351,37076.37,611,6,1669.61,1,0,9.4,0,1,62.9,High
C0006245,64,2056,25865.38,660,8,3818.24,1,1,20.4,0,0,52.6,High
C0006246,60,1301,87424.56,639,10,1202.59,0,1,4.3,1,0,60.8,High
C0006247,30,1713,79253.6,630,4,3566.48,2,0,7.3,3,0,69.9,High
C0006248,35,534,84213.68,683,14,2649.59,0,1,11.7,0,0,58.9,High
C0006249,67,2654,41537.64,508,11,10035.57,2,1,13.7,0,1,74.0,High
C0006250,45,2531,68117.1,555,12,2024.12,2,0,17.4,1,0,66.4,High
C0006251,38,2438,29098.43,750,14,1555.01,1,0,9.5,2,1,45.8,Medium
C0006252,52,577,36035.83,701,11,2583.37,3,0,1.7,0,0,48.8,Medium
C0006253,56,3652,63161.0,636,9,2371.78,1,0,12.7,0,1,45.6,Medium
C0006254,34,1040,71623.88,763,8,6354.89,1,1,1.2,2,0,47.2,Medium
C0006255,45,5139,25312.15,642,12,6141.74,2,1,7.5,0,0,56.0,High
C0006256,55,172,34656.48,647,10,1369.22,2,2,24.9,0,0,51.0,High
C0006257,26,359,50712.29,631,5,1941.6,2,1,12.2,2,0,75.3,Very High
C0006258,42,1822,105037.74,833,11,1400.68,1,0,9.4,1,0,36.5,Medium
C0006259,26,2465,39643.53,708,13,1248.35,5,2,4.3,0,0,68.5,High
C0006260,28,5820,66983.8,705,5,264.21,1,0,8.5,0,0,45.7,Medium
C0006261,34,3166,70958.86,725,6,6594.26,0,1,14.0,1,0,51.2,High
C0006262,49,2292,54044.29,551,6,1422.96,1,1,5.3,4,0,76.5,Very High
C0006263,37,5030,71847.47,645,6,1646.23,5,0,8.9,0,0,78.6,Very High
C0006264,33,1468,29589.81,724,14,13317.22,0,0,24.9,1,0,29.8,Medium
C0006265,43,5385,43226.4,690,12,1451.11,0,0,7.4,1,0,59.1,High
C0006266,26,2438,136460.11,850,17,1953.18,1,0,10.4,2,0,28.9,Medium
C0006267,48,1896,141847.86,650,9,2617.2,4,1,14.5,2,0,66.9,High
C0006268,58,1828,98567.42,761,10,2740.7,4,1,8.8,1,0,59.6,High
C0006269,41,87,113562.13,750,6,1471.56,1,0,12.1,1,0,43.5,Medium
C0006270,39,4053,22711.77,701,15,4565.79,0,1,13.8,2,0,59.4,High
C0006271,47,3476,36794.62,714,12,2442.06,1,1,11.2,1,0,55.1,High
C0006272,18,3817,52249.41,668,12,2366.64,1,0,9.6,1,0,45.0,Medium
C0006273,50,3921,234097.44,542,12,1419.81,1,1,11.9,3,0,60.7,High
C0006274,85,193,52192.47,716,7,2020.97,0,0,4.2,1,0,56.5,High
C0006275,40,5269,93394.43,722,11,4145.48,0,0,6.4,0,0,51.3,High
C0006276,40,3082,76343.2,734,10,4154.37,2,0,6.6,2,0,43.6,Medium
C0006277,52,4157,75414.71,695,15,1664.52,0,1,6.6,1,0,47.3,Medium
C0006278,65,246,61202.78,763,6,1330.23,0,4,15.6,2,0,60.0,High
C0006279,56,4573,32044.2,625,11,3894.24,2,0,21.4,3,0,54.9,High
C0006280,18,4073,14034.16,800,9,2675.97,3,1,13.1,2,0,48.1,Medium
C0006281,50,2229,125480.17,616,11,3889.98,1,3,28.2,1,1,64.6,High
C0006282,78,5616,44170.65,682,7,1171.94,0,2,9.4,2,0,50.8,High
C0006283,51,3914,22202.88,741,14,2169.52,3,1,3.4,2,0,67.2,High
C0006284,26,5447,78886.72,651,11,3896.27,0,3,15.8,1,0,76.3,Very High
C0006285,46,4935,78059.28,746,13,1384.84,2,0,10.4,1,0,47.4,Medium
C0006286,24,1258,94582.75,664,7,7502.08,1,0,14.7,0,0,37.9,Medium
C0006287,59,5978,114523.27,699,4,6347.78,2,1,23.1,1,0,57.6,High
C0006288,29,4463,37400.79,676,12,1926.98,2,0,11.9,2,0,53.8,High
C0006289,43,1162,38317.03,647,12,1935.93,0,0,17.4,0,0,36.7,Medium
C0006290,30,4764,52031.41,850,11,2710.73,3,2,7.6,2,0,41.5,Medium
C0006291,34,2591,97420.48,627,5,2457.0,0,0,13.3,1,0,59.6,High
C0006292,63,5190,19505.24,519,7,4845.02,1,0,16.4,1,0,62.8,High
C0006293,43,1064,66529.66,630,11,1241.0,3,4,13.1,0,0,76.6,Very High
C0006294,34,1579,103523.78,700,13,1249.59,3,0,16.5,1,1,53.2,High
C0006295,26,2105,101200.68,662,16,2623.73,6,1,6.5,1,0,79.6,Very High
C0006296,18,2721,91546.15,766,14,3034.87,1,2,11.3,1,0,47.9,Medium
C0006297,24,3798,111250.53,764,5,2149.28,0,2,16.2,1,1,40.6,Medium
C0006298,44,1352,13683.41,666,12,3937.47,1,0,15.9,4,0,56.4,High
C0006299,56,4242,150587.18,564,10,5350.76,2,1,9.8,0,0,63.7,High
C0006300,34,175,74355.46,594,10,3575.48,1,0,16.1,0,0,69.0,High
C0006301,64,2006,129178.17,688,4,2800.37,3,1,10.8,1,0,67.8,High
C0006302,32,3964,32494.97,573,15,1911.13,1,1,19.8,3,0,76.0,Very High
C0006303,39,1611,23630.3,662,3,2309.94,3,0,12.1,3,0,62.1,High
C0006304,27,2605,165611.07,797,11,905.19,0,2,2.4,4,0,54.8,High
C0006305,56,3648,37246.11,716,8,1015.36,1,1,4.4,1,0,59.6,High
C0006306,71,1511,52256.67,693,4,4985.95,1,1,5.4,1,0,63.5,High
C0006307,18,5787,82866.79,612,12,6877.85,1,0,14.6,0,0,47.5,Medium
C0006308,37,5087,94842.92,704,9,905.21,2,0,5.9,0,0,58.4,High
C0006309,60,5827,112197.8,671,8,3138.32,1,1,13.4,2,0,57.8,High
C0006310,22,2989,70105.19,708,13,816.67,1,0,5.4,2,0,75.7,Very High
C0006311,50,2080,34718.21,745,11,6421.41,1,0,10.3,1,0,41.6,Medium
C0006312,59,5968,91449.08,757,6,2176.28,3,0,5.9,1,0,59.5,High
C0006313,43,4379,92253.5,700,6,11313.39,2,0,3.4,0,0,45.4,Medium
C0006314,50,4766,22848.04,728,15,1454.48,1,1,20.2,1,0,48.5,Medium
C0006315,67,1120,135288.7,652,8,1579.53,0,1,4.3,1,0,51.8,High
C0006316,69,5219,15787.88,775,7,2852.48,1,0,3.2,3,0,65.1,High
C0006317,41,3182,109515.16,623,7,3958.5,2,0,2.9,0,0,67.2,High
C0006318,35,4646,43744.85,674,13,3727.59,1,1,7.5,2,1,53.0,High
C0006319,29,4955,91392.61,783,10,4143.56,2,0,5.0,1,0,51.0,High
C0006320,56,662,82083.84,654,12,1899.42,2,0,12.7,0,0,57.7,High
C0006321,23,621,60746.96,589,8,4174.71,0,0,5.9,2,0,65.1,High
C0006322,38,418,79458.27,659,18,9334.93,0,1,13.0,1,0,49.2,Medium
C0006323,43,3868,59121.08,794,11,3703.38,1,2,15.3,1,0,37.6,Medium
C0006324,35,5493,91817.91,520,9,1292.74,1,0,9.2,2,0,65.0,High
C0006325,46,209,206238.62,698,13,2903.68,1,1,24.8,1,0,37.0,Medium
C0006326,78,855,29649.73,642,18,616.28,1,0,10.3,3,0,61.5,High
C0006327,40,2930,12000.0,677,13,3472.91,1,0,4.4,2,0,52.7,High
C0006328,36,2365,49329.07,664,16,744.25,4,0,7.6,2,1,61.5,High
C0006329,56,644,47509.05,762,9,3509.04,2,1,11.3,1,0,51.1,High
C0006330,45,3671,50373.83,694,6,2143.07,1,2,4.4,1,0,72.5,High
C0006331,62,5435,37247.8,766,7,4227.36,2,2,19.9,2,0,57.1,High
C0006332,44,1295,100180.46,786,12,2270.49,0,0,8.7,3,0,37.7,Medium
C0006333,39,46,29003.11,692,13,5512.96,0,0,1.9,2,0,53.4,High
C0006334,18,1374,79444.66,663,8,3191.79,0,1,16.0,5,0,59.5,High
C0006335,19,1132,88083.96,718,10,4501.97,1,2,21.8,1,0,50.1,High
C0006336,18,2813,73787.6,733,2,1713.94,2,0,7.7,0,0,53.4,High
C0006337,47,670,81049.75,604,4,1656.29,0,2,4.0,0,0,65.3,High
C0006338,23,2184,104504.63,708,9,889.11,1,0,14.4,0,0,45.3,Medium
C0006339,60,743,63853.75,671,15,1050.26,5,1,6.6,3,0,86.1,Very High
C0006340,42,4069,51242.09,658,10,2343.08,0,0,15.6,0,0,54.9,High
C0006341,39,2831,81015.31,638,9,2295.72,1,0,6.4,1,0,52.5,High
C0006342,30,478,86257.4,643,9,2857.03,2,1,15.5,0,0,53.0,High
C0006343,51,290,101135.27,784,6,1405.77,2,0,4.8,0,0,47.8,Medium
C0006344,31,2947,24174.98,663,5,2457.37,2,1,25.8,1,0,57.1,High
C0006345,28,3563,56047.08,776,15,5279.04,0,2,9.4,0,0,44.9,Medium
C0006346,59,1070,34507.68,700,6,2916.65,0,0,29.8,3,0,35.8,Medium
C0006347,47,1961,84408.24,605,10,2258.08,1,2,12.4,1,0,63.4,High
C0006348,39,3652,92464.47,704,7,2649.63,1,0,5.7,4,0,62.0,High
C0006349,51,2842,53314.45,601,12,4938.43,1,2,6.3,0,0,68.5,High
C0006350,42,723,41514.26,736,11,2463.56,0,0,33.6,1,0,15.1,Low
C0006351,47,2365,86096.12,674,13,1569.72,2,0,5.3,1,0,47.4,Medium
C0006352,31,1209,57618.93,754,8,1579.9,0,0,2.7,3,0,48.7,Medium
C0006353,71,5562,135868.98,798,9,1544.62,0,0,3.7,3,0,38.9,Medium
C0006354,34,4829,164392.78,560,8,1519.65,0,2,11.4,1,0,79.8,Very High
C0006355,64,1892,107503.72,655,14,3675.75,2,0,12.4,0,0,51.4,High
C0006356,39,1433,70463.58,599,8,6644.77,1,0,14.7,2,0,64.4,High
C0006357,53,833,169220.16,850,12,1686.87,2,1,5.6,3,0,46.1,Medium
C0006358,52,4430,70776.75,657,12,1223.91,1,2,4.3,0,0,66.8,High
C0006359,58,5511,47635.47,591,11,963.44,1,0,26.7,0,0,60.8,High
C0006360,30,1660,42764.02,850,12,6757.4,1,1,15.2,2,0,41.8,Medium
C0006361,57,3849,42106.77,636,13,4123.33,0,0,4.2,1,0,57.4,High
C0006362,68,1433,61783.17,568,9,1413.12,0,0,7.9,0,1,53.5,High
C0006363,38,5504,79984.44,603,8,2410.05,1,1,7.5,1,0,62.9,High
C0006364,42,1815,28468.5,701,9,5476.11,0,0,5.9,0,0,49.2,Medium
C0006365,35,603,48435.12,693,7,2110.78,1,3,13.7,1,0,64.9,High
C0006366,37,5289,69700.15,627,15,3854.23,0,0,3.2,2,1,59.7,High
C0006367,66,5674,88334.33,654,14,1987.71,3,1,30.4,2,0,62.9,High
C0006368,28,2401,61122.31,694,8,1815.6,1,2,22.5,0,0,59.9,High
C0006369,29,5446,70924.35,789,11,393.26,1,1,9.8,0,0,41.8,Medium
C0006370,65,1485,31372.98,715,18,1691.27,2,0,6.2,2,1,57.4,High
C0006371,51,1647,37549.19,648,11,1552.67,1,0,12.8,2,0,55.6,High
C0006372,72,3233,59958.96,673,13,3085.54,3,2,6.1,0,0,72.9,High
C0006373,36,3614,82099.96,748,10,2587.75,4,0,2.1,1,0,59.7,High
C0006374,44,2332,70411.12,816,12,2501.8,2,0,11.9,1,0,35.6,Medium
C0006375,33,4803,38872.26,607,14,4086.1,1,0,17.7,0,0,57.0,High
C0006376,44,4747,54435.98,774,7,481.49,3,1,9.4,2,0,61.2,High
C0006377,18,752,142400.78,667,11,2130.34,2,1,10.8,2,0,59.4,High
C0006378,52,5942,83636.2,568,12,1028.5,1,1,4.2,1,0,74.1,High
C0006379,47,980,56698.13,553,9,975.25,3,1,15.2,0,1,74.3,High
C0006380,41,3173,35266.17,790,10,1821.36,3,1,10.4,0,0,56.9,High
C0006381,37,2555,41878.82,799,8,2231.17,1,1,8.1,2,0,40.3,Medium
C0006382,29,2726,62225.14,647,9,3049.53,0,2,10.7,2,0,74.5,High
C0006383,52,796,72161.4,674,13,2920.8,2,1,7.6,1,0,56.6,High
C0006384,26,2077,84622.0,556,11,1285.61,1,2,9.7,1,0,70.2,High
C0006385,49,211,76747.93,747,14,1935.55,2,0,23.8,0,0,37.4,Medium
C0006386,71,5840,50577.38,688,11,5598.79,1,0,10.8,0,0,45.7,Medium
C0006387,63,888,46806.72,574,15,6280.81,2,0,16.0,2,1,59.1,High
C0006388,21,2915,191134.67,705,11,1802.14,2,1,11.2,0,0,43.3,Medium
C0006389,34,1319,45653.37,586,9,2336.87,2,0,15.5,3,0,66.4,High
C0006390,48,1092,30468.62,732,11,1228.6,0,0,11.2,0,0,52.7,High
C0006391,41,2359,25174.71,609,13,4289.6,1,0,17.3,1,0,62.8,High
C0006392,22,5816,51053.83,715,11,9913.21,2,1,10.7,0,0,51.7,High
C0006393,47,2884,103972.4,641,14,1553.64,1,1,9.0,1,0,67.3,High
C0006394,42,5766,45166.84,513,5,4725.63,2,1,9.0,0,0,71.0,High
C0006395,69,4967,139737.74,765,10,3551.1,3,0,6.1,1,0,43.8,Medium
C0006396,38,2631,61752.2,769,17,1972.67,0,0,9.4,0,0,50.9,High
C0006397,58,5410,114136.07,651,7,1399.35,1,0,14.8,2,0,63.5,High
C0006398,24,2108,40869.65,711,14,11016.7,0,1,8.8,1,0,65.4,High
C0006399,28,3023,41219.65,723,13,3619.92,0,3,9.0,2,0,43.0,Medium
C0006400,52,4092,65183.71,725,14,4102.32,3,1,4.0,2,0,64.5,High
C0006401,57,3548,80845.46,819,9,1917.34,3,0,24.0,1,0,51.5,High
C0006402,29,4978,56188.26,721,14,2288.99,0,1,15.5,1,0,50.8,High
C0006403,42,1002,72819.98,663,12,997.55,2,1,15.9,1,0,59.4,High
C0006404,23,3006,85695.62,722,14,3607.55,2,0,16.6,0,0,47.6,Medium
C0006405,39,3998,28384.87,658,5,1724.63,4,0,13.0,1,0,65.9,High
C0006406,54,2004,51399.0,610,10,1128.87,4,0,7.9,1,1,71.7,High
C0006407,36,5205,46612.05,781,7,1262.07,5,2,8.9,1,0,81.3,Very High
C0006408,39,1829,47873.74,730,11,10541.85,5,0,9.5,2,1,70.4,High
C0006409,26,1827,77549.55,550,6,1813.21,2,1,2.8,2,0,78.5,Very High
C0006410,33,1979,46969.58,639,12,2794.88,2,0,4.5,3,0,65.1,High
C0006411,67,4068,20580.45,747,3,1011.8,2,0,8.9,2,0,54.4,High
C0006412,43,734,54437.28,573,19,1945.57,1,1,1.3,0,0,55.9,High
C0006413,28,882,34525.94,634,11,902.69,4,0,6.1,0,0,66.3,High
C0006414,38,4678,81460.4,850,12,2801.49,4,0,11.2,0,0,47.2,Medium
C0006415,20,1267,96569.96,665,5,1217.28,0,1,19.5,2,0,54.1,High
C0006416,28,656,18745.96,771,9,3695.99,2,1,6.5,1,0,43.4,Medium
C0006417,61,1604,40500.19,803,9,687.39,0,1,11.5,1,0,35.8,Medium
C0006418,40,2407,75300.71,622,8,1458.79,0,2,6.6,3,0,70.9,High
C0006419,68,227,28567.02,710,14,4727.2,2,0,3.7,2,0,55.3,High
C0006420,41,5014,95354.15,844,10,5959.34,0,0,1.9,1,0,53.3,High
C0006421,41,731,110416.38,724,11,2208.57,1,0,8.3,2,0,56.4,High
C0006422,51,2442,56714.27,850,14,1709.23,0,1,18.5,0,0,29.0,Medium
C0006423,18,1236,40507.33,642,11,2373.05,1,0,5.2,1,0,53.0,High
C0006424,45,1789,17397.42,825,6,8349.94,3,2,4.7,1,0,44.7,Medium
C0006425,41,300,97013.32,691,13,1847.75,2,0,14.6,3,0,58.1,High
C0006426,63,5691,186518.37,665,10,2204.95,0,0,19.1,1,0,53.0,High
C0006427,56,5626,166457.92,738,10,1109.68,1,1,6.8,0,0,57.4,High
C0006428,26,785,55695.48,682,8,1416.19,2,0,16.5,2,0,57.5,High
C0006429,59,1207,33993.27,684,16,2929.56,0,1,8.6,0,0,37.2,Medium
C0006430,38,5312,98280.7,726,10,3931.34,0,0,7.6,0,0,45.1,Medium
C0006431,29,2507,57821.26,554,12,2677.85,2,3,10.9,2,0,90.4,Very High
C0006432,45,400,80649.03,630,8,3775.0,3,1,5.9,1,0,65.1,High
C0006433,39,841,73233.12,744,9,1148.12,1,0,16.5,2,0,40.8,Medium
C0006434,64,2498,65253.93,764,14,1076.49,1,2,12.5,4,0,61.3,High
C0006435,47,3360,109160.25,717,13,3687.04,3,1,8.6,2,1,66.7,High
C0006436,45,3801,111413.87,711,12,1614.38,2,2,4.0,2,0,64.1,High
C0006437,55,944,46509.48,720,10,1025.33,1,2,8.7,1,0,65.9,High
C0006438,57,2239,37316.01,762,7,2510.05,1,0,14.8,1,0,40.0,Medium
C0006439,53,1588,15683.68,583,13,2326.26,0,1,20.7,1,0,67.6,High
C0006440,62,3221,51251.54,652,8,1944.6,2,0,6.7,0,0,56.7,High
C0006441,51,1949,33981.14,684,13,6171.94,2,1,8.8,1,0,56.9,High
C0006442,44,1247,78076.78,705,8,7440.84,2,0,12.8,0,0,45.5,Medium
C0006443,59,4896,51542.54,532,7,4105.45,4,1,4.2,2,1,94.9,Very High
C0006444,41,3427,54710.12,596,11,2908.48,1,0,4.1,2,0,68.7,High
C0006445,42,2859,96903.51,689,16,5395.25,1,0,7.0,1,0,60.3,High
C0006446,66,833,77140.19,766,13,2437.61,0,0,13.6,0,0,46.2,Medium
C0006447,65,452,58145.87,659,14,1939.66,3,1,1.9,0,0,56.2,High
C0006448,42,4782,156752.56,640,17,1505.47,2,0,8.2,0,0,51.8,High
C0006449,36,5812,93048.07,730,10,1323.13,0,0,18.4,1,0,36.5,Medium
C0006450,62,3515,49324.01,665,14,4021.57,0,0,10.9,0,0,41.4,Medium
C0006451,53,263,50549.1,756,12,828.82,1,1,8.0,1,0,43.0,Medium
C0006452,46,2907,95654.55,673,9,1495.06,0,0,34.6,0,0,39.5,Medium
C0006453,37,1702,69317.65,606,11,1748.14,2,1,8.1,3,0,60.3,High
C0006454,47,356,33464.88,797,10,881.31,0,1,13.9,0,0,36.6,Medium
C0006455,42,880,101415.55,783,6,1705.82,0,3,11.6,0,0,54.5,High
C0006456,33,3013,123793.16,618,10,2338.23,1,0,6.9,1,0,68.4,High
C0006457,44,2578,118735.49,720,11,4289.54,2,1,6.1,1,0,66.1,High
C0006458,46,3394,144842.41,665,12,1583.35,2,0,10.8,1,0,52.6,High
C0006459,37,4169,193483.72,736,10,2348.8,3,0,3.7,1,0,41.3,Medium
C0006460,55,1616,160551.03,624,17,832.94,2,1,4.5,0,0,63.3,High
C0006461,60,1739,74776.1,755,10,997.74,2,3,30.6,2,0,43.6,Medium
C0006462,56,4075,55284.86,780,9,638.34,1,1,4.2,2,0,47.1,Medium
C0006463,38,1206,22665.72,619,6,4156.74,2,0,21.6,1,0,61.3,High
C0006464,53,488,62371.7,695,7,1777.75,1,0,5.7,2,0,47.3,Medium
C0006465,43,5125,82488.53,781,12,2539.79,1,2,6.4,1,1,60.5,High
C0006466,25,1275,63503.08,615,8,3091.73,1,1,10.1,1,0,78.4,Very High
C0006467,51,751,21946.61,640,13,3720.9,1,1,20.0,0,0,75.9,Very High
C0006468,44,4433,52957.66,740,8,8100.59,1,0,13.2,2,0,37.8,Medium
C0006469,78,3205,88417.24,678,6,2141.69,1,1,4.6,0,0,71.7,High
C0006470,62,908,35264.65,572,7,1385.35,1,0,27.5,1,0,61.3,High
C0006471,52,5107,67915.52,666,12,3463.86,0,0,11.9,1,0,47.5,Medium
C0006472,45,1495,78612.38,821,13,10219.93,1,1,13.5,2,0,39.3,Medium
C0006473,44,4065,114665.2,845,9,1549.59,3,0,7.6,1,0,39.6,Medium
C0006474,28,3915,159025.94,642,9,1312.22,0,3,10.4,0,0,55.1,High
C0006475,18,4982,50366.69,622,15,418.0,1,0,1.4,1,0,58.9,High
C0006476,30,4381,68593.72,656,5,573.98,2,1,10.9,5,0,73.9,High
C0006477,41,4227,69785.23,825,10,5534.79,2,1,30.4,1,0,35.7,Medium
C0006478,18,337,88614.06,753,13,1965.34,2,1,12.2,1,0,53.9,High
C0006479,34,5630,83321.46,800,13,1050.12,0,1,16.8,0,0,42.2,Medium
C0006480,39,785,135759.84,765,8,2204.35,2,0,7.6,1,0,47.0,Medium
C0006481,39,1543,17200.2,591,8,11932.92,0,0,9.0,0,0,52.8,High
C0006482,33,2693,78026.3,619,8,2206.0,1,1,11.2,3,0,66.8,High
C0006483,37,1751,81061.69,638,8,7637.04,1,0,13.5,2,0,63.6,High
C0006484,66,3568,54475.89,651,18,1196.56,1,0,8.3,1,0,53.6,High
C0006485,51,345,17848.67,639,9,5683.96,1,0,10.3,0,0,56.7,High
C0006486,34,2739,59954.53,648,10,1527.69,2,0,3.4,4,0,69.9,High
C0006487,41,2116,41943.6,738,8,1334.02,1,0,13.1,1,0,50.0,Medium
C0006488,42,3893,156024.0,700,5,1194.51,1,1,5.4,1,0,57.4,High
C0006489,31,3133,76213.96,781,7,1782.29,3,0,3.2,2,0,54.5,High
C0006490,31,4543,40029.54,709,5,4148.69,2,0,20.8,0,0,44.7,Medium
C0006491,56,1011,20049.01,639,7,1608.58,0,1,3.4,0,0,53.8,High
C0006492,36,5698,85796.15,704,13,4409.38,1,0,10.6,2,0,61.7,High
C0006493,27,2371,90923.31,577,12,1380.12,4,0,3.9,0,0,72.4,High
C0006494,41,2118,55061.85,517,14,2085.72,2,2,2.7,6,1,83.0,Very High
C0006495,44,3303,86414.54,738,5,1558.1,1,2,8.5,2,0,67.5,High
C0006496,18,1003,51192.12,766,14,7143.55,0,3,6.7,1,0,50.1,High
C0006497,41,4892,111508.72,695,5,3079.75,2,0,12.7,1,0,51.4,High
C0006498,54,1606,107030.2,661,10,2646.39,0,2,19.5,2,1,54.8,High
C0006499,48,5566,25171.83,589,8,1835.27,1,1,13.2,0,0,63.6,High
C0006500,73,914,28782.83,778,16,1506.19,2,0,10.6,3,0,56.6,High
C0006501,60,5189,189490.58,727,10,1143.59,0,0,9.7,0,0,36.7,Medium
C0006502,62,2383,103528.03,712,11,5195.27,3,2,15.3,2,0,62.8,High
C0006503,81,3655,30963.99,690,11,770.3,0,1,25.4,2,0,42.1,Medium
C0006504,53,5239,26138.92,655,11,1738.37,3,1,4.9,0,0,70.6,High
C0006505,44,800,69505.72,607,5,3904.45,1,1,9.6,3,0,60.1,High
C0006506,56,2101,33077.75,709,9,740.44,1,0,17.8,0,0,52.7,High
C0006507,34,5691,52088.56,650,9,2470.29,1,0,5.4,0,0,55.9,High
C0006508,44,918,60408.56,658,12,1249.28,2,0,8.5,1,0,60.0,High
C0006509,33,644,58991.49,819,11,2238.43,1,1,7.4,0,0,35.9,Medium
C0006510,48,3150,115206.99,686,9,1971.7,1,0,15.4,0,0,44.2,Medium
C0006511,33,177,170076.84,506,7,508.03,1,2,11.9,2,1,78.8,Very High
C0006512,32,5951,47642.71,650,11,3330.58,0,2,15.0,2,0,60.6,High
C0006513,48,5425,33290.49,615,9,1157.64,1,2,7.1,1,0,73.9,High
C0006514,40,1153,76784.27,680,10,1540.03,0,1,16.1,1,0,59.9,High
C0006515,18,1061,152086.35,583,11,2273.69,2,2,16.8,1,0,77.5,Very High
C0006516,22,4673,49668.26,723,13,2808.54,1,1,14.0,0,0,43.4,Medium
C0006517,26,3138,98971.48,668,13,2942.49,1,1,6.6,1,0,70.8,High
C0006518,30,4945,39122.97,654,13,3678.56,3,0,19.1,2,0,64.8,High
C0006519,48,5806,62729.61,701,11,442.42,2,1,1.9,1,0,59.2,High
C0006520,45,2425,32722.61,684,8,3010.96,2,1,18.3,0,0,49.3,Medium
C0006521,57,1545,62370.48,680,9,2215.74,4,1,17.5,0,0,57.2,High
C0006522,53,3728,58153.39,673,9,1535.34,1,0,7.5,0,0,58.4,High
C0006523,57,3821,86626.17,688,10,2609.46,2,0,13.1,0,0,56.1,High
C0006524,51,2611,164855.32,716,8,4002.08,1,0,5.1,0,0,45.2,Medium
C0006525,45,1815,50060.98,706,9,1244.46,1,0,7.8,0,0,53.0,High
C0006526,57,1596,20641.08,775,10,5472.58,1,1,12.1,0,1,40.0,Medium
C0006527,55,3143,55477.48,649,6,4634.69,0,3,2.2,2,0,68.2,High
C0006528,47,2573,73094.94,708,1,2798.4,2,0,8.8,0,0,64.0,High
C0006529,60,2761,69281.61,850,12,993.46,2,2,4.4,2,0,44.6,Medium
C0006530,18,598,56857.71,687,9,8928.03,0,2,2.5,1,0,59.6,High
C0006531,38,5288,140523.9,690,12,2646.75,0,0,8.2,0,0,48.8,Medium
C0006532,38,4250,66823.34,595,6,2422.66,4,0,6.2,0,0,67.6,High
C0006533,58,5516,58527.48,637,13,2368.62,0,0,4.6,0,0,57.1,High
C0006534,64,4980,40422.88,682,12,3150.7,2,0,29.8,2,1,33.0,Medium
C0006535,22,3724,23722.96,730,8,4018.73,1,1,13.2,3,0,54.6,High
C0006536,62,1865,74307.5,739,8,2164.35,1,0,7.2,1,0,51.9,High
C0006537,26,3934,70959.85,714,6,980.84,1,0,10.0,2,0,45.3,Medium
C0006538,26,3411,34622.46,750,10,4310.97,1,0,5.0,2,0,55.0,High
C0006539,39,5545,60505.22,615,5,1294.99,3,1,15.2,1,0,63.7,High
C0006540,38,1415,57283.7,727,8,1144.95,0,0,10.8,1,0,46.7,Medium
C0006541,20,183,43976.66,691,9,2110.78,1,1,11.5,2,1,50.0,Medium
C0006542,51,790,40077.44,699,13,1635.89,1,2,5.2,0,0,52.2,High
C0006543,52,1075,77472.99,663,14,2816.43,2,2,9.3,4,0,65.7,High
C0006544,57,3991,54758.79,619,9,3186.84,0,0,10.4,2,0,48.5,Medium
C0006545,36,905,44794.61,599,5,1620.79,3,1,7.9,0,0,63.8,High
C0006546,41,830,38598.55,714,13,2380.44,1,0,20.3,0,0,49.6,Medium
C0006547,42,2400,57722.24,727,6,1604.79,1,2,8.1,1,0,61.3,High
C0006548,66,4698,103089.79,680,10,3621.51,2,1,12.2,0,1,47.6,Medium
C0006549,18,2564,69462.46,689,9,3025.64,2,1,7.3,0,0,65.0,High
C0006550,29,1652,54419.21,636,7,3507.21,0,0,2.9,1,0,65.8,High
C0006551,42,1728,73464.63,728,10,1828.94,3,0,8.8,2,0,59.5,High
C0006552,27,4916,131308.06,695,7,2602.23,4,1,7.6,1,0,64.7,High
C0006553,38,2616,81195.68,663,11,3064.83,2,1,13.9,0,1,50.3,High
C0006554,40,2229,71539.16,755,9,3579.47,3,0,13.4,3,0,68.3,High
C0006555,33,4647,88087.06,738,10,3384.84,1,0,19.7,1,0,37.5,Medium
C0006556,43,2231,56839.23,575,6,2031.2,0,0,6.4,1,0,58.0,High
C0006557,51,2159,68605.43,694,15,1042.01,0,0,16.7,0,0,28.3,Medium
C0006558,39,4510,47380.41,618,14,3048.11,3,1,4.9,1,0,79.1,Very High
C0006559,36,1984,26425.52,700,13,2951.39,1,1,13.6,1,0,48.4,Medium
C0006560,40,3076,74865.57,454,8,1076.32,0,0,5.3,1,0,59.0,High
C0006561,42,3997,75024.03,705,12,3814.49,0,1,4.8,1,0,47.7,Medium
C0006562,18,1229,52925.87,743,12,2435.1,0,0,9.8,2,0,48.9,Medium
C0006563,48,796,109599.85,682,8,2023.19,3,0,5.2,0,0,60.3,High
C0006564,36,5106,41689.64,603,7,2527.45,1,1,9.1,1,0,64.6,High
C0006565,60,1803,23403.2,837,11,4029.55,0,1,11.0,2,0,43.0,Medium
C0006566,50,2060,42254.91,777,10,6058.69,1,1,3.9,2,0,52.5,High
C0006567,58,3550,26565.62,650,7,2124.64,2,0,3.5,1,0,68.6,High
C0006568,28,643,74668.21,670,8,1894.03,4,1,8.6,1,1,75.2,Very High
C0006569,37,302,40996.7,541,12,3265.84,2,0,7.0,1,0,65.2,High
C0006570,25,2513,106560.56,726,13,920.75,2,1,9.7,1,1,62.6,High
C0006571,32,5810,105343.21,587,10,3853.44,1,1,17.8,0,0,58.3,High
C0006572,60,3456,37277.82,740,17,911.98,1,0,29.7,3,0,45.5,Medium
C0006573,63,3483,39752.61,767,7,900.44,0,0,18.0,1,0,35.4,Medium
C0006574,26,3671,83185.76,685,11,6038.16,5,2,10.2,0,0,84.0,Very High
C0006575,36,5169,106276.72,610,13,568.19,1,2,13.1,0,0,54.8,High
C0006576,41,5018,20495.25,784,8,5145.69,1,1,9.2,2,0,51.8,High
C0006577,50,174,72388.93,690,4,6063.45,2,1,12.8,1,0,60.0,High
C0006578,18,3262,18512.75,697,13,2743.33,3,0,8.3,0,0,57.3,High
C0006579,20,3293,45853.45,620,6,3261.5,2,2,10.8,0,0,58.6,High
C0006580,49,1365,113142.22,704,8,790.8,0,0,5.2,0,0,37.6,Medium
C0006581,18,5851,324572.18,675,8,1597.41,1,1,6.5,1,0,59.8,High
C0006582,36,1592,54368.3,590,8,2777.22,0,0,8.8,2,0,52.5,High
C0006583,44,5008,31225.05,790,5,2725.13,0,1,17.5,1,0,53.3,High
C0006584,48,632,46745.3,822,6,2936.7,1,2,9.3,1,0,49.2,Medium
C0006585,40,3622,64294.41,766,12,2724.18,2,2,9.3,0,0,60.1,High
C0006586,37,4423,42884.12,755,8,2230.26,1,0,10.2,1,0,37.2,Medium
C0006587,54,3039,37280.91,822,10,994.31,1,0,8.6,0,0,42.3,Medium
C0006588,46,662,49026.79,611,15,2765.64,1,0,12.1,1,0,71.0,High
C0006589,33,769,77069.06,611,15,1050.75,2,0,10.4,2,0,66.4,High
C0006590,43,3646,56484.12,659,10,1735.58,3,0,8.6,2,0,69.4,High
C0006591,47,5179,38177.75,712,6,5437.69,1,1,11.7,1,0,53.0,High
C0006592,66,3593,42888.34,668,10,795.83,3,2,8.1,0,0,62.7,High
C0006593,53,631,49378.36,614,10,2029.25,1,4,8.8,1,0,76.2,Very High
C0006594,59,4719,35782.18,690,10,3868.27,1,1,22.4,1,0,57.6,High
C0006595,33,2771,42022.48,683,10,3332.18,2,1,7.7,1,0,57.0,High
C0006596,35,475,88334.8,753,12,2683.48,2,1,7.5,2,1,64.2,High
C0006597,39,2226,54623.15,693,8,1416.55,2,1,2.8,0,0,55.6,High
C0006598,40,1241,23634.71,547,13,5157.74,1,1,6.5,0,1,68.5,High
C0006599,28,5918,108946.42,719,15,992.89,2,0,8.4,0,0,52.3,High
C0006600,60,5460,77970.48,809,6,3451.69,1,1,7.2,1,0,36.9,Medium
C0006601,54,663,28974.36,692,16,2430.09,0,0,11.2,0,0,34.4,Medium
C0006602,38,3446,50712.68,764,10,1319.31,1,1,6.3,1,0,52.1,High
C0006603,51,72,40104.16,652,9,1708.35,2,0,13.5,1,0,63.4,High
C0006604,45,2762,89966.06,732,9,7139.85,1,1,3.1,0,0,47.9,Medium
C0006605,52,960,50538.01,634,6,1033.63,1,0,6.1,2,1,61.8,High
C0006606,23,4493,59567.44,672,12,700.84,1,1,9.5,1,0,45.4,Medium
C0006607,40,460,55872.79,672,7,1453.23,1,0,9.1,2,0,45.1,Medium
C0006608,41,5418,27469.06,726,12,2877.37,2,2,9.7,1,0,50.9,High
C0006609,51,1409,134303.52,628,13,5550.79,0,0,1.7,2,0,56.8,High
C0006610,33,1600,89247.72,580,7,2236.47,1,0,10.9,1,0,59.8,High
C0006611,18,5317,41102.68,725,8,763.31,1,1,6.9,1,0,55.9,High
C0006612,27,5411,68900.16,722,11,2341.02,1,0,10.5,1,0,40.2,Medium
C0006613,41,603,105942.79,698,10,3837.5,2,0,0.9,0,0,70.6,High
C0006614,43,678,63930.21,760,12,2709.6,1,0,10.8,1,0,43.3,Medium
C0006615,66,5124,145962.42,675,6,3032.57,3,0,22.6,0,0,56.1,High
C0006616,50,5866,308571.12,711,16,651.59,2,0,10.1,4,0,73.1,High
C0006617,43,2947,57845.02,664,5,919.5,0,1,24.3,0,0,44.7,Medium
C0006618,42,1014,45003.62,671,10,2016.58,1,0,7.0,1,0,44.7,Medium
C0006619,57,941,35979.86,716,12,4596.19,0,1,14.7,3,0,41.5,Medium
C0006620,34,1619,18350.71,850,9,1316.96,0,1,4.1,0,0,49.6,Medium
C0006621,40,4121,123175.99,746,16,2513.12,0,0,8.7,1,0,38.2,Medium
C0006622,27,606,51045.27,731,7,2451.04,0,0,13.7,1,0,36.9,Medium
C0006623,62,3859,100341.57,748,8,1117.06,2,0,8.2,1,0,50.4,High
C0006624,47,4827,112076.66,514,7,1363.29,2,1,15.0,0,1,75.2,Very High
C0006625,32,887,34212.83,714,5,2164.26,2,1,2.8,1,0,71.6,High
C0006626,40,5905,37158.28,758,11,1734.65,2,2,6.4,1,0,55.6,High
C0006627,49,5924,161856.83,696,10,3750.31,0,0,6.5,1,0,52.1,High
C0006628,38,1802,59656.23,687,9,1673.55,1,1,3.7,2,0,57.0,High
C0006629,35,699,43119.54,620,10,3915.96,5,2,6.0,2,1,86.3,Very High
C0006630,33,1973,34893.1,657,15,1738.99,4,1,5.2,0,0,70.9,High
C0006631,47,1572,57359.23,627,19,2234.49,0,0,9.5,1,0,55.1,High
C0006632,37,1695,142092.22,765,12,3700.24,1,1,9.7,2,0,64.0,High
C0006633,36,5551,90389.24,803,9,2051.93,1,0,14.1,2,0,51.4,High
C0006634,23,954,68518.49,835,10,1667.77,2,2,12.6,1,0,39.7,Medium
C0006635,43,1922,148535.04,626,7,2103.25,4,0,8.6,1,0,67.2,High
C0006636,39,4731,133594.72,640,9,3931.73,0,1,34.1,1,0,41.8,Medium
C0006637,37,373,74507.63,634,8,2729.27,0,2,13.5,0,0,69.7,High
C0006638,45,392,285430.97,614,12,545.77,2,0,30.4,1,0,48.7,Medium
C0006639,52,1832,54111.77,615,4,1375.87,1,0,2.4,2,0,72.2,High
C0006640,52,5807,113414.59,651,9,1383.61,3,0,1.6,2,0,76.9,Very High
C0006641,50,5041,49948.19,756,15,3214.72,1,0,10.9,1,0,35.8,Medium
C0006642,39,5566,101870.36,636,12,633.11,1,2,11.1,1,0,52.5,High
C0006643,34,5188,54083.08,769,5,2638.71,0,2,6.5,0,0,33.1,Medium
C0006644,27,737,79908.88,793,6,3326.33,3,0,6.4,2,0,58.1,High
C0006645,34,2423,230836.38,711,7,3326.64,1,0,9.3,2,0,56.1,High
C0006646,42,3191,104653.29,782,11,2082.18,3,0,3.6,1,0,54.9,High
C0006647,31,1024,80591.81,588,9,769.6,1,0,18.7,2,0,68.9,High
C0006648,43,5957,40489.71,648,7,1861.29,2,1,11.1,3,0,62.0,High
C0006649,28,3630,68762.61,704,4,5734.15,2,1,14.5,1,0,54.6,High
C0006650,19,5120,35613.79,707,8,1493.53,2,1,5.3,0,0,73.8,High
C0006651,53,1574,100984.94,797,10,9079.32,1,0,5.7,0,0,43.5,Medium
C0006652,35,4299,99600.49,615,6,3727.38,0,0,11.2,0,0,40.7,Medium
C0006653,30,662,56167.31,650,10,2004.7,1,0,9.7,0,0,59.8,High
C0006654,27,164,154791.18,684,12,2547.68,0,1,15.8,1,0,62.4,High
C0006655,48,3854,143269.46,651,15,2806.13,1,1,8.7,0,0,51.6,High
C0006656,61,438,67318.83,612,14,1511.8,5,0,12.6,3,0,85.8,Very High
C0006657,36,1678,84619.56,654,8,1681.12,2,0,7.8,1,0,59.4,High
C0006658,39,4770,44857.15,672,8,8044.34,0,1,22.9,1,0,46.0,Medium
C0006659,57,3001,53379.94,799,14,5801.24,1,0,4.9,2,0,40.7,Medium
C0006660,18,2277,34268.62,613,14,1721.0,1,0,2.0,2,0,66.2,High
C0006661,70,1764,47657.93,751,11,1326.06,2,2,4.5,0,0,51.0,High
C0006662,76,4020,58540.6,785,8,781.06,3,1,13.2,0,1,47.3,Medium
C0006663,18,5727,24876.72,652,11,8937.27,0,1,19.0,1,0,59.4,High
C0006664,41,4442,85147.25,709,17,4281.26,1,1,6.0,0,0,55.6,High
C0006665,32,2172,108777.55,733,9,4946.29,0,1,15.7,2,1,51.8,High
C0006666,38,2550,61730.59,721,9,1545.36,1,3,9.2,2,0,57.7,High
C0006667,36,645,14064.46,696,9,1480.62,0,1,12.2,2,0,51.1,High
C0006668,53,885,53946.26,639,6,1208.63,2,2,7.4,0,0,71.2,High
C0006669,40,1631,28811.42,740,11,282.09,0,0,3.7,0,0,45.0,Medium
C0006670,29,2338,44338.08,662,7,1246.07,2,1,17.1,0,0,63.3,High
C0006671,40,5941,137785.67,692,9,2707.95,2,1,13.5,1,0,58.5,High
C0006672,49,5230,16251.32,703,12,2585.49,1,0,14.3,0,0,37.9,Medium
C0006673,25,704,39572.52,754,6,1473.96,0,1,13.2,2,0,49.3,Medium
C0006674,19,2006,97846.28,835,8,3366.87,0,0,10.3,0,0,22.1,Low
C0006675,70,366,42143.27,635,13,1419.43,2,0,7.3,1,0,60.6,High
C0006676,33,404,40406.79,694,6,3623.62,0,0,19.0,0,0,52.4,High
C0006677,40,2267,189607.81,579,9,3593.41,2,0,7.1,3,0,68.6,High
C0006678,36,5756,76343.85,801,12,3746.84,0,1,5.1,0,0,33.5,Medium
C0006679,50,1135,103648.02,693,15,2308.18,3,1,8.7,1,0,63.8,High
C0006680,67,4093,81385.96,668,14,1294.27,1,2,5.1,1,0,67.8,High
C0006681,50,2374,67766.5,694,11,1013.54,1,1,13.6,1,0,49.3,Medium
C0006682,21,3258,124256.51,698,10,537.32,1,3,13.8,0,0,61.0,High
C0006683,23,5219,176809.88,635,10,3598.86,1,1,11.3,3,0,69.5,High
C0006684,36,4979,24561.99,779,8,735.4,1,0,13.6,3,0,33.4,Medium
C0006685,38,4974,60807.3,738,9,2015.1,3,3,19.7,2,0,66.0,High
C0006686,18,2484,60544.28,749,14,2534.91,0,0,12.1,1,0,41.0,Medium
C0006687,53,320,48961.38,639,8,1098.05,1,1,13.0,3,0,58.0,High
C0006688,27,5911,106348.11,635,13,2030.66,0,1,8.3,2,1,65.1,High
C0006689,63,5964,71408.91,681,12,2706.88,3,0,7.6,0,0,71.3,High
C0006690,67,5149,178777.94,750,15,1841.87,0,0,5.9,2,0,38.1,Medium
C0006691,39,2879,113554.27,728,6,2967.48,2,0,7.2,1,0,57.5,High
C0006692,48,1704,131330.98,632,14,1647.83,2,2,9.8,0,0,52.1,High
C0006693,25,1072,32059.52,740,6,1836.55,3,0,8.3,1,0,41.8,Medium
C0006694,51,2245,39796.82,617,10,1234.61,2,1,6.1,0,0,67.2,High
C0006695,35,2026,41641.78,640,9,2014.38,2,1,9.0,1,0,48.7,Medium
C0006696,27,1676,128361.4,702,11,2208.7,1,2,8.8,0,0,54.1,High
C0006697,38,5703,36422.53,602,9,1206.78,1,1,15.0,1,0,59.5,High
C0006698,35,3966,37013.05,618,8,2907.44,0,1,16.5,1,0,63.7,High
C0006699,37,1361,33461.28,806,10,443.04,0,0,19.5,1,0,20.1,Low
C0006700,55,3846,281828.68,792,14,4444.9,3,0,3.2,1,0,48.6,Medium
C0006701,31,4239,57334.75,850,9,875.55,3,0,11.0,0,0,38.4,Medium
C0006702,66,3149,82977.77,724,12,4326.4,0,1,2.0,1,0,43.5,Medium
C0006703,23,5681,33108.66,738,6,3292.92,2,0,8.9,1,0,45.4,Medium
C0006704,65,5796,105080.48,678,16,4248.84,1,2,18.6,1,0,56.5,High
C0006705,28,2609,23373.85,664,12,1058.06,2,1,15.1,0,0,70.2,High
C0006706,42,2849,36186.38,755,9,1927.3,3,0,19.5,1,0,42.1,Medium
C0006707,35,1325,41466.2,792,10,2662.97,3,1,2.7,5,0,59.6,High
C0006708,37,4708,69931.33,749,9,2905.57,2,1,12.8,1,0,64.4,High
C0006709,53,5588,40082.47,627,7,3798.3,2,0,3.1,3,1,68.3,High
C0006710,63,3958,143356.33,719,11,3359.64,2,1,8.0,1,0,54.2,High
C0006711,59,1230,81769.73,632,8,2997.27,0,0,22.2,1,0,59.1,High
C0006712,36,3123,42429.87,666,8,3027.82,4,0,13.7,0,0,51.3,High
C0006713,45,4773,107320.94,813,9,3431.16,4,2,15.5,1,1,60.9,High
C0006714,31,281,49940.28,600,12,2228.57,2,1,11.2,2,0,53.6,High
C0006715,28,3553,44808.34,850,14,4633.34,1,1,4.7,1,0,30.6,Medium
C0006716,26,3955,101477.08,731,8,2092.65,1,1,13.4,3,0,57.7,High
C0006717,36,3234,16088.12,655,7,732.79,1,1,18.0,1,1,49.3,Medium
C0006718,45,3866,92877.72,695,6,4942.91,0,1,6.9,1,0,49.1,Medium
C0006719,18,5378,41885.19,639,16,2982.22,0,0,19.5,0,0,41.3,Medium
C0006720,41,775,41850.36,649,13,1996.96,1,0,1.8,1,0,59.0,High
C0006721,63,3437,182018.75,695,6,2369.31,3,1,4.5,2,1,78.8,Very High
C0006722,58,4781,46291.92,665,9,5859.29,2,2,4.5,0,0,51.1,High
C0006723,34,4937,104887.4,620,9,2347.85,2,1,7.3,1,0,60.2,High
C0006724,22,2817,72292.4,673,8,5905.26,0,0,15.4,1,0,47.9,Medium
C0006725,48,5984,76537.4,591,12,2989.31,0,1,1.6,1,0,58.9,High
C0006726,18,1965,54019.02,595,8,1737.79,1,0,15.6,0,0,58.8,High
C0006727,58,2660,52490.95,594,7,939.06,1,0,14.3,1,0,65.7,High
C0006728,39,4949,143671.29,815,8,2334.62,2,1,3.9,0,0,41.1,Medium
C0006729,68,2652,103429.21,720,13,5168.83,2,1,5.1,0,0,47.1,Medium
C0006730,18,2079,47101.74,735,9,1520.34,1,4,4.2,0,0,70.9,High
C0006731,55,3347,34879.61,691,4,2791.93,3,0,2.9,2,0,67.0,High
C0006732,41,3742,44955.53,728,8,5967.0,2,1,5.7,1,0,60.4,High
C0006733,37,5820,106373.53,778,6,694.96,0,1,2.7,2,0,48.1,Medium
C0006734,23,3718,118559.49,721,11,2848.71,1,1,9.9,1,0,60.5,High
C0006735,50,1136,84129.17,813,8,3153.73,0,1,5.5,1,1,35.6,Medium
C0006736,51,345,25480.42,687,8,2772.96,3,2,6.4,0,0,69.7,High
C0006737,67,5805,93851.42,735,11,726.8,1,0,2.8,1,0,58.1,High
C0006738,56,2554,126989.24,743,10,1343.04,2,2,8.9,0,0,61.5,High
C0006739,34,1233,68209.95,620,5,567.04,2,1,10.4,0,0,69.6,High
C0006740,28,1359,184200.73,693,14,934.24,3,2,3.4,0,0,61.2,High
C0006741,23,663,29982.1,552,19,3807.09,2,2,8.8,0,0,75.8,Very High
C0006742,63,1221,90357.91,680,9,1775.29,3,0,9.7,1,0,46.9,Medium
C0006743,31,4688,35375.26,669,14,3747.04,2,0,49.4,1,0,39.3,Medium
C0006744,63,3940,110978.05,665,6,3616.15,1,1,9.8,1,0,58.4,High
C0006745,49,3610,86852.2,659,11,1059.82,1,1,18.9,3,0,62.0,High
C0006746,47,98,166981.01,728,9,2455.88,2,3,16.5,0,0,63.2,High
C0006747,38,4043,81611.82,624,4,784.58,2,0,14.4,3,0,66.4,High
C0006748,51,5815,49646.66,829,7,2630.1,2,1,6.5,3,1,49.4,Medium
C0006749,42,5541,47325.33,733,11,2897.6,1,0,15.7,3,0,39.1,Medium
C0006750,37,2390,54029.86,630,8,1897.68,1,0,5.2,0,0,55.7,High
C0006751,52,3613,46816.52,739,10,737.19,2,1,4.7,0,0,53.4,High
C0006752,40,1813,130066.3,765,9,836.48,2,1,14.8,4,0,39.1,Medium
C0006753,31,5334,125052.72,718,12,11486.4,1,1,18.1,1,1,61.0,High
C0006754,50,5522,27221.91,615,9,3294.86,3,0,7.1,0,0,75.8,Very High
C0006755,41,1362,63321.98,850,10,1835.31,1,0,7.3,1,0,34.8,Medium
C0006756,49,2935,64168.0,738,3,4105.8,2,0,9.5,2,0,54.3,High
C0006757,36,1440,40343.16,596,17,5726.04,2,2,15.8,2,0,77.4,Very High
C0006758,25,3697,78899.26,706,7,4832.21,4,1,12.2,0,0,69.4,High
C0006759,66,1778,138462.89,673,11,1940.0,2,4,21.9,2,0,84.7,Very High
C0006760,64,4184,101253.71,690,5,1770.81,2,0,12.9,1,0,64.5,High
C0006761,54,5889,130063.4,600,10,3690.57,2,2,1.4,3,1,81.3,Very High
C0006762,37,5232,41761.59,694,6,1887.84,0,1,6.7,0,0,48.6,Medium
C0006763,38,1117,63257.5,628,8,4795.05,3,0,7.3,2,0,75.0,High
C0006764,61,804,40691.86,664,9,2366.28,2,1,9.1,0,0,61.6,High
C0006765,37,4893,70726.54,719,13,3684.83,1,1,5.8,4,0,58.9,High
C0006766,33,517,74316.45,654,5,4323.96,2,0,6.0,1,0,43.7,Medium
C0006767,68,2419,105113.98,668,9,945.68,3,0,12.7,2,0,53.9,High
C0006768,41,5962,127683.55,752,12,2418.53,1,0,14.3,0,0,53.3,High
C0006769,67,2705,90565.36,623,12,4640.62,2,0,8.1,1,0,64.4,High
C0006770,22,83,38630.46,641,7,1302.26,2,0,17.5,0,0,53.8,High
C0006771,49,5852,29471.96,596,11,1540.8,4,1,7.2,0,0,69.3,High
C0006772,71,4257,82528.64,628,11,4803.66,4,1,8.3,1,0,73.4,High
C0006773,42,2004,141517.16,700,5,5939.32,2,2,6.0,0,0,57.7,High
C0006774,38,3678,61160.33,738,6,223.0,2,1,5.8,3,0,64.6,High
C0006775,26,3685,26764.27,630,5,4795.11,0,0,4.3,2,0,52.1,High
C0006776,57,3328,195146.42,736,8,485.44,0,0,4.5,1,0,41.3,Medium
C0006777,31,5766,81150.62,698,9,2111.56,2,1,2.8,1,0,49.1,Medium
C0006778,41,4721,68119.41,586,11,893.78,1,1,9.6,2,0,63.3,High
C0006779,25,1576,32614.28,703,16,1541.18,4,1,10.1,1,0,60.2,High
C0006780,64,5955,62555.45,780,10,2355.34,3,2,12.0,0,0,51.0,High
C0006781,58,5776,90461.17,548,17,3106.38,1,0,6.9,0,0,71.6,High
C0006782,42,309,81760.63,840,11,5570.98,1,1,9.5,0,0,33.7,Medium
C0006783,26,1804,42657.22,644,9,917.62,1,0,9.7,1,0,66.4,High
C0006784,64,3698,60084.29,566,6,4664.65,2,0,7.5,1,0,70.4,High
C0006785,37,5273,44182.58,700,16,1836.6,3,0,5.1,2,0,63.6,High
C0006786,27,4309,154844.79,752,6,1862.19,3,1,6.1,0,0,51.6,High
C0006787,18,3457,101424.54,669,16,6644.16,1,0,22.9,2,0,48.7,Medium
C0006788,33,1856,46467.36,713,8,3803.97,1,1,14.9,3,0,59.7,High
C0006789,22,607,32605.34,849,6,737.08,0,1,7.0,1,0,31.7,Medium
C0006790,33,5360,72235.58,705,5,2090.79,2,2,4.9,0,0,73.9,High
C0006791,52,3209,47279.88,850,7,1353.17,1,0,26.0,0,0,27.9,Medium
C0006792,37,2758,49257.7,785,13,1658.55,1,0,12.6,0,0,40.7,Medium
C0006793,47,5880,33207.2,694,9,2019.86,2,1,5.1,1,0,58.1,High
C0006794,32,1011,35547.14,712,8,2972.97,0,1,21.6,1,0,50.3,High
C0006795,43,1546,67802.76,666,13,972.87,0,0,9.4,0,0,57.9,High
C0006796,69,5130,53535.83,709,9,1904.69,0,1,11.9,2,0,59.4,High
C0006797,37,1727,244745.11,732,16,1702.16,2,1,15.2,1,0,51.0,High
C0006798,47,5659,85967.88,660,16,2824.01,1,0,9.4,2,1,65.3,High
C0006799,20,5151,32907.55,587,8,2125.54,1,1,3.0,0,0,58.6,High
C0006800,63,624,26643.21,789,10,4047.1,0,1,4.1,0,0,37.7,Medium
C0006801,35,2762,77179.1,763,14,2602.67,3,0,5.7,0,0,54.7,High
C0006802,57,4517,49841.97,584,14,3256.29,1,1,13.0,1,0,77.1,Very High
C0006803,40,2952,128952.69,703,14,2559.58,3,2,17.9,0,0,55.1,High
C0006804,51,1313,72396.61,767,8,1042.11,2,0,10.8,1,0,43.3,Medium
C0006805,51,298,20837.37,759,9,1724.46,3,1,14.7,3,0,55.8,High
C0006806,36,70,35390.77,638,8,1424.43,1,1,5.7,1,0,74.4,High
C0006807,57,1094,42765.4,764,6,3602.89,0,0,7.1,2,0,37.5,Medium
C0006808,31,1585,79063.77,691,8,3826.4,0,1,5.4,0,0,50.4,High
C0006809,53,1832,34747.95,719,11,2085.98,1,0,10.7,3,0,59.4,High
C0006810,37,5133,67436.34,621,12,2417.84,1,0,18.1,1,0,48.9,Medium
C0006811,47,3066,29732.83,371,17,788.03,0,0,13.4,0,0,81.1,Very High
C0006812,36,872,62211.28,632,9,1707.64,3,0,5.6,3,0,80.5,Very High
C0006813,43,526,75993.57,730,9,432.62,1,1,5.8,0,0,34.5,Medium
C0006814,27,810,138513.12,675,9,3722.5,2,0,9.7,1,0,62.4,High
C0006815,45,1901,70966.0,739,10,9367.7,2,1,7.8,0,0,66.9,High
C0006816,43,4442,39564.42,773,10,1555.62,3,0,3.2,4,0,60.7,High
C0006817,34,325,140933.36,665,12,2552.82,2,0,5.7,0,0,55.8,High
C0006818,41,2455,56057.98,658,8,2885.39,1,2,14.3,0,0,58.1,High
C0006819,44,2702,94878.4,526,6,1050.95,1,0,4.1,0,0,56.2,High
C0006820,33,916,44258.25,574,11,2019.81,1,1,7.8,0,0,76.4,Very High
C0006821,40,379,65174.12,590,9,2981.66,1,0,15.2,0,0,54.3,High
C0006822,28,1403,39902.42,732,19,2455.44,0,1,8.1,2,1,56.6,High
C0006823,75,936,74023.11,666,16,2286.87,2,0,3.8,0,0,65.5,High
C0006824,57,4773,96470.75,650,5,1814.51,3,0,9.2,3,0,64.2,High
C0006825,46,5502,47228.37,641,8,1294.32,1,1,2.6,1,0,58.3,High
C0006826,58,3750,45790.65,632,8,3413.86,0,1,2.9,1,0,63.9,High
C0006827,18,4558,75443.53,759,3,6908.12,3,0,14.6,2,0,63.7,High
C0006828,18,4572,39384.63,697,9,597.47,2,0,11.8,0,0,54.8,High
C0006829,36,5269,26903.74,764,9,542.72,1,0,5.2,1,0,38.1,Medium
C0006830,23,613,75293.4,525,8,999.02,1,1,11.0,2,0,69.1,High
C0006831,39,5982,58434.18,730,14,1651.49,1,1,13.0,2,0,58.7,High
C0006832,45,2764,57757.99,654,7,1855.17,1,0,6.0,3,0,62.3,High
C0006833,55,3271,82576.33,669,9,2389.57,0,1,19.2,0,0,41.6,Medium
C0006834,26,4788,89170.22,791,11,2306.14,3,0,9.9,1,0,55.9,High
C0006835,48,2977,56745.9,661,8,2010.39,0,1,2.7,1,0,55.1,High
C0006836,42,1616,33437.11,727,11,5029.69,5,1,9.1,0,0,66.4,High
C0006837,47,143,43637.27,614,6,1205.23,3,3,6.0,0,0,67.7,High
C0006838,35,1040,85529.77,693,11,3967.67,2,1,9.7,0,0,58.2,High
C0006839,61,533,66830.25,571,9,7994.7,1,1,13.7,1,0,60.3,High
C0006840,41,2309,45822.11,686,9,845.85,1,1,3.9,2,1,57.4,High
C0006841,67,4680,40274.63,719,8,619.47,1,1,10.8,3,0,53.7,High
C0006842,31,2020,87089.55,773,10,2482.11,1,0,20.7,0,0,31.3,Medium
C0006843,52,3595,54884.2,629,12,3349.78,1,2,8.4,3,0,73.1,High
C0006844,41,1137,93796.6,650,14,2252.4,0,0,4.8,1,0,48.8,Medium
C0006845,37,3554,100561.46,642,7,552.49,1,0,11.7,2,0,58.9,High
C0006846,51,5725,52199.48,671,7,734.94,1,1,2.5,2,0,63.3,High
C0006847,38,1912,104526.49,618,7,1581.27,1,0,4.1,0,0,62.2,High
C0006848,18,2914,66904.07,528,11,2882.6,2,3,4.9,1,0,80.1,Very High
C0006849,18,5778,71837.13,612,10,1747.2,0,0,6.9,2,0,52.8,High
C0006850,60,3660,18602.99,686,6,2527.3,1,1,9.2,1,0,54.1,High
C0006851,59,2413,36347.58,679,9,2481.54,0,2,16.1,1,0,61.5,High
C0006852,68,753,37447.97,731,9,4029.74,1,1,11.6,6,1,56.1,High
C0006853,42,5625,52032.8,753,18,1034.5,2,0,13.3,1,0,54.8,High
C0006854,24,3671,66024.6,656,17,2329.75,0,0,14.8,0,0,45.0,Medium
C0006855,36,370,67526.63,571,9,5604.8,1,1,6.2,3,0,67.2,High
C0006856,42,3345,72551.39,720,14,1316.47,3,0,14.4,2,0,59.8,High
C0006857,28,5811,42538.73,689,8,1463.71,1,0,5.3,1,0,47.7,Medium
C0006858,65,5593,90684.28,671,8,2326.88,1,0,7.0,0,0,45.1,Medium
C0006859,73,1198,167711.13,782,9,1106.57,1,0,9.1,1,0,45.5,Medium
C0006860,49,2491,51050.01,724,5,1032.16,2,1,8.6,1,0,60.9,High
C0006861,42,5918,43039.44,699,9,1755.61,1,0,15.2,0,0,42.8,Medium
C0006862,24,4698,42529.67,702,8,1877.28,3,0,21.9,1,0,52.4,High
C0006863,64,3373,64984.04,754,9,3585.55,2,0,9.4,0,0,38.1,Medium
C0006864,43,1845,46430.88,638,14,1228.25,0,1,27.9,1,0,40.1,Medium
C0006865,38,4584,23937.68,624,14,2244.02,3,1,10.6,2,1,61.9,High
C0006866,49,3486,27824.61,672,9,4907.48,3,1,11.0,1,0,62.4,High
C0006867,34,3158,108661.65,602,12,4721.32,1,2,12.1,1,0,54.3,High
C0006868,44,5564,125476.83,687,7,2047.94,3,1,13.6,0,0,64.9,High
C0006869,22,2282,149466.7,697,4,2487.44,0,1,17.0,2,0,48.2,Medium
C0006870,57,3761,70217.8,685,6,1221.47,2,0,8.6,0,0,64.3,High
C0006871,41,290,35950.26,663,15,2654.38,3,0,10.6,3,1,63.1,High
C0006872,58,4275,48726.62,814,3,5948.75,0,0,4.7,3,0,33.6,Medium
C0006873,39,3296,27299.58,761,12,5119.33,1,0,9.0,3,0,64.3,High
C0006874,40,5259,26727.52,683,7,2168.42,0,0,4.4,0,0,37.8,Medium
C0006875,25,2017,71345.11,697,12,2754.66,2,1,6.1,1,0,58.2,High
C0006876,53,5554,83395.2,793,7,1363.95,1,0,15.2,0,0,35.5,Medium
C0006877,30,3466,182042.44,646,18,1202.17,3,1,17.8,3,0,64.4,High
C0006878,35,1273,59230.28,618,10,1736.18,0,1,5.0,0,0,53.9,High
C0006879,42,987,29380.33,707,7,2623.34,1,2,3.9,3,0,62.0,High
C0006880,44,1199,57978.84,721,11,3517.35,2,0,16.2,1,1,52.1,High
C0006881,18,1832,53079.02,727,7,2089.52,0,1,14.4,0,0,40.4,Medium
C0006882,39,3316,47321.13,752,5,2928.69,1,0,7.7,1,1,54.4,High
C0006883,53,5213,74903.2,635,13,418.86,3,0,3.9,3,0,66.1,High
C0006884,37,5973,31790.72,584,18,2457.75,0,0,24.0,3,0,53.4,High
C0006885,39,4078,66621.75,646,8,1470.07,2,1,16.0,1,0,62.7,High
C0006886,44,2956,88720.78,734,10,975.71,0,0,25.8,0,0,38.5,Medium
C0006887,40,3691,135367.07,621,11,2955.15,1,1,17.1,0,0,60.4,High
C0006888,28,2005,73540.85,545,12,5635.64,2,3,19.7,1,0,78.5,Very High
C0006889,41,1491,110040.74,701,13,2180.47,1,1,10.2,1,0,44.7,Medium
C0006890,56,3237,48569.3,647,12,3897.45,1,1,11.0,0,0,52.5,High
C0006891,27,4970,52445.51,560,9,1676.9,3,0,14.6,2,1,73.2,High
C0006892,37,414,130119.11,696,11,8354.65,1,0,12.7,2,0,44.1,Medium
C0006893,23,691,29158.98,661,11,789.73,1,2,5.2,1,0,73.2,High
C0006894,55,1087,49670.3,816,11,2060.38,2,0,1.1,3,1,58.9,High
C0006895,41,1283,115327.96,697,12,3585.48,2,0,3.8,0,0,45.5,Medium
C0006896,30,919,55203.31,734,7,2156.3,2,0,18.9,0,0,39.8,Medium
C0006897,43,807,52987.35,689,8,5382.36,0,2,7.0,0,0,51.1,High
C0006898,25,196,53581.39,645,10,571.76,1,1,13.9,1,0,48.2,Medium
C0006899,28,2109,66126.39,653,14,2046.61,3,1,13.5,0,0,57.2,High
C0006900,22,4341,112671.95,771,15,1870.85,3,1,17.3,2,0,58.3,High
C0006901,27,967,103075.5,746,10,2047.78,1,1,8.0,2,0,59.6,High
C0006902,61,1973,62391.93,578,15,786.27,2,0,12.9,1,0,63.7,High
C0006903,32,5840,113063.33,596,12,1820.45,0,1,18.9,2,0,53.7,High
C0006904,49,1036,74822.64,601,8,1766.63,1,2,8.9,0,0,63.9,High
C0006905,30,5924,99449.55,770,11,2576.72,0,1,3.8,4,0,49.7,Medium
C0006906,53,3088,35217.08,560,15,4492.13,3,2,8.4,2,0,81.5,Very High
C0006907,28,4353,161311.68,749,8,2365.34,1,1,7.2,0,0,43.6,Medium
C0006908,43,1960,69982.94,720,4,2886.39,2,1,4.8,5,0,64.8,High
C0006909,43,1967,13674.93,701,9,4982.06,2,0,5.4,1,0,57.7,High
C0006910,75,2376,154450.6,655,10,4765.68,1,1,11.3,3,0,72.4,High
C0006911,51,793,62172.61,779,15,467.01,3,2,18.5,1,0,53.7,High
C0006912,34,1913,49879.63,699,9,3694.21,0,0,19.1,0,0,48.3,Medium
C0006913,52,5369,44434.17,582,17,3679.16,0,1,8.9,0,0,65.8,High
C0006914,72,53,78953.61,599,14,1855.26,2,0,3.5,1,0,67.7,High
C0006915,19,3445,38035.52,567,12,1633.0,1,1,9.7,0,0,67.0,High
C0006916,30,4139,45143.03,780,7,1056.04,1,1,10.1,1,0,44.1,Medium
C0006917,39,873,45743.58,797,12,622.93,0,1,5.6,2,0,51.7,High
C0006918,36,690,52794.05,771,4,3822.18,2,0,12.3,0,0,39.8,Medium
C0006919,37,3328,46701.2,679,7,3617.49,2,2,16.2,0,0,65.3,High
C0006920,24,1338,99105.22,583,10,2061.59,2,0,14.2,1,0,59.1,High
C0006921,62,5869,71967.79,611,15,3489.87,4,0,5.6,1,0,72.2,High
C0006922,22,1166,76961.45,616,11,4279.26,1,1,9.1,1,0,70.4,High
C0006923,39,811,86744.38,687,11,684.68,3,0,7.1,1,0,63.0,High
C0006924,57,2008,58905.39,794,11,2587.03,3,1,7.8,1,1,47.2,Medium
C0006925,42,2011,35373.55,794,19,1878.91,0,1,23.1,2,0,36.6,Medium
C0006926,28,986,167331.9,653,11,2913.69,3,0,3.5,2,0,58.9,High
C0006927,23,4000,103262.93,522,11,2483.29,3,0,2.3,2,1,80.3,Very High
C0006928,39,2101,150534.04,602,9,3628.74,1,4,9.7,1,0,83.7,Very High
C0006929,31,3176,109522.56,779,12,786.32,0,2,12.1,0,0,48.4,Medium
C0006930,45,1482,48131.18,707,14,5168.26,1,0,4.4,0,0,55.5,High
C0006931,22,605,17043.12,663,10,1565.3,2,1,6.2,1,0,67.3,High
C0006932,53,395,31536.05,658,5,2016.15,1,0,10.2,1,0,46.7,Medium
C0006933,44,345,87989.85,634,13,701.0,1,1,2.7,2,0,71.1,High
C0006934,45,5227,58625.69,600,10,2056.79,2,0,16.7,1,0,50.4,High
C0006935,62,1608,49215.91,845,9,2174.16,2,2,19.6,2,0,41.3,Medium
C0006936,36,1854,15714.44,819,9,2088.8,2,0,3.0,1,0,49.0,Medium
C0006937,32,3488,61553.97,628,6,1363.57,1,0,9.4,3,1,48.8,Medium
C0006938,34,598,34197.62,558,12,995.71,2,1,11.0,3,0,80.5,Very High
C0006939,39,3616,41625.96,703,9,3337.79,4,0,7.6,0,0,58.8,High
C0006940,41,3143,98957.62,679,18,711.28,1,0,18.3,2,0,50.2,High
C0006941,30,4755,35202.12,737,9,3711.52,0,0,36.7,1,0,27.4,Medium
C0006942,18,765,37099.57,754,9,6618.68,2,0,9.8,1,1,32.0,Medium
C0006943,34,132,68662.53,602,12,9293.95,7,0,13.9,1,1,78.0,Very High
C0006944,47,4645,100176.49,786,21,1087.78,2,0,8.5,2,0,51.4,High
C0006945,44,2239,49682.17,664,8,3230.06,0,0,15.0,1,0,58.6,High
C0006946,59,397,138948.43,736,9,1526.23,1,1,7.3,3,0,60.3,High
C0006947,69,3351,30687.84,670,13,4876.34,0,0,15.4,1,1,59.7,High
C0006948,53,2803,27865.9,759,12,2840.37,1,0,7.0,0,0,41.3,Medium
C0006949,61,5707,26589.78,513,14,1819.36,0,0,13.4,1,0,57.5,High
C0006950,53,5664,24988.94,745,8,1217.38,1,0,7.9,3,0,53.7,High
C0006951,66,3247,74607.15,628,8,1730.2,1,2,13.5,2,0,77.2,Very High
C0006952,68,979,36210.54,696,13,1419.27,1,0,10.9,1,0,51.4,High
C0006953,55,4494,28546.34,783,6,2165.49,1,0,4.7,1,0,34.1,Medium
C0006954,52,1232,76403.05,630,11,2239.23,0,5,24.6,1,1,64.5,High
C0006955,39,5032,97544.28,618,7,1534.2,2,1,5.6,1,0,69.4,High
C0006956,41,3614,110510.05,662,15,1447.43,1,1,18.9,0,0,55.8,High
C0006957,37,2145,100337.63,657,12,3307.81,0,2,9.1,1,0,57.9,High
C0006958,51,5879,37418.96,611,10,3468.7,2,1,9.7,0,0,60.9,High
C0006959,32,3100,72167.11,698,11,1297.14,2,1,2.9,2,0,56.4,High
C0006960,39,2333,81484.58,702,11,2123.38,0,1,26.6,1,0,42.0,Medium
C0006961,18,1158,47748.55,725,12,1254.47,2,2,8.1,2,1,61.7,High
C0006962,66,3902,67880.45,629,6,11984.16,3,0,4.7,0,0,66.0,High
C0006963,39,1641,31147.82,619,10,1193.69,0,2,4.3,0,0,55.8,High
C0006964,48,939,43901.75,681,10,2593.74,1,0,16.8,2,0,55.6,High
C0006965,62,736,76067.22,672,9,2938.09,1,0,20.9,2,0,44.0,Medium
C0006966,46,3859,142064.74,673,9,1427.59,1,2,5.8,1,0,56.4,High
C0006967,62,5528,116795.69,637,8,1257.65,3,0,8.6,1,0,60.7,High
C0006968,25,1538,89175.52,715,12,1834.57,4,0,1.7,1,0,66.0,High
C0006969,76,1327,64778.22,619,11,1253.8,1,0,11.8,3,0,72.5,High
C0006970,57,3691,59486.99,681,7,2486.63,0,0,6.4,1,0,42.9,Medium
C0006971,45,883,27965.02,667,11,1266.36,0,0,10.4,3,0,60.0,High
C0006972,62,559,39158.04,687,13,2419.99,1,0,22.5,1,0,40.6,Medium
C0006973,26,3835,39867.61,779,6,574.99,1,0,13.3,3,0,52.4,High
C0006974,38,3164,85051.08,591,12,1302.05,1,1,8.1,1,0,65.2,High
C0006975,62,200,104256.65,511,10,1674.37,1,0,17.5,2,0,59.6,High
C0006976,18,1447,92967.48,645,13,4216.02,0,1,9.0,1,0,65.2,High
C0006977,50,1214,118818.95,604,10,661.94,2,1,6.1,2,0,65.9,High
C0006978,49,4099,64513.6,464,13,4256.42,3,1,18.2,0,0,74.7,High
C0006979,70,4004,36108.3,821,15,3377.96,1,1,13.3,0,0,40.8,Medium
C0006980,20,4493,60320.46,732,10,689.25,3,0,14.5,2,1,50.0,Medium
C0006981,65,622,41615.55,740,8,3121.14,1,3,13.0,0,0,53.2,High
C0006982,34,5093,89028.57,669,8,1201.92,3,0,6.2,0,0,57.3,High
C0006983,36,1279,50888.47,722,8,3189.11,5,0,15.3,1,0,69.1,High
C0006984,25,5954,58729.49,658,15,3314.55,3,1,1.9,2,0,57.9,High
C0006985,27,5235,90797.03,751,6,3684.04,1,2,20.4,1,0,42.0,Medium
C0006986,48,2772,41245.11,704,10,1517.41,0,1,1.6,0,0,54.0,High
C0006987,26,4720,105353.52,687,8,3427.48,3,0,14.8,0,0,58.9,High
C0006988,52,4033,29546.24,693,12,5986.04,2,0,19.9,1,0,51.5,High
C0006989,33,4648,73386.31,800,10,1820.53,2,1,12.5,0,0,33.1,Medium
C0006990,25,139,58976.55,703,12,1977.21,2,0,11.2,1,0,51.7,High
C0006991,35,530,97726.46,613,14,3491.1,0,0,23.7,0,0,37.8,Medium
C0006992,47,5433,29114.28,715,7,345.81,2,1,2.3,0,0,71.5,High
C0006993,38,4695,26714.31,727,9,1162.37,0,1,12.6,1,0,49.5,Medium
C0006994,42,3705,93658.84,679,10,4233.86,1,3,11.8,0,0,57.0,High
C0006995,52,1894,50005.21,686,11,2431.24,2,1,14.1,1,0,70.3,High
C0006996,57,2545,58979.69,610,12,1912.46,0,1,5.1,1,0,72.9,High
C0006997,38,2376,43132.31,697,6,1192.93,1,0,5.8,1,0,60.1,High
C0006998,27,2622,102430.05,599,12,2238.36,2,1,11.3,0,0,73.2,High
C0006999,43,3780,73090.86,671,18,1557.96,1,2,10.3,1,1,57.3,High
C0007000,49,4555,70774.56,640,6,706.8,1,0,10.1,1,0,62.3,High
C0007001,22,2320,32584.71,764,10,5130.29,2,2,8.5,0,1,49.3,Medium
C0007002,30,5005,81692.52,806,9,1400.44,1,0,8.1,0,0,45.1,Medium
C0007003,32,570,35924.42,604,11,1843.69,2,0,3.9,3,0,71.6,High
C0007004,39,4853,43160.69,690,9,690.33,2,0,5.9,2,0,67.0,High
C0007005,31,4068,29259.17,667,9,1553.68,2,1,6.8,1,0,65.1,High
C0007006,52,3078,56885.28,725,5,4230.49,3,1,6.5,1,0,62.3,High
C0007007,20,2269,111340.68,697,12,4029.22,0,0,4.9,2,0,44.6,Medium
C0007008,20,2245,70232.88,661,7,2236.43,0,1,9.3,2,0,45.8,Medium
C0007009,37,2181,48624.76,697,8,1465.69,1,0,18.4,1,1,39.8,Medium
C0007010,40,5674,65835.87,674,11,2237.24,2,1,6.8,2,0,43.8,Medium
C0007011,22,189,65635.85,809,8,3056.13,3,0,8.8,0,0,44.1,Medium
C0007012,34,3816,64294.38,630,8,831.46,0,0,17.3,2,0,53.9,High
C0007013,36,5934,68351.83,709,8,2589.2,1,0,12.0,0,0,38.3,Medium
C0007014,36,3275,34992.63,728,9,3620.75,2,1,14.5,1,0,63.6,High
C0007015,44,3845,65741.51,723,8,2115.47,0,0,14.8,1,0,50.1,High
C0007016,33,3601,23611.83,668,13,2172.32,0,2,11.2,0,0,56.2,High
C0007017,63,3049,85091.52,793,12,1372.05,1,1,6.0,1,0,50.5,High
C0007018,49,3790,33805.46,533,9,2668.79,1,0,5.3,0,0,65.3,High
C0007019,31,5424,118488.18,608,11,6257.75,2,1,15.4,0,0,68.6,High
C0007020,43,4287,16155.4,740,8,5487.99,0,1,4.3,1,0,46.4,Medium
C0007021,44,5101,155721.34,624,6,1513.33,2,0,5.0,0,0,66.5,High
C0007022,59,3332,25167.74,620,11,1724.61,2,0,11.2,1,0,56.0,High
C0007023,34,4646,32045.93,655,10,5344.45,2,0,5.1,1,0,73.8,High
C0007024,53,5255,73084.46,631,15,3238.81,2,2,12.6,2,0,67.6,High
C0007025,43,1295,87132.3,738,14,3196.69,5,0,11.4,4,1,56.5,High
C0007026,63,5162,53051.99,758,7,679.16,1,1,18.7,0,0,34.2,Medium
C0007027,60,4129,101298.11,697,11,3987.2,1,0,6.8,1,0,54.8,High
C0007028,45,2670,40006.0,769,8,1833.36,3,0,18.7,1,0,49.1,Medium
C0007029,38,4651,49764.6,586,11,2560.55,1,1,6.1,1,0,59.6,High
C0007030,49,1036,52509.36,696,10,1390.86,1,1,15.4,2,0,60.2,High
C0007031,39,4199,46109.39,791,10,6428.21,2,0,18.1,1,0,42.9,Medium
C0007032,66,3472,21398.83,763,13,1167.36,1,0,24.8,0,0,41.8,Medium
C0007033,43,5331,61164.53,798,5,7827.13,1,0,10.7,1,0,35.2,Medium
C0007034,36,3735,58199.71,646,12,2241.37,2,0,9.0,0,0,55.6,High
C0007035,36,3168,112183.39,759,9,1973.23,1,0,23.0,1,1,44.7,Medium
C0007036,25,3154,30565.29,658,9,1239.2,1,2,2.3,3,1,83.0,Very High
C0007037,50,3342,43617.58,735,12,1566.25,1,0,4.6,1,0,42.2,Medium
C0007038,31,5346,120187.68,788,16,1927.66,3,0,8.3,0,1,44.6,Medium
C0007039,57,4717,72852.97,630,8,2401.43,3,0,11.0,2,0,49.2,Medium
C0007040,24,585,83872.12,551,12,3124.0,1,0,5.9,0,0,67.1,High
C0007041,44,3208,79560.91,829,14,1921.05,3,0,14.0,1,0,29.8,Medium
C0007042,58,1745,79755.35,727,12,3122.36,2,2,20.2,1,0,49.1,Medium
C0007043,18,1012,168799.54,682,8,4745.78,1,0,8.1,3,0,56.0,High
C0007044,70,5198,65201.45,678,9,4378.15,1,3,3.2,1,0,61.1,High
C0007045,36,5148,35548.42,533,7,3306.24,3,0,12.2,1,0,77.2,Very High
C0007046,44,5638,88100.04,706,8,3045.48,0,0,21.3,1,0,48.4,Medium
C0007047,50,2381,45400.86,650,10,1104.38,0,2,5.3,1,0,59.4,High
C0007048,52,2572,58362.24,694,10,2520.01,3,0,6.3,2,0,56.5,High
C0007049,46,4674,76000.05,692,8,1086.95,0,0,7.3,0,0,35.4,Medium
C0007050,56,1180,39464.03,437,13,4260.98,1,1,13.1,0,0,76.1,Very High
C0007051,49,354,46827.58,727,10,2653.91,0,1,9.5,0,0,41.1,Medium
C0007052,67,2539,80547.82,704,11,4584.86,5,1,13.7,3,0,66.7,High
C0007053,49,3786,45850.2,714,10,4722.77,1,3,10.9,1,1,67.1,High
C0007054,70,2753,105900.11,676,13,2930.6,0,0,3.5,0,0,44.5,Medium
C0007055,55,1290,36044.26,694,5,1417.42,2,0,8.8,0,0,39.7,Medium
C0007056,18,3131,35977.58,703,12,512.12,0,0,21.7,3,0,40.5,Medium
C0007057,79,5657,176878.86,711,9,3130.82,0,1,9.3,0,0,42.3,Medium
C0007058,34,1667,26722.61,726,14,1972.31,3,0,4.6,0,0,40.0,Medium
C0007059,63,2418,61095.63,711,11,3701.29,3,2,7.0,1,0,79.9,Very High
C0007060,42,1896,171648.8,829,10,3463.7,1,1,7.6,0,0,33.2,Medium
C0007061,57,1782,61032.66,636,9,3245.97,2,0,7.6,0,0,57.1,High
C0007062,32,3943,130042.1,662,12,2583.32,1,0,1.9,0,0,58.6,High
C0007063,51,2266,88765.28,817,13,748.49,1,2,13.2,1,0,53.9,High
C0007064,38,3742,61754.9,678,11,5002.45,1,1,5.8,1,1,61.1,High
C0007065,64,147,57701.29,760,13,971.82,0,0,6.8,1,1,50.9,High
C0007066,48,3982,19327.13,700,13,1444.46,0,1,21.3,2,0,39.6,Medium
C0007067,55,659,52019.72,673,7,1774.73,0,0,10.9,1,0,43.8,Medium
C0007068,18,2282,70446.57,764,12,2226.41,1,1,8.5,0,0,50.0,Medium
C0007069,41,5239,70425.05,729,8,1787.88,3,1,9.8,3,0,57.9,High
C0007070,48,2038,240653.15,575,11,1532.97,1,0,3.1,2,0,59.4,High
C0007071,45,4197,72360.55,703,7,3706.64,2,2,16.4,0,0,51.1,High
C0007072,55,2128,87681.8,615,10,925.82,2,0,13.4,2,0,57.5,High
C0007073,37,5416,117667.65,785,11,1680.52,1,1,3.0,1,0,41.2,Medium
C0007074,43,5708,83463.56,822,4,563.07,2,0,2.2,3,1,45.7,Medium
C0007075,59,5456,59134.08,831,11,1125.64,0,0,14.9,0,0,17.4,Low
C0007076,18,2389,59292.41,717,8,796.47,0,0,4.5,0,0,34.8,Medium
C0007077,50,1925,51125.04,655,8,3545.11,0,1,17.5,0,0,51.8,High
C0007078,37,3648,79158.36,714,9,2484.01,4,1,6.8,1,0,59.3,High
C0007079,29,4905,56455.8,620,7,1300.43,3,0,8.4,1,0,64.0,High
C0007080,47,3151,87430.96,850,11,275.07,1,2,10.1,1,0,37.2,Medium
C0007081,59,4436,35592.55,780,7,816.01,1,0,16.9,0,0,44.0,Medium
C0007082,57,5261,67215.31,713,9,1076.91,1,1,11.8,2,1,46.0,Medium
C0007083,40,4519,145586.65,765,11,1740.38,1,0,21.3,2,0,36.6,Medium
C0007084,54,2233,54794.59,653,10,3600.41,1,0,14.9,0,0,56.5,High
C0007085,54,1521,170849.88,607,11,863.56,1,0,13.2,2,0,64.7,High
C0007086,41,2621,67840.11,524,8,914.35,0,2,20.0,1,0,70.9,High
C0007087,32,3463,60102.71,696,12,740.15,1,0,11.1,2,0,51.2,High
C0007088,33,5061,66106.99,674,16,2203.99,2,0,8.9,1,0,57.4,High
C0007089,54,1824,52240.16,729,6,537.14,2,0,11.4,1,0,44.5,Medium
C0007090,41,990,20859.9,691,9,698.44,1,1,12.9,2,0,46.4,Medium
C0007091,27,1913,100607.88,726,10,2988.76,0,2,10.3,2,0,58.9,High
C0007092,18,3577,207084.44,751,9,5924.34,2,1,14.2,1,0,54.6,High
C0007093,54,1415,80751.01,580,4,2293.01,2,0,6.3,1,0,66.1,High
C0007094,34,2417,83501.19,755,7,1793.82,2,0,19.7,2,0,53.4,High
C0007095,47,1562,56076.03,660,12,9062.79,0,1,33.5,1,0,52.7,High
C0007096,59,5915,117204.28,729,14,1567.4,3,0,6.4,1,1,55.0,High
C0007097,24,3089,60675.2,767,5,1570.79,1,0,8.3,1,0,48.8,Medium
C0007098,41,4336,71815.87,767,9,1552.37,0,1,7.0,2,0,48.8,Medium
C0007099,40,3136,26213.26,700,6,5835.05,1,3,2.7,1,0,66.6,High
C0007100,47,93,46339.58,703,9,3122.97,0,2,16.9,1,0,47.4,Medium
C0007101,59,1605,75881.93,757,9,3101.54,2,1,14.7,0,0,59.1,High
C0007102,23,5041,102115.12,577,10,2720.25,2,0,2.9,3,0,65.0,High
C0007103,50,3082,103684.36,619,12,1634.97,1,2,11.2,0,0,55.2,High
C0007104,56,4227,26012.7,669,10,1783.17,1,1,9.1,1,0,61.2,High
C0007105,39,4577,27504.66,590,12,1175.25,4,0,11.3,1,1,75.6,Very High
C0007106,40,3378,85490.89,670,10,1700.59,2,1,10.9,1,0,72.2,High
C0007107,48,3477,41115.69,666,8,2643.6,0,1,11.9,3,0,41.2,Medium
C0007108,47,1439,101408.85,697,12,1937.51,1,2,11.1,2,0,64.3,High
C0007109,50,1518,25293.36,686,5,3722.77,1,1,8.9,1,0,56.3,High
C0007110,50,921,58733.42,770,15,2609.34,4,2,9.9,0,1,68.8,High
C0007111,28,1806,60843.45,733,15,2488.9,2,0,9.5,2,0,43.8,Medium
C0007112,56,3781,80752.69,685,12,1251.51,2,1,21.9,3,0,64.0,High
C0007113,58,5572,35163.07,665,14,991.27,1,1,3.7,2,0,56.8,High
C0007114,45,2656,21018.73,686,12,1057.98,0,0,10.9,0,0,38.0,Medium
C0007115,21,3624,68124.33,688,7,4461.85,0,1,2.5,2,0,66.3,High
C0007116,40,5173,82820.12,850,5,715.92,0,0,17.3,1,0,31.9,Medium
C0007117,45,4073,107903.21,581,12,2489.01,1,1,12.8,0,0,68.9,High
C0007118,26,1596,50903.46,621,4,2489.9,4,2,10.6,0,1,65.0,High
C0007119,37,1708,94988.83,610,14,1410.14,0,0,18.9,0,0,57.6,High
C0007120,22,3835,80988.73,710,8,2149.25,1,3,5.7,2,0,64.2,High
C0007121,51,1748,128311.02,707,12,2459.01,1,0,7.0,0,0,51.4,High
C0007122,44,1515,60139.75,647,8,1038.33,1,1,7.7,2,0,55.6,High
C0007123,19,3563,23943.33,757,11,1316.96,3,0,10.7,1,1,53.8,High
C0007124,47,3828,59735.21,718,11,2016.37,2,1,9.2,1,1,64.0,High
C0007125,41,1542,65090.74,760,11,2057.14,0,0,13.3,1,0,36.0,Medium
C0007126,49,318,82445.81,780,16,873.02,1,0,9.5,1,0,40.8,Medium
C0007127,37,4615,26686.53,530,9,2204.72,1,0,14.6,1,0,72.9,High
C0007128,31,2368,52222.31,741,14,2259.66,3,1,4.6,3,0,51.5,High
C0007129,31,3809,99942.13,593,10,3989.74,0,0,21.2,1,0,61.3,High
C0007130,34,1060,58550.37,709,10,2054.57,0,0,3.9,2,0,41.9,Medium
C0007131,42,1907,52403.87,685,7,1603.09,1,1,11.9,0,0,61.8,High
C0007132,44,3647,176905.18,688,8,3431.08,1,2,3.9,0,0,70.5,High
C0007133,39,770,34419.8,600,6,4297.32,1,0,1.8,0,0,54.7,High
C0007134,36,1920,122164.62,767,6,846.88,1,0,15.5,0,0,43.5,Medium
C0007135,37,4321,108725.0,593,13,1480.69,2,2,2.3,1,1,73.4,High
C0007136,77,4636,54778.23,746,12,526.32,1,2,9.8,0,1,53.3,High
C0007137,31,2137,60888.52,583,4,1112.87,0,1,1.2,0,0,52.8,High
C0007138,34,714,60769.14,689,9,5454.52,2,1,4.4,1,0,52.7,High
C0007139,88,185,68525.48,825,8,1033.23,1,0,24.0,0,0,25.6,Medium
C0007140,48,3350,44707.29,850,12,2808.73,1,1,10.5,0,0,29.5,Medium
C0007141,23,4170,48991.8,569,12,2708.19,2,0,6.0,2,0,63.5,High
C0007142,54,3574,50996.7,637,11,1419.08,1,2,8.2,1,0,64.8,High
C0007143,29,2449,51900.1,651,9,1543.53,2,0,10.1,0,1,52.0,High
C0007144,55,161,52259.33,850,13,5126.03,1,1,4.4,0,0,39.0,Medium
C0007145,39,1380,18077.73,685,8,3828.61,4,0,3.5,1,1,65.7,High
C0007146,36,244,65420.87,771,6,8876.94,1,1,5.3,0,0,45.9,Medium
C0007147,65,2789,46387.36,712,10,393.97,2,0,7.5,2,0,45.8,Medium
C0007148,50,1870,22206.57,600,9,2933.88,0,1,2.0,3,0,66.2,High
C0007149,56,453,51142.01,551,5,440.04,1,0,10.1,0,0,55.5,High
C0007150,48,3666,50280.02,644,13,2017.87,2,0,10.2,1,0,64.5,High
C0007151,36,2240,125025.64,850,14,1790.58,0,0,8.7,2,0,19.5,Low
C0007152,51,5776,46088.24,709,15,981.12,4,0,9.7,2,0,50.7,High
C0007153,59,2521,89516.14,769,6,1394.3,2,1,20.1,0,0,38.2,Medium
C0007154,44,571,132645.61,584,10,1700.1,6,1,3.9,0,0,74.4,High
C0007155,67,4239,43890.44,666,7,2743.78,1,2,7.7,1,0,62.2,High
C0007156,54,4227,60401.32,748,10,980.03,1,0,4.3,1,0,49.7,Medium
C0007157,45,5577,160439.17,608,9,1278.25,1,0,11.9,1,0,64.7,High
C0007158,46,4165,70321.06,685,5,2893.71,1,0,6.5,0,0,50.4,High
C0007159,44,2189,76149.37,624,10,3294.23,0,0,1.9,1,0,45.7,Medium
C0007160,24,4026,49558.05,752,11,11404.48,2,1,20.9,1,0,40.2,Medium
C0007161,41,4794,90469.46,720,14,2301.25,0,0,3.7,1,0,45.7,Medium
C0007162,45,3111,60662.82,741,14,3113.47,2,0,6.6,0,0,52.5,High
C0007163,36,4774,22634.56,755,12,1782.9,3,1,13.7,2,0,53.2,High
C0007164,47,5801,50996.47,673,10,5132.68,1,0,10.7,1,0,47.4,Medium
C0007165,42,4535,32342.63,765,7,1124.96,0,0,3.8,2,0,37.7,Medium
C0007166,53,3025,65948.02,646,13,1974.56,2,1,9.9,2,0,70.1,High
C0007167,51,2972,37444.99,737,12,2427.99,2,2,13.6,0,0,46.1,Medium
C0007168,44,5034,80648.89,542,11,2833.08,0,1,9.4,0,0,72.5,High
C0007169,23,5241,63545.38,634,9,3789.76,0,1,16.0,1,0,52.5,High
C0007170,67,1597,31209.72,850,8,1806.72,5,0,10.9,1,0,50.2,High
C0007171,40,88,47287.14,736,9,3683.95,0,1,8.7,0,0,43.5,Medium
C0007172,41,4843,87220.89,736,15,822.24,0,0,11.1,1,0,48.9,Medium
C0007173,37,1439,116574.5,628,4,2429.02,3,1,20.2,1,0,59.4,High
C0007174,35,5979,37743.1,608,9,604.54,0,1,9.7,0,0,54.9,High
C0007175,64,245,33904.31,670,5,1780.15,0,0,5.9,0,0,50.4,High
C0007176,61,5463,181304.17,685,14,10474.95,1,0,12.7,1,0,55.2,High
C0007177,48,4078,61667.81,834,11,2451.24,1,1,15.4,0,0,38.9,Medium
C0007178,40,1845,65198.88,766,8,1512.1,1,1,2.7,1,0,49.1,Medium
C0007179,51,237,41283.76,698,15,2880.94,0,0,15.6,3,0,44.5,Medium
C0007180,43,5081,69791.03,695,8,1999.16,3,0,9.6,1,0,52.4,High
C0007181,39,742,159243.9,747,13,992.37,0,2,12.4,4,0,64.4,High
C0007182,47,598,71309.91,591,10,621.56,3,1,19.1,0,0,57.2,High
C0007183,36,4746,111370.69,546,14,2044.99,3,1,3.2,2,0,80.4,Very High
C0007184,46,4075,62996.27,746,11,1816.69,0,3,8.2,1,0,50.8,High
C0007185,45,790,35266.82,695,8,1748.03,2,0,10.7,1,0,48.1,Medium
C0007186,50,2072,42578.7,592,7,3567.95,3,1,7.4,1,0,67.4,High
C0007187,33,4008,33526.74,533,11,5095.36,2,1,16.6,1,0,62.2,High
C0007188,52,3962,69889.61,757,13,3345.29,0,0,3.1,1,0,48.3,Medium
C0007189,29,2192,121543.62,651,7,1679.2,1,0,16.1,3,0,52.0,High
C0007190,34,2491,67740.92,720,13,2278.92,0,1,14.0,1,0,50.9,High
C0007191,35,505,52344.89,670,8,4305.52,1,0,3.1,1,0,52.0,High
C0007192,27,83,40158.44,687,16,3728.08,3,2,5.5,0,0,60.0,High
C0007193,56,5806,75386.61,646,12,3063.36,4,0,11.2,3,0,69.9,High
C0007194,28,1410,31379.72,684,10,1537.48,0,0,5.6,2,0,61.9,High
C0007195,32,5564,33227.53,733,16,4316.8,0,1,5.1,0,0,47.7,Medium
C0007196,60,283,101720.02,669,6,5274.66,1,0,15.0,2,0,56.9,High
C0007197,34,5939,53217.12,665,13,3748.89,0,0,7.3,2,0,59.9,High
C0007198,39,2580,52643.07,736,5,14902.83,2,1,2.2,1,0,64.8,High
C0007199,28,4842,56494.77,741,14,3579.62,2,1,3.9,2,0,54.9,High
C0007200,54,5045,92421.85,605,13,4637.81,2,0,1.3,0,0,63.8,High
C0007201,54,2131,67908.48,688,4,3336.46,7,1,3.6,4,0,82.4,Very High
C0007202,52,4435,41200.06,651,11,2022.27,2,1,4.6,1,0,63.9,High
C0007203,50,2024,42023.7,691,10,1024.31,3,0,8.2,1,1,66.2,High
C0007204,43,4739,55691.27,798,13,1334.33,3,0,8.3,1,0,54.4,High
C0007205,35,5755,73211.7,717,12,1343.35,2,1,14.4,2,0,58.8,High
C0007206,31,4848,60800.86,850,9,1002.67,3,2,16.8,0,0,47.0,Medium
C0007207,60,4375,57896.95,706,13,1826.02,0,2,10.1,1,0,49.9,Medium
C0007208,53,2250,63598.53,678,15,2204.63,1,1,5.1,1,0,58.0,High
C0007209,32,678,60776.97,689,8,4772.38,1,0,8.5,2,0,53.4,High
C0007210,43,3050,40363.41,701,8,1005.08,1,1,10.9,2,0,58.7,High
C0007211,38,804,113978.79,714,9,3928.28,1,1,6.6,0,0,49.0,Medium
C0007212,26,3065,47553.87,616,10,2618.9,0,1,16.9,1,0,62.7,High
C0007213,44,5218,66566.78,673,10,2810.03,1,2,15.9,0,0,60.8,High
C0007214,36,705,19964.39,636,5,2066.66,2,1,10.8,1,0,57.7,High
C0007215,29,5408,55080.1,767,8,8569.37,5,0,7.1,2,0,57.2,High
C0007216,21,3600,33864.27,546,18,1319.69,1,2,5.0,1,0,78.6,Very High
C0007217,20,310,36186.0,702,15,1530.4,2,0,7.9,0,0,43.5,Medium
C0007218,37,4329,234941.53,576,13,2374.96,0,1,12.6,1,0,64.3,High
C0007219,41,30,71120.36,722,5,2845.08,3,3,19.6,1,0,56.9,High
C0007220,30,3677,121686.32,660,7,2546.32,1,0,4.8,1,0,56.7,High
C0007221,51,3059,99241.01,554,13,2129.73,0,2,17.8,0,0,86.2,Very High
C0007222,41,4483,106475.83,761,13,3097.61,1,1,19.8,1,0,40.8,Medium
C0007223,50,2276,55570.08,501,9,3252.77,0,1,11.8,3,0,80.6,Very High
C0007224,39,739,150003.03,688,16,2145.48,0,0,11.4,1,0,41.7,Medium
C0007225,31,2341,98771.83,742,9,7259.7,1,0,6.4,1,0,44.7,Medium
C0007226,44,4575,63425.67,793,9,2931.51,2,0,6.5,0,0,50.9,High
C0007227,24,5723,71660.79,569,10,1839.24,2,1,17.4,2,0,57.6,High
C0007228,50,1272,57508.43,651,16,4936.72,0,0,4.7,0,0,34.6,Medium
C0007229,29,2127,63807.19,771,11,588.27,0,0,8.4,0,0,32.7,Medium
C0007230,55,5264,60530.9,776,8,1058.73,1,0,6.7,3,1,38.3,Medium
C0007231,37,1898,76476.07,786,14,1926.87,1,3,9.4,0,0,57.6,High
C0007232,57,1492,161437.81,850,6,1023.07,1,0,14.9,1,0,29.0,Medium
C0007233,26,4994,31953.02,652,15,3708.43,3,0,2.4,1,0,53.6,High
C0007234,33,2967,116213.56,718,12,3627.25,0,1,9.1,4,0,52.6,High
C0007235,47,3512,50633.1,664,7,6351.41,2,2,15.7,1,0,68.3,High
C0007236,58,2938,124642.43,542,1,1511.35,3,0,4.3,0,0,65.7,High
C0007237,65,3628,51611.24,683,12,3181.43,1,1,16.6,0,0,46.2,Medium
C0007238,43,1635,77800.58,540,8,5054.54,1,2,3.5,1,0,80.1,Very High
C0007239,68,4399,56813.28,651,12,2445.15,1,0,6.2,1,0,49.3,Medium
C0007240,38,2189,23934.21,580,9,4175.7,0,0,8.7,1,0,70.6,High
C0007241,57,3155,161349.31,723,5,2061.48,3,0,13.9,1,0,51.9,High
C0007242,29,1138,36915.07,632,8,5170.77,0,0,16.8,1,0,53.4,High
C0007243,48,97,64927.42,556,7,1341.51,4,0,6.1,0,0,69.0,High
C0007244,18,3433,34754.27,755,18,802.49,4,1,15.5,1,0,57.5,High
C0007245,26,858,29718.91,645,6,1719.76,1,1,15.8,2,0,71.3,High
C0007246,49,5480,55391.02,658,17,2077.88,0,1,2.6,0,0,64.6,High
C0007247,24,5756,44732.63,617,14,2923.75,2,0,11.5,1,0,60.4,High
C0007248,48,1920,32599.15,776,13,2949.46,5,1,11.1,1,1,50.8,High
C0007249,55,1754,60803.44,710,16,1387.27,1,1,23.4,2,0,49.4,Medium
C0007250,35,3063,27442.3,644,9,1149.6,1,2,6.8,4,1,53.6,High
C0007251,28,1248,66429.75,546,18,6332.15,2,1,7.8,1,0,78.1,Very High
C0007252,35,5175,57806.7,850,7,2011.62,3,0,4.4,2,1,39.0,Medium
C0007253,28,638,15845.9,838,12,1614.84,2,1,10.4,0,0,41.0,Medium
C0007254,41,2731,46498.68,798,7,2706.76,5,0,18.8,1,0,49.9,Medium
C0007255,43,1158,80218.96,637,15,1171.27,2,1,7.4,0,0,69.3,High
C0007256,38,4992,34542.28,652,5,1382.35,3,1,15.5,0,0,62.2,High
C0007257,65,891,82156.02,720,10,3680.97,1,0,8.5,1,0,47.3,Medium
C0007258,32,2694,78657.89,623,7,1137.73,3,2,8.3,0,0,81.4,Very High
C0007259,61,5006,35423.93,616,10,927.25,2,0,2.9,2,0,72.3,High
C0007260,27,2658,61582.58,799,8,1745.95,1,0,2.5,1,0,37.3,Medium
C0007261,43,1131,97600.19,686,11,2603.44,1,1,16.5,3,0,60.9,High
C0007262,59,968,38286.68,606,10,5376.37,2,1,14.0,1,0,62.5,High
C0007263,58,3640,55364.5,761,8,2745.02,1,0,5.3,1,0,42.1,Medium
C0007264,36,776,116718.6,647,11,3076.93,0,1,3.0,0,0,50.1,High
C0007265,50,2151,38684.41,542,13,1131.7,1,2,9.8,4,0,73.5,High
C0007266,48,3680,79811.81,605,9,2484.06,1,1,8.9,2,0,60.3,High
C0007267,34,2295,34246.33,651,10,1062.83,1,1,9.0,0,0,50.5,High
C0007268,51,4969,56747.14,706,15,3988.75,2,2,12.4,0,0,60.1,High
C0007269,68,4136,79267.97,703,6,2368.54,3,1,5.6,2,0,60.2,High
C0007270,49,838,16521.2,782,10,2127.16,1,1,27.2,0,0,42.1,Medium
C0007271,50,4908,46212.79,672,12,3056.09,0,0,4.8,1,0,48.9,Medium
C0007272,51,5463,78513.21,655,5,1599.26,2,1,9.9,2,0,71.4,High
C0007273,22,1237,70200.02,783,17,1605.12,2,0,12.7,1,0,36.6,Medium
C0007274,48,2172,46517.39,763,15,1185.73,2,2,3.2,1,0,43.2,Medium
C0007275,28,2389,33771.4,674,8,7001.79,0,3,3.9,0,0,62.1,High
C0007276,34,2568,87600.79,712,7,1897.15,3,1,1.8,1,0,72.2,High
C0007277,72,2798,51925.54,654,10,1791.5,0,1,2.4,1,1,56.5,High
C0007278,38,5369,83686.31,603,7,3453.5,0,1,21.4,2,0,60.2,High
C0007279,32,3918,76420.97,850,17,2216.75,0,1,6.0,0,0,27.8,Medium
C0007280,58,5380,48475.3,649,8,486.44,1,1,6.6,1,0,67.8,High
C0007281,29,2122,111837.1,712,10,8192.77,0,0,7.8,1,0,45.2,Medium
C0007282,36,3163,44713.78,576,8,1610.71,1,1,12.3,0,0,66.0,High
C0007283,59,664,119328.96,745,12,1274.61,0,1,10.2,0,0,37.2,Medium
C0007284,43,1682,128232.53,600,14,1979.26,0,0,7.3,2,0,53.6,High
C0007285,20,3516,110464.86,816,6,1572.99,2,1,3.7,0,0,44.6,Medium
C0007286,50,1056,56138.72,825,7,1592.72,1,0,3.8,0,0,32.9,Medium
C0007287,36,5763,251647.15,732,11,2372.7,0,2,25.4,1,0,52.0,High
C0007288,64,1651,67400.26,699,6,656.66,0,0,25.1,3,0,43.0,Medium
C0007289,34,994,70789.84,676,8,3546.91,1,2,1.8,5,1,72.6,High
C0007290,57,4690,61252.25,686,8,4090.45,1,0,9.5,1,0,60.1,High
C0007291,67,567,33306.84,721,11,733.65,1,0,3.5,1,0,54.6,High
C0007292,30,1967,126396.61,697,9,2958.19,0,1,4.9,2,1,64.9,High
C0007293,39,1216,45254.97,764,10,1261.2,0,0,6.6,2,0,34.7,Medium
C0007294,47,4176,102813.89,621,10,1655.11,0,1,7.4,1,0,61.0,High
C0007295,30,5063,117318.05,805,12,2765.11,2,0,16.2,0,0,27.6,Medium
C0007296,46,1195,86397.71,658,7,3863.7,0,1,10.2,2,1,50.1,High
C0007297,39,2513,42374.69,634,3,2728.22,2,0,13.6,0,0,56.3,High
C0007298,39,2886,51395.02,717,8,891.79,1,1,2.3,2,0,57.5,High
C0007299,43,4154,14221.32,722,15,2293.65,0,0,8.1,2,0,48.6,Medium
C0007300,43,2132,58152.98,560,11,3024.06,0,3,14.0,0,0,69.2,High
C0007301,44,3152,96411.45,654,16,1331.37,1,0,5.7,1,0,71.7,High
C0007302,34,3036,54407.75,527,12,1269.56,2,0,1.8,1,0,69.5,High
C0007303,34,97,44817.12,639,7,2100.18,1,0,6.1,0,0,48.7,Medium
C0007304,40,3432,52634.59,643,9,3194.14,2,0,18.4,2,0,75.5,Very High
C0007305,41,3420,120975.21,712,8,1522.09,1,1,8.6,0,0,63.9,High
C0007306,36,5945,60173.57,631,9,2572.14,1,2,8.4,0,0,69.0,High
C0007307,47,3074,172257.13,649,3,969.57,1,0,7.9,0,0,60.4,High
C0007308,18,5402,45296.55,788,13,2622.88,2,1,8.9,0,0,44.5,Medium
C0007309,32,2114,69868.29,845,13,673.37,0,0,25.5,0,0,23.3,Low
C0007310,38,4184,48850.44,621,13,2690.8,2,0,2.8,1,0,67.0,High
C0007311,30,5413,194047.29,766,11,3901.52,4,2,9.7,2,0,66.0,High
C0007312,65,947,68441.02,719,13,1973.83,1,0,17.0,2,0,43.4,Medium
C0007313,42,3415,199851.83,560,9,3160.59,0,2,11.0,0,0,71.2,High
C0007314,44,5516,49208.39,631,13,2580.28,1,0,11.4,1,0,74.0,High
C0007315,35,3349,143638.96,463,12,898.82,0,0,2.9,1,0,77.4,Very High
C0007316,42,5358,66157.37,714,9,1020.98,1,0,21.3,2,0,62.5,High
C0007317,25,2536,98228.36,609,12,1738.68,1,2,5.6,0,0,69.9,High
C0007318,40,5323,31699.26,700,13,1997.47,2,1,7.2,0,0,64.2,High
C0007319,29,3784,75095.61,850,13,1322.87,0,0,8.4,0,0,32.5,Medium
C0007320,38,2889,34436.54,809,7,995.31,2,2,15.1,0,0,50.2,High
C0007321,18,1313,71417.1,632,8,343.64,1,0,9.2,2,0,54.4,High
C0007322,26,1049,26897.14,614,16,6529.18,2,1,2.5,0,0,61.9,High
C0007323,62,1753,58873.36,787,12,6662.66,2,0,12.1,0,0,45.6,Medium
C0007324,54,4533,113263.96,615,8,1270.28,1,0,12.5,1,0,64.6,High
C0007325,60,2824,83787.93,764,13,862.58,2,1,11.2,2,0,59.3,High
C0007326,61,2349,31451.98,850,16,5664.4,2,0,5.0,0,0,46.2,Medium
C0007327,51,2816,21824.25,741,12,554.68,2,0,8.0,0,0,37.4,Medium
C0007328,36,2087,81487.85,779,11,4291.24,2,2,22.4,1,0,50.5,High
C0007329,27,4848,147938.07,770,12,3327.95,0,0,2.0,0,0,46.5,Medium
C0007330,58,2362,36487.29,648,10,1752.8,1,1,14.1,2,0,43.1,Medium
C0007331,43,2848,196508.68,712,16,5440.79,0,1,12.7,2,0,52.4,High
C0007332,77,3367,61778.97,618,10,1432.78,2,0,9.4,0,0,60.1,High
C0007333,37,3888,21112.24,787,9,3799.17,0,0,7.7,1,0,43.2,Medium
C0007334,70,2021,26275.85,609,10,1870.44,1,1,9.5,2,0,60.5,High
C0007335,40,467,94689.81,743,11,997.64,2,1,2.2,0,0,62.0,High
C0007336,61,4148,66579.51,775,14,8300.69,0,1,10.3,0,0,44.0,Medium
C0007337,66,3373,140099.92,653,13,1388.12,2,0,5.0,1,0,60.5,High
C0007338,28,3896,32077.85,636,4,1664.34,1,1,2.5,1,0,62.8,High
C0007339,35,3275,66175.25,677,16,3732.8,2,0,12.9,2,0,55.5,High
C0007340,28,3067,62230.98,623,6,4926.63,1,0,8.5,2,0,61.7,High
C0007341,25,5693,57310.07,702,8,933.58,1,0,15.6,0,0,43.5,Medium
C0007342,51,352,50234.42,621,8,5612.57,0,1,9.0,1,1,60.4,High
C0007343,39,581,50787.47,627,8,2191.02,1,0,20.8,1,0,53.7,High
C0007344,43,5621,68250.83,731,11,2077.83,3,1,22.2,1,0,52.5,High
C0007345,50,5324,73226.25,736,7,1973.14,0,0,10.0,1,0,38.4,Medium
C0007346,18,2487,71239.64,668,11,2176.22,1,1,18.9,0,0,55.4,High
C0007347,60,3257,120352.81,567,6,798.43,1,0,0.5,2,1,76.3,Very High
C0007348,37,2713,32022.26,778,5,2865.46,2,1,8.2,1,0,60.1,High
C0007349,49,5982,22890.19,656,9,2512.3,1,0,14.8,1,1,55.4,High
C0007350,51,2752,108469.08,845,6,1732.74,1,1,10.5,2,0,47.4,Medium
C0007351,61,4566,36899.41,680,11,2514.69,0,1,4.5,1,0,51.2,High
C0007352,41,2209,50321.01,700,10,1925.4,0,0,1.8,1,0,50.3,High
C0007353,18,2306,44277.63,658,9,2096.6,1,1,14.0,1,0,58.3,High
C0007354,43,4057,43759.23,708,14,2886.13,3,0,19.8,2,0,59.5,High
C0007355,45,2412,27801.48,850,8,1899.53,1,0,3.7,0,0,26.5,Medium
C0007356,28,113,45326.61,664,14,1327.37,0,0,13.5,0,1,42.3,Medium
C0007357,44,1062,88611.93,786,7,3602.79,2,0,16.1,0,1,42.7,Medium
C0007358,37,5244,61866.08,697,5,1093.81,1,2,10.7,0,0,62.0,High
C0007359,23,2220,81827.49,778,12,4357.65,3,1,14.1,0,0,56.1,High
C0007360,51,641,47195.06,545,12,1759.53,0,1,10.0,0,0,77.6,Very High
C0007361,34,5636,101870.22,836,8,3887.23,2,2,7.7,1,0,44.7,Medium
C0007362,36,5998,46877.38,716,8,5601.61,0,0,6.2,1,0,53.1,High
C0007363,36,3013,19441.85,670,7,2116.77,0,1,10.9,0,0,44.3,Medium
C0007364,59,3779,73794.0,758,15,3878.0,1,0,17.7,3,0,51.2,High
C0007365,41,4536,94556.36,701,9,3314.06,0,0,15.9,3,0,53.1,High
C0007366,43,425,45583.82,604,7,2477.57,2,1,16.0,2,0,72.7,High
C0007367,36,1801,119904.77,508,10,3255.09,2,1,7.4,0,0,81.4,Very High
C0007368,48,3387,38832.35,827,8,1834.08,2,0,17.8,0,0,28.5,Medium
C0007369,61,3312,89660.84,673,6,6396.1,1,0,3.2,1,0,63.5,High
C0007370,51,2007,161864.76,644,6,2323.88,3,0,8.6,3,0,52.8,High
C0007371,52,39,63265.26,650,15,1368.52,2,1,22.7,0,0,53.2,High
C0007372,50,5719,54738.58,800,12,1659.24,3,0,4.1,1,0,52.1,High
C0007373,23,3698,58499.31,653,5,3917.04,0,0,13.2,0,0,49.0,Medium
C0007374,30,4540,151820.19,738,17,1209.49,1,0,7.9,0,0,36.5,Medium
C0007375,39,2640,77375.08,665,8,7525.18,3,0,13.0,2,0,65.2,High
C0007376,32,3056,201632.32,596,8,5140.26,0,0,2.7,1,0,75.6,Very High
C0007377,27,2683,72292.66,758,13,988.27,1,1,9.3,1,0,50.4,High
C0007378,18,2595,43273.75,773,15,3636.86,2,0,4.3,0,0,46.6,Medium
C0007379,23,4033,44979.44,639,10,1172.81,3,1,8.5,1,0,60.2,High
C0007380,38,5975,64136.81,687,9,1279.74,1,1,17.5,1,0,44.0,Medium
C0007381,41,4670,20174.25,697,6,1621.98,4,1,8.5,2,1,60.1,High
C0007382,31,4014,47745.75,723,17,1357.89,0,1,8.9,0,0,52.2,High
C0007383,43,102,48332.08,838,5,3525.41,3,0,15.8,2,0,46.9,Medium
C0007384,36,3098,70740.54,666,14,2594.25,2,1,19.9,1,0,64.4,High
C0007385,57,5735,180392.39,665,11,2895.57,1,1,7.0,1,0,59.1,High
C0007386,40,2405,63897.71,677,9,2204.31,4,0,5.5,1,0,61.7,High
C0007387,52,3310,21534.84,619,9,1561.02,0,0,22.8,0,0,41.8,Medium
C0007388,45,1967,37505.41,561,16,1568.38,0,0,5.4,1,0,51.1,High
C0007389,22,1171,71621.31,700,12,4513.72,1,0,14.9,1,0,46.7,Medium
C0007390,41,4241,65253.62,730,8,1753.68,1,1,3.1,1,0,49.4,Medium
C0007391,25,1901,151499.89,690,11,5450.15,0,1,7.8,1,0,65.4,High
C0007392,40,3539,105127.82,685,7,1455.58,3,1,10.3,2,0,73.1,High
C0007393,32,3573,103409.61,623,9,2266.75,5,1,10.0,1,1,69.1,High
C0007394,47,5093,55020.79,709,11,2690.05,3,1,6.9,0,0,58.4,High
C0007395,23,5630,113482.76,703,8,4743.23,0,2,5.5,1,0,37.7,Medium
C0007396,42,3334,37878.23,726,5,4131.1,2,2,19.3,1,0,57.3,High
C0007397,50,330,105604.0,714,4,2686.56,0,1,3.6,1,0,53.9,High
C0007398,55,3506,53080.2,720,6,2309.42,0,0,8.7,1,0,47.8,Medium
C0007399,31,5311,27958.97,789,9,1218.71,1,1,10.6,1,0,50.0,Medium
C0007400,42,2879,85919.82,733,5,1941.33,2,0,15.6,2,0,50.6,High
C0007401,45,3401,133724.72,726,12,9575.68,2,1,7.6,1,0,55.0,High
C0007402,64,4582,49575.83,559,10,1179.91,4,2,7.3,2,0,86.1,Very High
C0007403,21,2650,146445.5,769,11,1526.23,2,0,20.5,0,0,34.1,Medium
C0007404,29,2507,24937.36,668,6,895.9,2,1,7.4,0,0,58.6,High
C0007405,81,2908,32101.35,696,11,1353.55,2,2,18.4,0,0,62.0,High
C0007406,38,5116,57193.2,595,7,1019.61,0,0,5.3,1,0,55.6,High
C0007407,18,2943,50562.7,847,16,991.7,5,1,5.0,0,0,63.0,High
C0007408,34,1982,42957.49,504,12,2713.67,1,0,6.4,0,0,67.9,High
C0007409,18,3592,66730.17,802,12,3536.88,2,0,15.9,3,0,42.2,Medium
C0007410,45,4164,46358.73,722,9,2766.81,2,0,14.5,2,0,46.4,Medium
C0007411,53,5478,50891.62,547,7,1132.43,0,0,23.1,1,0,55.4,High
C0007412,29,5361,72259.82,843,9,736.26,0,0,21.9,2,0,25.0,Low
C0007413,35,4705,42947.96,729,13,582.3,5,1,7.6,1,0,67.6,High
C0007414,55,4621,58488.16,513,5,996.14,0,1,8.6,0,0,71.8,High
C0007415,18,2712,43470.73,658,10,1129.27,1,2,7.8,2,0,81.6,Very High
C0007416,23,2075,31945.88,730,9,1632.65,4,0,2.4,2,0,57.0,High
C0007417,39,3390,94365.03,818,11,2608.89,0,1,11.6,4,0,43.7,Medium
C0007418,31,4246,158605.71,659,6,1710.96,0,0,12.4,0,0,51.0,High
C0007419,38,3125,111346.73,491,18,6161.66,1,0,3.6,2,0,78.5,Very High
C0007420,24,1265,74409.1,799,9,9853.55,1,0,11.2,1,0,43.4,Medium
C0007421,45,118,43566.73,727,9,2052.95,1,0,2.4,1,0,58.1,High
C0007422,40,377,52948.99,523,11,634.01,1,1,6.9,1,0,69.5,High
C0007423,50,2574,110885.27,716,11,1551.92,2,0,10.9,3,0,55.8,High
C0007424,45,4754,17677.92,724,11,1849.75,0,1,5.5,0,0,52.3,High
C0007425,45,4745,50771.81,666,11,3436.11,2,2,3.1,0,0,54.0,High
C0007426,22,4853,92841.91,628,5,923.11,0,1,6.0,0,0,52.9,High
C0007427,49,4263,33151.24,644,7,766.02,3,2,19.6,3,1,71.8,High
C0007428,37,166,78256.97,666,9,2608.52,1,1,9.3,2,0,65.7,High
C0007429,40,5303,76285.16,717,9,1541.91,1,1,5.1,1,0,53.0,High
C0007430,57,5688,27861.66,749,13,1526.16,0,0,10.7,0,0,42.1,Medium
C0007431,32,5103,65038.04,529,13,1241.9,1,0,3.6,2,1,57.0,High
C0007432,61,2692,44147.64,709,14,1692.15,1,0,13.9,0,0,39.7,Medium
C0007433,62,1311,77943.85,727,14,2503.94,0,0,6.5,0,0,31.5,Medium
C0007434,53,5434,89614.59,703,12,461.36,1,1,18.7,0,0,50.4,High
C0007435,28,1135,77211.68,660,7,2223.52,1,2,21.4,0,0,52.7,High
C0007436,18,4735,64525.48,796,9,3439.74,2,0,8.8,1,0,49.4,Medium
C0007437,57,5793,72676.17,791,9,2942.06,2,3,10.1,1,0,57.5,High
C0007438,44,5406,32469.42,663,8,8655.15,1,1,13.5,1,0,54.2,High
C0007439,32,3140,60960.18,684,6,1655.46,1,1,17.2,0,0,53.4,High
C0007440,58,5005,40007.57,748,5,2071.07,0,0,11.8,2,1,46.4,Medium
C0007441,30,4990,109342.01,786,14,5034.26,0,0,16.1,0,0,30.8,Medium
C0007442,36,5844,90279.95,629,11,2278.65,2,1,13.6,2,0,68.4,High
C0007443,49,2181,90139.2,612,11,5853.4,1,0,9.0,2,0,53.6,High
C0007444,26,3785,159103.47,711,9,3741.21,0,2,5.6,0,0,54.8,High
C0007445,40,4908,51709.77,606,13,2415.63,3,1,10.9,2,0,76.1,Very High
C0007446,57,1386,45841.07,544,6,2183.65,1,1,11.3,0,0,66.2,High
C0007447,45,1376,51042.21,628,5,1888.7,0,0,8.2,2,0,53.2,High
C0007448,59,2355,25684.93,721,11,2150.91,2,0,4.7,0,0,41.6,Medium
C0007449,58,2179,26820.42,807,10,1269.81,3,0,3.7,1,0,52.7,High
C0007450,42,4518,87246.81,637,5,3417.02,2,2,17.2,0,0,57.0,High
C0007451,18,5617,28783.64,681,12,7635.09,1,0,12.0,1,0,39.8,Medium
C0007452,27,967,34327.01,702,9,677.58,0,0,5.5,0,0,45.7,Medium
C0007453,53,1971,58626.6,641,9,4733.71,0,1,12.9,0,0,45.1,Medium
C0007454,20,5581,49422.67,635,9,2574.78,1,3,12.4,1,0,57.9,High
C0007455,37,3580,100911.43,715,10,4337.66,0,0,22.9,2,0,47.1,Medium
C0007456,47,1255,64096.39,600,3,1502.13,3,0,10.2,1,0,68.8,High
C0007457,63,3633,39963.9,632,17,1955.35,1,2,26.1,1,0,62.1,High
C0007458,34,5259,105798.1,675,12,5008.08,1,2,5.7,0,0,71.5,High
C0007459,33,2261,92570.42,714,11,2130.63,0,0,9.1,1,0,47.1,Medium
C0007460,41,2917,28533.92,576,8,3761.07,1,1,9.9,0,0,66.4,High
C0007461,47,3693,71227.65,680,10,1500.75,0,0,17.9,3,0,45.7,Medium
C0007462,40,5048,41839.55,593,15,1933.92,3,0,8.0,1,0,79.6,Very High
C0007463,57,3400,41237.32,639,9,3063.37,2,0,9.1,0,0,52.2,High
C0007464,31,5751,173359.5,749,11,2861.92,3,1,9.0,0,0,67.2,High
C0007465,44,4537,66385.83,684,7,3765.69,1,0,7.7,1,0,43.9,Medium
C0007466,48,2550,55008.53,815,7,1762.67,0,2,3.3,1,0,42.0,Medium
C0007467,36,2940,64965.58,685,11,2199.97,0,1,2.4,1,0,60.5,High
C0007468,54,4188,100280.03,763,8,4130.55,1,0,18.2,0,0,46.7,Medium
C0007469,44,451,42150.73,750,6,5619.04,0,0,5.6,0,0,31.8,Medium
C0007470,53,1383,46301.15,689,10,1275.2,2,1,6.5,2,0,63.7,High
C0007471,45,1452,88970.4,591,15,4762.03,2,3,7.7,0,0,80.6,Very High
C0007472,47,4810,26926.75,682,7,1334.84,0,0,10.9,0,0,50.6,High
C0007473,33,4940,106917.65,650,16,2518.13,3,2,10.6,0,1,72.4,High
C0007474,33,4924,25643.38,647,16,2642.91,0,0,7.9,2,0,48.1,Medium
C0007475,59,658,54161.08,702,12,1602.74,0,0,16.1,0,0,54.6,High
C0007476,51,1792,25733.05,581,9,1960.2,1,2,4.6,3,1,67.3,High
C0007477,28,1893,34681.14,624,12,696.62,0,0,9.8,0,0,56.5,High
C0007478,45,174,126577.04,614,10,3523.86,2,0,8.4,0,1,68.5,High
C0007479,18,1569,110121.71,671,11,1836.8,3,1,24.6,0,0,66.8,High
C0007480,34,2604,116788.15,632,5,2140.94,2,1,7.1,1,0,74.4,High
C0007481,55,5317,27943.67,637,10,1516.53,0,0,19.5,0,0,56.5,High
C0007482,40,1044,34780.38,700,9,3531.38,2,2,9.6,1,0,72.1,High
C0007483,44,5165,74743.65,657,9,2481.59,1,2,7.0,0,0,60.5,High
C0007484,18,4916,91886.95,690,7,1042.38,2,1,13.2,1,0,53.9,High
C0007485,37,975,39940.94,606,10,2044.94,0,0,9.4,3,0,68.5,High
C0007486,47,1588,45093.03,628,10,1122.63,1,0,7.6,0,0,63.0,High
C0007487,49,2765,33277.89,843,10,2229.3,0,0,8.5,3,0,42.0,Medium
C0007488,55,5663,154341.75,638,14,3428.96,2,0,4.2,1,0,61.6,High
C0007489,39,4716,47746.64,532,9,2493.52,2,0,16.3,2,0,56.3,High
C0007490,40,5831,63076.3,716,19,2917.68,0,1,5.4,4,0,65.4,High
C0007491,23,1896,64918.91,637,10,4373.56,4,0,13.1,0,0,67.1,High
C0007492,39,5455,113889.15,708,9,1292.17,1,1,14.4,0,0,56.0,High
C0007493,24,5738,36718.39,683,18,1654.24,0,0,7.7,1,0,46.5,Medium
C0007494,18,3609,117881.26,731,9,682.89,2,1,13.4,0,0,51.5,High
C0007495,27,949,30686.97,683,11,1719.08,1,1,9.2,1,0,52.2,High
C0007496,63,1626,117716.66,673,13,1476.7,1,1,8.4,1,0,55.3,High
C0007497,38,798,24136.36,776,10,3365.46,3,0,3.1,0,0,51.5,High
C0007498,45,4849,58535.23,524,13,2969.32,1,2,5.6,0,0,93.1,Very High
C0007499,35,1899,151581.72,591,17,5835.87,1,0,6.2,2,0,51.4,High
C0007500,18,4218,90978.68,628,13,1588.1,2,0,13.9,2,0,65.1,High
C0007501,55,1625,78164.66,563,7,2846.95,1,1,12.6,0,1,78.1,Very High
C0007502,18,5863,34830.94,654,13,3559.66,4,2,17.7,0,0,76.3,Very High
C0007503,34,4648,41388.11,647,13,9755.27,2,0,9.9,0,0,68.5,High
C0007504,41,2282,129872.36,763,11,2919.97,3,0,3.9,1,0,41.6,Medium
C0007505,45,2875,80392.52,683,8,2132.35,0,3,8.8,0,0,51.9,High
C0007506,32,380,101166.88,674,16,2387.2,2,2,11.7,3,0,71.2,High
C0007507,18,846,64568.13,662,12,2976.97,0,0,21.5,0,0,60.6,High
C0007508,31,5990,53100.27,611,13,5371.75,1,0,2.1,1,0,59.3,High
C0007509,32,4900,94518.76,757,11,1668.43,1,0,17.2,0,0,31.7,Medium
C0007510,31,5034,71505.8,781,10,1385.91,2,0,7.6,1,0,47.6,Medium
C0007511,56,3871,56467.0,599,13,12093.86,1,1,10.6,1,0,68.8,High
C0007512,25,1352,28486.51,812,11,1057.63,1,0,15.5,1,0,39.8,Medium
C0007513,46,658,104771.73,640,11,3836.73,3,1,6.2,2,1,77.6,Very High
C0007514,44,4361,78976.38,634,8,2883.52,1,1,4.6,1,0,68.5,High
C0007515,55,2010,44420.02,725,7,2712.15,1,0,7.6,0,0,42.8,Medium
C0007516,40,34,118596.07,732,14,990.55,3,1,23.9,2,0,62.0,High
C0007517,53,164,70897.22,685,5,12798.83,0,1,4.6,1,1,46.4,Medium
C0007518,40,3360,71665.09,664,11,2467.39,0,1,3.4,1,0,53.3,High
C0007519,48,5045,100813.97,778,11,1574.0,1,0,1.4,1,0,54.8,High
C0007520,21,2196,89561.27,643,9,926.97,0,2,7.7,0,0,48.2,Medium
C0007521,18,5998,72868.42,685,12,595.36,2,0,10.4,0,0,49.9,Medium
C0007522,47,2306,55891.52,817,13,3476.94,1,1,15.7,0,0,37.0,Medium
C0007523,48,4407,184592.31,590,11,1276.35,1,0,8.5,3,0,61.6,High
C0007524,49,1489,41410.89,656,6,1848.15,2,1,5.4,5,0,73.8,High
C0007525,35,3655,93449.29,767,12,1487.2,0,1,6.2,3,0,40.9,Medium
C0007526,63,1670,59205.35,730,14,3120.63,1,1,8.8,1,0,47.4,Medium
C0007527,36,4675,79616.94,757,10,2833.91,0,1,12.2,1,0,37.9,Medium
C0007528,48,2744,122182.67,591,12,3586.95,2,0,7.1,2,0,78.0,Very High
C0007529,50,279,52235.7,714,7,3677.03,3,0,14.7,2,0,53.5,High
C0007530,66,1511,86327.17,669,7,1381.36,2,1,4.6,3,1,76.4,Very High
C0007531,38,2132,71750.22,850,5,916.79,1,2,2.6,1,0,29.5,Medium
C0007532,33,2814,43572.17,751,12,1997.61,0,1,10.0,2,1,48.4,Medium
C0007533,21,1643,123852.19,688,6,3079.39,2,0,14.1,2,0,63.1,High
C0007534,64,3476,91678.48,711,5,2360.4,1,0,2.6,0,0,52.6,High
C0007535,48,5782,48819.6,694,11,652.73,1,0,36.9,1,0,45.2,Medium
C0007536,48,4275,113762.27,742,11,2283.76,0,3,11.5,0,0,44.2,Medium
C0007537,86,1888,39246.16,626,13,1148.07,1,1,12.2,2,0,61.5,High
C0007538,47,4072,61021.15,792,9,2231.88,2,0,11.9,1,0,49.0,Medium
C0007539,24,5801,48962.82,591,11,4118.12,2,1,7.5,1,0,73.1,High
C0007540,39,1474,93724.16,705,7,435.09,0,0,9.5,1,1,55.0,High
C0007541,28,1417,47622.65,628,8,5859.61,2,1,8.4,2,0,69.5,High
C0007542,36,263,94094.55,693,10,1114.64,2,1,10.5,1,0,64.3,High
C0007543,36,5058,85977.66,764,14,4203.0,1,1,6.4,3,0,63.0,High
C0007544,34,5001,50438.13,562,8,3800.49,1,1,14.2,1,0,73.3,High
C0007545,22,2499,169606.16,677,8,1808.85,1,1,8.6,1,0,55.1,High
C0007546,64,5237,41151.29,582,14,2956.05,2,0,31.2,1,0,60.0,High
C0007547,46,3919,28564.84,669,9,1394.45,0,1,14.3,0,0,56.2,High
C0007548,39,5873,99284.44,582,11,716.5,1,1,9.2,1,0,72.4,High
C0007549,53,5538,19009.9,702,13,4608.89,1,0,3.9,2,0,52.4,High
C0007550,49,5759,140841.29,658,8,1411.14,3,1,23.2,2,0,61.6,High
C0007551,46,2372,65568.74,746,8,7091.96,1,0,3.3,1,0,40.3,Medium
C0007552,52,3813,28283.9,782,10,3905.64,2,0,10.4,1,1,50.1,High
C0007553,44,1028,36799.3,691,10,1270.57,4,1,3.6,1,0,71.6,High
C0007554,51,5368,25238.88,757,9,3225.27,0,0,18.9,0,0,39.6,Medium
C0007555,53,1928,76532.85,794,14,3100.54,3,1,16.2,1,0,48.9,Medium
C0007556,44,2704,29884.25,621,13,6740.31,2,0,8.7,0,0,68.9,High
C0007557,39,3577,81718.74,798,20,1601.02,0,1,5.3,0,0,50.4,High
C0007558,63,4730,52430.11,687,5,1891.71,0,3,4.8,1,0,62.1,High
C0007559,35,4398,47735.92,617,10,2915.65,0,1,12.1,1,0,52.2,High
C0007560,47,5733,82045.56,712,14,2226.12,0,0,5.3,1,0,33.0,Medium
C0007561,48,4286,87362.46,685,13,891.18,2,0,13.2,1,0,45.7,Medium
C0007562,33,4783,116434.16,584,17,4255.03,1,1,16.1,2,0,70.9,High
C0007563,31,3447,43752.83,607,11,6216.93,1,2,7.4,1,0,61.8,High
C0007564,37,2512,60991.78,813,8,2430.55,0,1,3.0,1,0,45.7,Medium
C0007565,35,5482,43715.58,711,7,961.98,0,0,9.0,3,0,42.7,Medium
C0007566,22,2285,67814.6,801,4,2044.06,0,0,18.1,0,0,22.4,Low
C0007567,33,3733,40409.91,659,9,1218.24,1,1,13.3,0,0,58.5,High
C0007568,46,1770,49101.09,630,9,1858.97,1,0,15.9,0,0,52.0,High
C0007569,60,2909,49238.91,564,6,2481.82,4,0,5.9,0,0,69.1,High
C0007570,50,2221,72855.86,763,6,3369.92,1,1,26.8,1,0,46.2,Medium
C0007571,18,1572,62100.85,721,13,5483.88,2,0,7.2,1,0,64.2,High
C0007572,51,4928,81908.3,659,9,3307.13,3,1,11.0,2,0,62.6,High
C0007573,34,4610,58456.7,631,9,1106.02,2,2,5.6,3,0,73.7,High
C0007574,48,4217,45072.41,775,9,3426.94,1,0,14.1,1,0,37.5,Medium
C0007575,42,525,68878.22,677,8,1827.09,1,0,7.0,1,0,56.9,High
C0007576,39,1521,37437.89,678,20,1966.08,2,1,4.7,1,0,62.8,High
C0007577,41,1331,84789.46,645,15,2180.03,2,1,37.8,3,0,54.3,High
C0007578,42,4277,52991.34,659,9,2401.89,2,0,15.3,1,0,69.2,High
C0007579,61,5357,69381.49,731,13,4248.86,0,0,13.3,0,0,29.7,Medium
C0007580,42,2294,69975.67,584,14,3038.59,0,1,2.9,2,0,67.2,High
C0007581,57,2002,149602.89,696,9,1018.03,2,0,4.0,1,0,60.7,High
C0007582,55,3359,76478.18,762,8,828.69,0,1,19.6,1,0,38.3,Medium
C0007583,51,5926,64547.72,684,13,3357.13,3,2,5.8,2,1,73.4,High
C0007584,18,2241,42365.33,769,12,3122.42,2,1,37.6,0,0,41.5,Medium
C0007585,58,1691,96394.22,791,7,4993.76,0,0,5.6,1,0,47.1,Medium
C0007586,36,3144,53437.96,758,10,2063.6,3,0,14.0,0,0,56.0,High
C0007587,52,5497,26792.45,650,12,2639.15,2,0,3.8,0,0,57.8,High
C0007588,28,4386,55691.96,687,6,3000.52,3,1,13.0,2,0,70.3,High
C0007589,25,3123,68886.06,716,13,801.0,0,0,8.1,1,0,56.8,High
C0007590,70,4394,39525.9,655,13,771.43,3,1,9.4,1,1,68.0,High
C0007591,29,120,58098.23,652,10,3549.42,2,1,26.9,2,0,55.9,High
C0007592,58,4526,59609.73,648,9,2796.74,1,0,7.0,0,0,50.9,High
C0007593,44,612,60122.55,850,8,5279.5,1,0,20.0,3,0,41.0,Medium
C0007594,36,2364,122264.58,670,9,7292.81,1,0,11.5,0,0,45.2,Medium
C0007595,41,2118,30137.72,770,10,1809.77,0,0,8.1,0,0,35.1,Medium
C0007596,24,4152,189753.48,625,8,1749.51,0,1,4.6,0,0,60.0,High
C0007597,42,1462,60890.37,818,11,910.91,3,0,3.9,1,0,42.0,Medium
C0007598,27,1455,85306.49,662,10,3080.86,3,2,4.1,0,0,68.9,High
C0007599,36,5309,66516.12,694,11,577.29,1,1,2.2,0,0,61.9,High
C0007600,55,2880,23994.42,553,5,1170.87,1,0,18.4,1,0,54.4,High
C0007601,46,4456,34674.92,774,14,2688.76,3,0,5.4,1,0,53.9,High
C0007602,21,3511,46468.87,790,11,1433.61,1,1,11.8,0,0,47.2,Medium
C0007603,54,3730,107091.14,601,10,2133.45,3,2,4.0,2,0,88.1,Very High
C0007604,42,4128,28955.43,778,5,1923.02,1,0,26.7,2,0,39.1,Medium
C0007605,34,4015,38724.74,590,11,1067.88,0,1,11.9,2,0,62.4,High
C0007606,52,5474,67884.13,737,8,574.45,3,0,10.1,1,0,51.4,High
C0007607,40,4715,80415.38,668,8,3467.77,0,0,13.7,0,0,40.7,Medium
C0007608,26,1849,79093.51,790,5,1959.83,1,0,3.1,1,0,52.2,High
C0007609,68,1042,36086.96,709,10,2743.35,1,0,1.5,0,0,51.8,High
C0007610,42,5076,25744.97,760,16,2117.89,1,1,13.7,0,0,45.2,Medium
C0007611,41,2254,83397.4,783,8,2093.51,2,2,3.7,1,0,55.9,High
C0007612,36,1887,136367.38,668,7,2446.67,0,2,12.2,0,0,53.0,High
C0007613,59,693,51275.78,688,13,1941.44,3,0,26.7,2,0,50.8,High
C0007614,35,3324,33034.64,607,9,1765.45,1,1,8.8,0,0,60.7,High
C0007615,20,3087,48945.15,667,13,1144.76,0,2,2.7,0,0,53.0,High
C0007616,32,4973,77004.88,835,9,11046.19,2,1,2.4,1,0,45.4,Medium
C0007617,61,4499,54538.43,747,16,4233.32,1,1,5.5,1,0,48.0,Medium
C0007618,54,4347,134436.35,612,14,5798.59,2,0,9.1,1,0,61.6,High
C0007619,38,3244,103117.41,812,12,5019.52,1,0,8.0,0,0,27.2,Medium
C0007620,61,5181,68615.63,719,6,1834.84,2,0,11.6,0,0,57.8,High
C0007621,52,5900,21163.05,752,6,1954.87,0,0,4.6,1,0,43.8,Medium
C0007622,38,4894,42367.83,727,10,2204.11,0,0,9.2,1,0,41.4,Medium
C0007623,40,2107,45865.91,721,5,1736.28,1,0,9.9,0,0,43.2,Medium
C0007624,47,1679,41120.04,540,12,3892.67,1,0,3.1,4,1,84.8,Very High
C0007625,30,37,68860.73,773,8,1296.55,5,2,6.3,2,1,64.5,High
C0007626,42,5957,69646.16,521,13,1099.66,2,1,11.0,1,0,83.3,Very High
C0007627,46,4403,24689.87,766,9,947.24,1,1,4.7,1,0,45.2,Medium
C0007628,18,5623,96511.61,697,7,1782.19,0,1,14.6,0,0,51.5,High
C0007629,39,4732,62552.26,753,8,1618.89,0,3,16.5,3,0,59.3,High
C0007630,38,2598,75477.69,702,11,1471.42,1,0,2.9,1,0,61.7,High
C0007631,56,895,93390.43,768,9,2323.08,3,1,7.7,0,0,54.9,High
C0007632,18,311,40662.29,691,10,1031.13,1,1,4.8,0,0,52.7,High
C0007633,37,4758,123907.15,711,13,3564.19,0,0,6.7,0,0,52.9,High
C0007634,35,1841,57348.57,720,11,1078.3,1,1,7.7,1,0,58.2,High
C0007635,55,2294,142456.31,831,13,1026.56,3,1,5.8,1,0,37.5,Medium
C0007636,41,5021,37919.73,735,8,1447.82,0,1,8.6,1,0,58.2,High
C0007637,67,2903,136752.13,591,14,2011.15,1,0,7.0,1,0,56.4,High
C0007638,51,5706,37710.67,648,13,3848.98,2,1,5.9,0,0,66.9,High
C0007639,36,3293,251882.85,735,11,2095.81,1,3,11.5,2,0,60.4,High
C0007640,45,4995,36731.17,784,15,775.24,1,0,13.0,1,0,19.8,Low
C0007641,37,781,110858.77,636,13,3020.29,3,3,14.2,1,0,85.2,Very High
C0007642,54,2398,50796.0,850,9,2982.8,2,0,7.9,1,0,46.3,Medium
C0007643,23,1123,91872.04,703,6,1508.66,0,0,7.2,2,0,46.7,Medium
C0007644,30,367,60633.38,722,14,2458.39,1,0,10.3,2,1,66.2,High
C0007645,48,5950,34020.31,596,7,5589.77,2,0,12.5,2,1,63.9,High
C0007646,59,3119,13314.82,774,9,1254.49,3,1,9.8,2,0,54.5,High
C0007647,18,2141,246239.64,657,11,4107.36,3,0,8.4,1,0,59.3,High
C0007648,61,2277,64540.81,634,5,5008.15,0,2,48.0,1,0,52.4,High
C0007649,40,1468,12282.71,666,7,2466.37,2,1,9.4,2,0,67.0,High
C0007650,18,764,73227.36,794,16,989.68,1,0,8.2,2,0,42.7,Medium
C0007651,18,5482,90595.73,725,9,5144.62,0,0,16.2,1,0,39.3,Medium
C0007652,21,661,41839.46,623,9,3990.24,0,2,13.9,0,0,65.1,High
C0007653,42,2326,41994.53,650,12,3142.15,1,1,24.7,0,0,47.7,Medium
C0007654,41,943,61327.07,796,10,2126.35,1,0,10.2,1,0,44.4,Medium
C0007655,51,5579,120128.4,672,19,4668.12,3,2,10.2,0,1,67.5,High
C0007656,34,1258,65504.08,732,10,1266.07,2,0,19.9,4,0,38.0,Medium
C0007657,26,2382,138643.83,750,11,3840.44,1,0,20.2,1,1,42.2,Medium
C0007658,36,4530,115503.97,434,8,1784.89,0,0,7.0,2,0,70.1,High
C0007659,42,3434,54669.32,785,7,739.91,0,1,1.8,3,0,50.5,High
C0007660,45,2308,26136.85,626,10,1145.07,2,4,10.9,3,0,83.2,Very High
C0007661,31,3395,54732.92,663,6,2860.54,1,1,13.9,0,0,63.3,High
C0007662,55,2638,82822.5,805,10,2541.83,0,0,6.2,1,0,39.8,Medium
C0007663,33,1757,64076.38,799,10,2934.61,3,1,12.5,2,0,55.0,High
C0007664,30,3602,87888.42,727,11,1733.03,0,1,3.3,0,0,43.9,Medium
C0007665,34,2210,99685.02,745,15,2523.44,0,0,5.3,3,0,45.0,Medium
C0007666,57,5761,83022.08,763,12,3303.6,0,1,4.1,0,0,52.3,High
C0007667,40,2795,53287.6,797,12,10200.3,1,0,9.7,2,0,38.0,Medium
C0007668,32,4546,82522.44,807,10,1705.01,0,1,3.9,1,0,38.5,Medium
C0007669,55,1429,212013.66,698,7,4282.49,1,1,15.8,1,0,51.3,High
C0007670,72,3884,27322.23,635,10,3349.27,0,2,6.1,0,0,71.9,High
C0007671,45,3370,81056.18,671,6,2382.57,3,2,6.7,0,0,62.6,High
C0007672,59,4470,169819.51,700,11,944.2,2,0,7.9,2,0,70.8,High
C0007673,57,2786,32495.77,686,13,5429.65,1,1,4.4,1,0,68.2,High
C0007674,34,4324,107526.73,614,14,2586.23,1,3,8.6,2,0,82.2,Very High
C0007675,42,379,115726.41,723,15,1498.37,1,1,6.5,3,0,53.8,High
C0007676,24,4150,27518.79,572,5,1238.13,1,0,5.7,1,0,63.2,High
C0007677,39,4528,91737.69,696,6,2606.76,1,0,10.4,3,0,51.8,High
C0007678,33,2993,53405.33,701,12,1195.82,3,0,4.4,0,0,63.4,High
C0007679,36,234,59972.68,699,7,1520.14,3,1,7.0,2,0,65.0,High
C0007680,32,3414,51852.82,754,7,1497.89,3,1,7.5,2,0,59.4,High
C0007681,38,4694,127627.18,744,5,2267.02,1,4,10.1,1,0,58.8,High
C0007682,49,2785,58292.17,850,14,3250.39,1,0,8.8,1,1,40.3,Medium
C0007683,40,592,48053.35,651,6,1789.54,1,0,10.4,1,0,55.6,High
C0007684,18,2387,48503.11,711,15,1916.07,0,0,5.7,3,0,42.6,Medium
C0007685,32,5964,51397.52,706,7,2360.4,2,0,6.1,0,0,52.6,High
C0007686,21,1646,34239.84,703,11,1352.44,1,2,1.8,1,0,55.2,High
C0007687,45,3190,47820.8,595,13,1501.93,0,0,6.5,1,0,48.5,Medium
C0007688,49,2150,66145.22,601,10,1623.68,0,2,7.2,1,0,51.3,High
C0007689,46,4282,77443.15,690,6,2652.94,4,0,9.0,1,0,52.4,High
C0007690,31,2588,120223.9,572,9,6259.94,0,1,4.9,0,0,73.4,High
C0007691,45,2324,70786.82,665,11,978.98,2,1,20.8,1,0,49.4,Medium
C0007692,35,3488,47759.41,641,5,2569.99,4,0,11.1,1,0,70.4,High
C0007693,26,3443,35554.35,668,10,1895.07,0,0,4.2,2,0,68.2,High
C0007694,52,3014,72900.99,775,9,1970.13,1,1,5.4,1,0,40.8,Medium
C0007695,53,1571,58124.1,609,11,1602.0,2,0,6.3,1,0,62.8,High
C0007696,55,674,59190.43,755,14,4619.41,2,3,11.9,3,1,76.4,Very High
C0007697,33,4152,71630.83,647,7,454.6,1,1,7.5,2,0,70.7,High
C0007698,59,2059,82500.01,656,7,1051.57,1,0,19.1,3,0,65.5,High
C0007699,35,3688,71915.28,725,4,4468.11,2,0,6.9,1,0,49.1,Medium
C0007700,51,2275,56449.67,669,11,4690.78,3,0,10.9,1,0,66.4,High
C0007701,35,5128,39899.92,623,13,6906.24,1,1,8.9,4,1,64.1,High
C0007702,39,4250,44260.95,662,17,2685.24,0,0,4.7,0,0,46.4,Medium
C0007703,18,2441,98857.29,557,4,3009.84,0,0,5.7,4,0,83.3,Very High
C0007704,38,2017,49114.88,719,12,655.37,0,0,3.9,0,0,50.3,High
C0007705,43,4501,29571.49,457,17,2204.2,2,5,22.1,1,0,100.0,Very High
C0007706,36,77,117319.44,757,10,3165.06,1,2,19.7,0,0,37.2,Medium
C0007707,67,373,36922.69,736,5,1602.09,0,1,12.4,1,0,41.8,Medium
C0007708,26,533,63213.65,810,14,2072.02,0,1,18.8,1,0,26.2,Medium
C0007709,34,2094,81229.14,850,12,4900.7,1,1,8.9,0,0,36.8,Medium
C0007710,29,2997,62109.84,760,16,5670.9,1,1,5.6,1,0,62.7,High
C0007711,34,1778,15865.68,643,11,2588.7,0,0,7.4,1,0,51.5,High
C0007712,56,1155,76853.64,850,9,2128.47,4,2,5.7,1,0,56.4,High
C0007713,63,1898,128597.73,600,9,3533.39,0,1,20.8,4,0,66.5,High
C0007714,32,2982,95557.4,547,11,1730.36,1,0,5.5,0,0,65.5,High
C0007715,32,1805,19277.48,829,9,4336.61,1,1,16.6,2,0,40.7,Medium
C0007716,26,3458,199760.42,735,12,1564.04,2,1,3.1,2,1,55.0,High
C0007717,60,2311,29901.72,549,6,3582.14,0,1,10.2,0,0,62.3,High
C0007718,58,5602,34260.86,588,16,2172.03,0,1,5.5,0,0,62.4,High
C0007719,41,5954,95313.08,731,19,1471.12,1,0,23.6,2,0,47.1,Medium
C0007720,22,3943,79535.0,625,9,2778.54,1,0,4.8,1,0,69.2,High
C0007721,24,3342,64800.85,636,11,1704.83,3,3,11.7,0,0,68.4,High
C0007722,44,215,45329.63,837,9,4198.55,1,1,8.6,1,0,46.7,Medium
C0007723,50,3746,128908.85,850,11,1152.75,3,1,14.9,1,0,42.8,Medium
C0007724,18,2302,60673.39,701,11,2545.93,3,0,8.3,1,1,58.5,High
C0007725,38,1760,26204.6,679,9,1366.98,1,1,18.5,0,0,45.1,Medium
C0007726,65,4766,122107.2,758,8,4802.79,1,2,8.0,0,0,51.0,High
C0007727,39,281,69947.23,648,13,3500.82,0,1,11.2,0,0,53.2,High
C0007728,63,1585,114478.62,523,8,2136.88,2,0,3.3,2,0,79.0,Very High
C0007729,51,4652,84947.73,483,8,2178.25,2,2,9.5,0,0,73.3,High
C0007730,27,5552,231025.22,684,14,6575.28,1,1,3.3,1,0,51.2,High
C0007731,38,3102,52281.93,756,7,3603.4,4,0,13.7,1,0,61.5,High
C0007732,40,3188,62551.22,691,12,1346.08,1,2,7.2,1,0,53.4,High
C0007733,29,5803,92115.32,751,9,4039.07,1,1,1.1,1,0,51.6,High
C0007734,28,581,52459.88,758,8,1526.03,0,0,11.3,1,0,35.3,Medium
C0007735,63,2901,96407.61,794,9,2430.04,2,1,14.3,1,1,46.9,Medium
C0007736,28,1472,12256.51,704,8,562.48,0,1,9.3,1,0,50.3,High
C0007737,57,2876,59567.11,711,10,3736.57,1,1,6.7,1,0,56.9,High
C0007738,36,5440,58585.58,687,6,1423.57,0,0,18.2,3,0,42.2,Medium
C0007739,42,3588,57429.95,671,13,1922.27,2,2,5.2,2,0,61.6,High
C0007740,50,5949,38276.06,572,6,889.52,1,0,15.6,0,0,69.7,High
C0007741,34,3045,102053.99,778,6,2473.68,0,0,13.1,0,0,46.6,Medium
C0007742,50,5182,46978.49,661,12,2303.1,1,0,17.6,0,0,41.7,Medium
C0007743,18,1043,69219.69,657,14,960.89,1,1,4.0,1,0,63.1,High
C0007744,48,1944,60745.58,649,5,2247.15,1,1,3.0,1,1,51.9,High
C0007745,18,1665,81641.25,589,10,1851.67,1,0,12.9,1,0,56.9,High
C0007746,39,4619,136205.23,684,12,4874.52,3,0,17.3,0,0,61.8,High
C0007747,54,3092,69023.12,729,9,1388.11,1,1,10.3,0,1,45.4,Medium
C0007748,51,1356,98484.85,637,13,3003.57,1,0,11.9,2,0,66.2,High
C0007749,24,1061,67142.21,768,9,845.92,1,0,7.6,1,0,31.7,Medium
C0007750,26,2325,46938.11,662,8,2317.42,1,2,22.9,2,0,65.9,High
C0007751,32,946,57356.02,575,5,2775.65,3,1,11.8,4,0,80.1,Very High
C0007752,45,4192,53047.41,793,6,2867.03,0,1,6.1,2,0,47.4,Medium
C0007753,18,5094,84743.03,705,8,2036.52,0,0,12.9,3,0,42.4,Medium
C0007754,42,5814,65745.62,755,13,6780.88,4,2,22.5,2,0,50.4,High
C0007755,46,1437,40056.42,757,13,1740.33,1,0,9.3,0,0,39.5,Medium
C0007756,38,2652,54874.85,619,12,3008.93,1,0,32.2,0,0,68.5,High
C0007757,49,3038,26786.02,651,10,1792.87,0,1,6.9,2,0,54.7,High
C0007758,45,2990,56014.05,768,14,1276.1,4,1,7.6,0,0,50.8,High
C0007759,34,2735,62044.55,828,5,1016.63,2,0,10.3,1,0,37.8,Medium
C0007760,18,1344,167633.64,695,14,1214.21,5,0,8.0,0,0,63.5,High
C0007761,44,698,130162.42,643,11,3258.48,1,0,9.2,0,1,51.5,High
C0007762,29,2437,35106.75,816,10,5212.45,0,1,10.7,0,0,37.1,Medium
C0007763,34,580,69276.63,643,6,3252.04,2,1,5.7,0,1,63.4,High
C0007764,49,406,69948.21,715,16,1769.49,1,0,4.5,0,1,53.0,High
C0007765,62,3159,54619.66,658,14,1462.38,0,3,13.3,2,0,62.9,High
C0007766,41,5155,56568.69,710,11,2447.87,0,0,15.1,2,0,47.0,Medium
C0007767,50,3257,51032.47,619,5,1118.06,0,1,4.9,1,1,49.3,Medium
C0007768,22,169,173664.29,662,11,3907.54,2,0,7.2,0,0,53.5,High
C0007769,45,5047,49315.23,643,7,2797.22,3,1,3.8,3,0,69.1,High
C0007770,41,4110,74787.43,740,6,1172.83,3,0,4.9,2,0,52.2,High
C0007771,59,1839,15427.75,702,6,5799.95,0,0,17.0,0,0,44.3,Medium
C0007772,34,1661,97523.85,756,14,1004.45,1,0,10.4,3,0,44.3,Medium
C0007773,39,5400,118922.8,628,7,2275.27,1,0,15.1,0,0,46.3,Medium
C0007774,57,2872,34761.76,674,7,3782.6,2,0,7.3,0,0,64.6,High
C0007775,41,873,46786.59,737,12,3545.83,1,2,8.0,1,0,53.1,High
C0007776,26,1710,79476.5,754,5,1465.52,2,3,9.2,0,0,63.5,High
C0007777,78,1608,62667.17,582,8,1682.82,3,0,4.7,0,0,65.2,High
C0007778,27,2418,80128.99,714,16,1182.02,1,1,10.3,0,0,44.6,Medium
C0007779,41,2094,52939.61,629,7,2536.21,0,1,4.6,2,0,51.8,High
C0007780,47,3294,172764.66,758,9,3749.1,1,2,7.0,1,0,64.8,High
C0007781,46,1959,42895.95,830,11,635.96,2,3,5.5,1,0,58.9,High
C0007782,39,3856,272462.36,494,13,3157.48,2,1,19.4,2,0,71.7,High
C0007783,39,2971,122755.25,641,5,1597.91,2,0,15.2,0,0,70.3,High
C0007784,39,5643,97983.37,710,11,2070.97,1,1,6.1,1,0,42.4,Medium
C0007785,26,4973,34983.33,690,9,1101.11,1,0,19.2,1,0,48.9,Medium
C0007786,72,2013,102253.98,760,14,1471.44,1,1,7.0,0,0,37.9,Medium
C0007787,39,281,86427.03,696,8,8032.27,2,1,4.7,0,1,49.6,Medium
C0007788,50,3521,19324.02,650,15,1765.71,1,1,2.0,3,0,45.7,Medium
C0007789,37,2049,28634.27,613,8,2184.49,2,2,10.1,0,0,67.5,High
C0007790,37,5413,75477.13,601,14,1213.86,1,0,12.7,2,0,63.8,High
C0007791,36,2451,57617.11,634,11,11790.68,2,0,16.0,0,0,62.2,High
C0007792,20,1762,46668.59,648,11,2978.13,1,1,14.3,1,0,61.1,High
C0007793,40,2055,112230.69,719,4,2169.47,0,0,42.0,2,0,36.1,Medium
C0007794,36,5194,38132.07,678,12,4001.6,0,0,6.2,1,0,58.2,High
C0007795,58,701,48267.18,641,5,2770.96,0,1,6.5,1,0,65.4,High
C0007796,25,5746,43435.11,614,7,1967.16,0,0,13.9,1,0,48.6,Medium
C0007797,34,1423,82082.72,637,11,2023.99,0,1,9.8,4,1,68.1,High
C0007798,29,5089,24081.22,648,21,808.93,1,0,14.7,0,0,56.8,High
C0007799,62,3279,47153.81,634,6,1734.72,1,1,19.9,1,0,50.0,Medium
C0007800,30,3432,24037.46,740,11,1584.07,1,1,3.4,1,0,53.5,High
C0007801,50,1251,52198.45,793,5,2710.53,1,0,7.2,0,0,30.1,Medium
C0007802,56,4341,92278.51,602,10,1917.13,3,0,4.2,3,0,70.6,High
C0007803,40,3901,93188.79,774,12,3435.71,1,1,4.4,1,1,52.7,High
C0007804,23,2901,41552.4,742,14,2347.33,2,0,8.8,3,0,59.4,High
C0007805,23,2762,83134.64,703,6,1273.35,2,2,6.9,1,0,56.6,High
C0007806,54,3595,55996.8,804,12,5790.06,0,0,9.2,1,0,37.6,Medium
C0007807,24,2846,131069.95,677,9,1711.14,4,0,11.8,0,0,67.4,High
C0007808,47,5847,57722.95,720,18,3154.14,1,0,11.1,0,0,44.2,Medium
C0007809,44,277,12084.92,699,11,938.24,1,0,11.2,1,0,47.6,Medium
C0007810,47,1529,101413.78,694,10,3629.33,2,0,23.3,1,0,58.7,High
C0007811,49,5110,48164.87,724,11,759.65,2,0,23.0,0,0,49.3,Medium
C0007812,29,4761,53320.69,693,12,7749.03,0,0,7.5,2,0,52.0,High
C0007813,28,2107,74581.49,725,8,3433.31,1,0,28.3,0,0,27.2,Medium
C0007814,52,3052,28319.34,640,8,1909.93,2,0,10.7,2,0,63.1,High
C0007815,33,191,64598.67,642,11,3189.49,2,0,11.6,0,0,54.6,High
C0007816,18,1085,83188.38,639,10,965.27,3,0,4.7,2,0,60.9,High
C0007817,51,5668,75744.79,663,15,1928.93,2,1,9.1,2,0,63.8,High
C0007818,27,3871,44599.48,766,14,3570.39,0,0,17.0,2,0,48.1,Medium
C0007819,49,260,106985.89,655,9,3192.93,0,0,11.3,0,0,63.4,High
C0007820,61,4760,35820.19,739,5,2188.95,1,1,16.0,4,0,59.2,High
C0007821,42,2439,43951.97,710,12,2700.87,1,0,14.6,2,0,42.3,Medium
C0007822,56,3425,57531.56,657,7,4441.04,3,0,3.9,1,1,60.9,High
C0007823,44,5145,72940.35,788,4,3519.85,1,1,12.7,2,0,43.4,Medium
C0007824,64,5029,51864.55,745,7,648.8,2,1,12.5,2,1,48.2,Medium
C0007825,27,844,121858.09,690,16,2188.92,1,0,5.7,1,0,57.6,High
C0007826,42,2214,72933.04,684,10,2226.85,3,1,3.7,1,0,62.1,High
C0007827,51,1657,64634.37,697,10,975.93,4,1,7.5,0,0,54.5,High
C0007828,39,5485,71536.6,575,10,1107.59,3,1,7.3,0,0,73.7,High
C0007829,58,4690,92780.14,628,8,5822.15,1,0,23.6,2,0,66.5,High
C0007830,36,3900,70778.87,725,15,1372.4,0,1,17.3,0,0,46.7,Medium
C0007831,71,379,22917.48,571,9,1670.68,1,0,10.6,0,0,56.7,High
C0007832,72,4824,112884.4,634,13,1308.2,1,0,9.6,0,0,66.7,High
C0007833,46,3378,66218.23,661,10,2878.02,0,1,7.2,1,0,54.9,High
C0007834,50,1659,90360.16,850,11,2638.05,0,0,16.8,1,0,30.5,Medium
C0007835,59,2673,49593.78,741,15,7755.83,1,0,7.6,2,0,50.4,High
C0007836,25,2693,22701.71,772,14,1552.27,0,0,9.9,1,1,51.7,High
C0007837,24,1797,17703.0,630,9,3091.92,4,1,2.0,3,1,77.8,Very High
C0007838,60,5460,36882.31,717,11,645.34,1,0,12.9,1,0,43.6,Medium
C0007839,46,5507,82405.01,558,6,875.12,0,0,6.8,1,0,69.7,High
C0007840,39,333,126592.64,665,5,5227.53,3,0,4.3,2,0,76.1,Very High
C0007841,42,5617,73201.69,728,15,4512.09,1,0,4.7,1,0,48.6,Medium
C0007842,18,2441,34757.98,584,9,2935.82,0,1,9.1,0,0,57.8,High
C0007843,39,4804,40280.44,719,8,4575.49,2,0,22.1,2,0,52.6,High
C0007844,31,4688,131048.19,726,9,1093.37,1,0,12.8,2,0,32.3,Medium
C0007845,55,3605,30150.6,645,10,6441.0,4,1,6.0,3,0,72.6,High
C0007846,56,4470,196981.43,627,10,1122.77,2,0,14.1,0,0,48.6,Medium
C0007847,50,4097,173982.55,636,9,2716.01,1,0,9.5,2,0,47.8,Medium
C0007848,48,5114,200583.68,664,9,13332.44,2,0,11.7,0,1,44.6,Medium
C0007849,21,2559,76441.08,666,8,1240.03,1,0,8.8,2,1,55.6,High
C0007850,50,4444,51382.4,728,11,5285.42,1,0,7.1,1,0,42.6,Medium
C0007851,51,5876,75423.95,650,6,4123.11,2,1,10.6,2,0,55.2,High
C0007852,59,5684,102192.28,810,11,1555.19,3,1,21.2,1,0,46.1,Medium
C0007853,72,913,43345.71,810,10,8558.95,2,0,6.7,0,0,40.3,Medium
C0007854,18,3004,33834.22,708,7,1216.38,0,2,7.3,0,0,55.6,High
C0007855,37,3075,53035.91,664,9,2148.24,0,1,8.8,0,0,55.7,High
C0007856,32,3757,40543.08,650,4,3338.28,3,0,7.8,3,0,64.5,High
C0007857,44,3892,122685.23,714,10,2067.49,1,0,6.7,1,0,54.4,High
C0007858,42,5090,44172.31,727,9,16592.87,0,1,11.3,0,0,40.9,Medium
C0007859,39,3207,65348.68,675,9,971.1,1,1,21.8,0,0,47.7,Medium
C0007860,56,4219,106463.98,661,10,6297.24,1,0,20.7,1,0,51.0,High
C0007861,27,5399,125342.21,716,6,505.57,2,2,3.2,0,0,65.4,High
C0007862,27,639,69535.82,695,7,335.97,1,0,4.5,2,0,52.0,High
C0007863,28,3866,76592.36,647,15,2277.01,2,0,15.5,0,0,44.7,Medium
C0007864,37,2220,35438.17,698,12,3552.12,1,0,5.6,3,0,63.4,High
C0007865,25,5438,108833.1,645,11,5795.08,2,1,2.2,3,0,64.3,High
C0007866,41,3328,124222.23,634,8,6258.19,0,2,4.7,4,0,73.3,High
C0007867,40,3629,22163.35,690,14,2505.4,1,0,7.5,0,0,43.4,Medium
C0007868,31,4535,163490.45,647,16,3041.64,1,1,11.1,1,1,44.2,Medium
C0007869,54,1474,42172.64,635,13,2576.39,2,1,17.0,0,0,56.7,High
C0007870,41,3275,85985.73,768,14,5931.75,1,2,6.6,3,0,62.1,High
C0007871,57,4644,64702.08,661,7,985.53,0,1,3.0,1,1,48.2,Medium
C0007872,39,4671,59974.99,828,7,1428.11,1,1,10.2,0,0,37.3,Medium
C0007873,42,1390,55342.96,737,9,3838.02,2,0,20.0,5,0,59.2,High
C0007874,34,5030,35917.5,628,5,4361.27,3,1,14.8,0,0,67.5,High
C0007875,42,1002,82701.67,777,9,5276.26,0,0,9.2,1,0,63.4,High
C0007876,52,1612,52974.46,636,10,2101.44,0,0,9.0,0,0,56.0,High
C0007877,36,5144,30173.14,838,7,1591.51,1,1,5.9,0,0,41.4,Medium
C0007878,49,3708,35088.79,707,15,3476.16,0,2,18.2,0,0,46.6,Medium
C0007879,31,3266,30456.18,731,12,1078.48,3,1,4.7,2,0,57.6,High
C0007880,53,3355,46460.83,692,11,6498.26,3,1,16.2,1,0,60.1,High
C0007881,34,5816,80958.69,710,8,1586.54,1,0,3.7,4,0,61.4,High
C0007882,54,1387,41930.75,673,6,1837.87,0,1,6.2,0,0,41.4,Medium
C0007883,43,1815,106019.95,621,8,3585.14,1,1,3.0,2,0,63.4,High
C0007884,63,2954,58065.19,715,11,1372.13,2,1,11.4,0,1,45.3,Medium
C0007885,26,5077,52876.64,767,12,1042.28,0,0,5.8,0,0,32.0,Medium
C0007886,21,3304,62574.35,601,6,4654.13,0,0,4.0,1,0,67.3,High
C0007887,33,4363,133549.15,806,8,1116.79,1,0,18.8,0,0,36.3,Medium
C0007888,23,4909,29162.92,735,8,2604.78,2,1,10.9,1,1,61.8,High
C0007889,23,5355,154182.38,657,13,2230.99,1,1,4.1,1,0,67.5,High
C0007890,51,2782,105132.6,656,8,640.09,0,1,15.5,1,0,48.2,Medium
C0007891,42,2763,61265.89,830,8,1114.13,2,3,8.2,0,0,49.4,Medium
C0007892,35,513,118842.43,760,9,2770.35,1,0,4.0,0,0,51.7,High
C0007893,37,509,51923.65,776,9,4903.26,0,0,9.0,0,0,29.7,Medium
C0007894,34,2939,72548.66,671,8,1340.52,2,0,1.6,0,0,58.3,High
C0007895,65,4502,46032.9,732,14,1236.86,2,2,18.7,1,0,51.0,High
C0007896,32,5032,105498.39,716,7,3316.28,2,2,5.1,2,0,59.1,High
C0007897,23,2468,42019.92,677,11,3704.89,0,2,10.2,0,0,56.0,High
C0007898,53,3440,60272.87,698,13,4037.28,1,0,13.3,1,0,48.8,Medium
C0007899,39,4881,90076.63,773,18,2539.5,0,0,13.5,1,0,33.6,Medium
C0007900,71,1933,110347.96,810,5,1558.38,3,2,14.9,2,0,56.1,High
C0007901,35,976,39468.35,671,10,3661.45,1,0,7.1,1,0,62.4,High
C0007902,54,5528,93818.35,592,12,2083.23,2,1,4.3,1,0,56.2,High
C0007903,57,3289,36127.08,813,10,3402.84,0,1,9.3,1,0,33.1,Medium
C0007904,35,959,19000.26,814,13,1570.27,2,1,9.8,1,0,40.0,Medium
C0007905,32,1534,41087.31,720,10,1919.37,2,1,20.9,1,0,57.9,High
C0007906,52,1981,98120.6,824,10,3115.74,2,0,7.1,1,0,44.3,Medium
C0007907,50,1230,61584.8,715,14,577.72,2,1,13.7,3,0,57.5,High
C0007908,22,2639,46195.64,622,11,5252.12,3,0,14.4,4,0,58.9,High
C0007909,26,4882,63920.97,592,9,2129.13,2,0,3.4,1,1,78.4,Very High
C0007910,18,4435,62768.55,591,7,352.26,2,0,2.1,1,0,60.0,High
C0007911,50,5504,87285.0,690,13,2455.44,3,1,7.6,1,0,54.4,High
C0007912,38,5019,25551.45,655,11,1660.01,0,1,4.4,2,0,39.1,Medium
C0007913,40,1888,58606.19,647,9,1117.34,0,0,4.8,0,0,46.0,Medium
C0007914,18,379,66386.05,682,6,7853.95,0,0,1.9,0,0,46.0,Medium
C0007915,27,935,29258.81,754,12,3790.54,1,1,8.5,4,0,52.3,High
C0007916,35,4758,29038.98,649,9,1985.34,2,1,8.2,1,0,67.1,High
C0007917,33,2061,50731.39,636,7,2279.27,3,0,1.2,3,0,72.4,High
C0007918,44,4331,62291.36,654,8,2617.09,5,0,21.7,2,0,69.7,High
C0007919,50,2762,62412.13,759,11,763.39,3,0,23.5,1,0,38.9,Medium
C0007920,74,5371,45656.35,685,10,12148.27,0,0,5.6,1,0,55.3,High
C0007921,42,3063,44638.66,711,6,2264.54,2,1,6.3,0,0,56.4,High
C0007922,58,5405,49888.34,806,8,7127.53,0,1,22.6,1,0,33.4,Medium
C0007923,30,1527,73062.95,850,6,1267.71,1,1,7.6,0,0,29.4,Medium
C0007924,19,4671,122937.48,738,10,3221.51,1,1,3.4,2,0,56.1,High
C0007925,37,3157,18281.98,731,8,1019.35,1,0,8.1,1,0,52.6,High
C0007926,20,1165,87337.99,601,15,338.02,0,0,10.6,0,0,59.5,High
C0007927,42,1426,58323.26,718,9,3960.17,1,1,5.3,0,0,48.9,Medium
C0007928,31,1903,82787.88,695,7,2497.22,0,1,7.5,3,0,60.9,High
C0007929,18,954,119007.11,757,11,1558.6,2,2,16.2,2,0,41.0,Medium
C0007930,66,5619,40928.03,661,11,245.28,0,1,4.0,1,0,54.9,High
C0007931,34,1299,104219.78,705,8,1620.27,5,1,7.8,4,1,83.6,Very High
C0007932,19,3601,31106.31,735,13,2628.22,1,0,17.4,1,0,45.0,Medium
C0007933,55,3438,66507.45,832,16,1092.22,1,2,20.8,0,0,32.5,Medium
C0007934,32,3246,54257.98,807,6,2396.9,2,0,8.6,0,0,28.4,Medium
C0007935,57,3775,63598.39,785,10,1456.3,5,2,16.3,0,1,54.4,High
C0007936,32,5496,35987.28,745,10,1007.38,2,0,15.5,2,0,46.8,Medium
C0007937,34,5808,78839.98,658,9,2005.63,1,2,16.3,0,0,61.3,High
C0007938,47,5248,148352.68,744,8,536.91,1,0,8.5,0,0,47.4,Medium
C0007939,50,2774,36328.88,632,6,3047.7,1,2,15.8,2,1,69.0,High
C0007940,53,4373,68816.22,675,9,2345.24,0,1,1.8,2,0,59.6,High
C0007941,41,1139,99272.1,823,6,3259.74,2,2,9.2,1,0,53.2,High
C0007942,49,5297,52663.73,730,14,4581.59,5,1,7.5,0,0,71.5,High
C0007943,52,1197,131020.07,707,6,1866.76,2,1,11.0,0,0,58.1,High
C0007944,45,709,48950.31,717,12,383.4,1,1,11.6,0,0,51.6,High
C0007945,40,4977,58158.51,683,11,1861.87,0,1,4.3,3,0,58.3,High
C0007946,22,4552,35905.83,528,10,1045.17,0,0,3.1,1,0,67.9,High
C0007947,50,856,66470.56,595,11,5582.89,1,0,11.3,2,0,61.9,High
C0007948,43,5794,62103.17,736,13,1728.8,1,0,15.3,1,0,42.4,Medium
C0007949,36,696,87959.82,621,11,3801.24,2,1,4.9,0,0,85.5,Very High
C0007950,60,322,43694.45,682,6,5686.61,1,0,10.0,0,0,45.0,Medium
C0007951,22,5735,42607.78,598,12,1353.15,0,0,2.3,2,0,59.9,High
C0007952,65,1361,79958.28,636,16,2310.66,1,0,19.9,0,0,44.6,Medium
C0007953,42,1431,133698.75,690,10,2256.83,0,1,10.0,1,0,66.8,High
C0007954,46,4769,87627.07,759,11,9230.68,1,0,3.3,0,0,47.4,Medium
C0007955,36,3654,171264.84,774,4,5009.99,1,1,11.6,1,0,54.9,High
C0007956,19,3134,84146.01,635,12,1101.54,1,0,15.1,2,0,71.5,High
C0007957,40,5928,82495.64,713,7,1479.23,0,0,11.5,4,1,54.2,High
C0007958,47,547,90084.26,583,9,1627.29,2,0,8.8,1,0,71.1,High
C0007959,51,5556,140559.14,694,14,1297.56,3,1,12.9,1,0,70.7,High
C0007960,39,1629,122461.65,761,8,1790.94,2,4,13.4,1,1,60.2,High
C0007961,18,3747,34139.37,685,8,1558.89,3,0,14.8,0,0,52.5,High
C0007962,20,1964,96298.66,789,9,2252.57,3,0,8.5,1,0,50.5,High
C0007963,71,1779,71742.3,753,12,2041.26,1,1,8.5,0,0,45.3,Medium
C0007964,27,1946,55724.23,708,4,4657.02,1,1,18.1,1,0,46.1,Medium
C0007965,62,3367,23383.33,671,12,1340.85,1,0,1.7,0,0,52.4,High
C0007966,29,5269,26576.99,650,12,743.42,0,2,12.8,3,0,65.4,High
C0007967,39,701,50738.12,581,9,1596.55,0,1,9.0,4,0,70.4,High
C0007968,51,3982,27704.89,593,7,1476.76,1,0,14.4,0,0,51.6,High
C0007969,31,5165,51319.36,765,11,5732.24,2,0,19.3,1,0,40.8,Medium
C0007970,64,4417,91837.63,804,5,3811.26,2,0,10.1,1,0,40.6,Medium
C0007971,43,5881,45042.59,609,11,5114.44,3,0,8.2,1,0,57.8,High
C0007972,48,111,64912.41,695,10,4112.92,0,1,9.6,1,0,51.9,High
C0007973,38,2194,34420.79,572,14,610.46,3,0,11.8,3,0,67.2,High
C0007974,51,2582,73072.81,617,13,1264.03,2,0,14.2,1,0,71.8,High
C0007975,64,3227,81990.95,709,10,830.57,0,1,7.0,2,0,54.3,High
C0007976,40,1927,28346.98,651,13,6092.61,1,1,3.4,1,0,63.6,High
C0007977,66,1541,41001.02,546,8,3797.97,3,0,18.2,1,0,74.4,High
C0007978,33,5115,30882.53,819,13,2850.09,0,0,3.0,1,0,29.9,Medium
C0007979,53,1418,82039.64,686,7,1520.11,4,1,7.2,2,0,70.7,High
C0007980,49,5724,67852.62,607,12,1635.88,0,2,8.0,2,0,64.0,High
C0007981,27,251,60327.79,700,10,1257.82,1,1,10.4,0,0,54.8,High
C0007982,45,2557,57776.35,684,21,3356.42,1,1,8.3,0,0,53.2,High
C0007983,42,3668,74046.54,722,10,2353.36,1,1,8.7,2,0,50.8,High
C0007984,30,5839,74866.21,665,6,3453.64,0,0,3.4,2,0,45.5,Medium
C0007985,47,4594,47208.16,714,8,2887.94,0,1,6.4,2,0,37.7,Medium
C0007986,44,115,43709.09,761,10,3762.41,0,0,3.6,1,0,50.5,High
C0007987,41,4498,60020.55,591,9,3077.81,0,1,11.6,2,0,60.3,High
C0007988,41,1974,55856.18,638,14,4503.35,4,2,14.7,2,1,76.2,Very High
C0007989,41,5163,192579.61,753,12,3558.33,0,1,16.5,3,0,47.0,Medium
C0007990,37,4656,50198.86,649,9,1574.89,2,0,13.7,0,0,38.0,Medium
C0007991,44,1175,72707.92,684,9,3023.68,0,1,5.7,1,0,48.1,Medium
C0007992,33,2179,80109.46,655,6,2689.86,1,0,4.0,0,0,58.3,High
C0007993,79,4931,133944.13,659,6,1943.75,2,1,6.8,1,0,69.4,High
C0007994,22,5528,39685.38,653,4,2175.45,2,0,16.2,0,0,53.8,High
C0007995,34,3633,129533.65,596,6,4232.97,1,1,0.4,0,0,58.1,High
C0007996,35,1334,57172.15,724,3,3126.91,0,1,7.9,0,0,52.6,High
C0007997,71,2355,245396.25,770,8,4028.35,1,1,2.6,1,0,58.9,High
C0007998,24,4780,75683.91,677,9,2258.23,2,2,24.1,4,0,66.5,High
C0007999,48,3602,31538.95,761,7,4645.23,0,1,4.3,1,0,43.7,Medium
C0008000,45,1234,55628.58,653,9,3637.27,0,4,13.5,2,0,60.7,High
C0008001,47,1735,129293.18,649,9,1302.67,1,0,4.4,2,0,58.6,High
C0008002,59,1206,64843.85,721,8,1743.27,2,1,13.1,0,0,56.8,High
C0008003,59,2830,59999.75,722,20,1266.36,2,0,7.3,2,0,49.2,Medium
C0008004,36,2691,92073.1,682,7,1090.68,1,3,12.7,0,1,63.5,High
C0008005,45,3264,51284.35,741,7,12556.34,2,1,3.7,1,0,51.1,High
C0008006,18,5671,55214.81,593,10,6506.01,1,0,9.9,1,0,58.7,High
C0008007,43,3919,36876.09,667,12,4662.94,3,0,2.1,0,1,74.5,High
C0008008,31,3525,160450.55,762,9,2945.56,2,0,9.4,2,0,40.1,Medium
C0008009,39,2216,31648.74,762,10,1546.71,2,1,4.5,0,1,53.7,High
C0008010,18,3821,68056.69,753,6,1070.5,1,1,5.7,1,0,51.1,High
C0008011,48,5733,80726.82,767,14,1919.57,3,1,8.4,5,0,62.4,High
C0008012,18,88,61536.24,662,7,1377.49,1,1,10.9,1,0,60.1,High
C0008013,44,2118,31109.39,562,13,3498.95,2,1,2.6,0,0,74.8,High
C0008014,25,367,35795.21,671,12,2428.55,1,0,3.9,2,0,57.5,High
C0008015,30,1246,82642.05,738,6,3838.37,0,2,11.7,2,0,48.8,Medium
C0008016,58,429,40374.6,750,16,2575.42,1,0,1.8,6,0,62.2,High
C0008017,50,3566,19836.52,651,11,733.11,1,0,12.8,0,0,46.3,Medium
C0008018,58,4923,76705.43,617,13,1966.79,1,0,8.2,0,0,56.7,High
C0008019,64,5643,38369.46,625,13,2830.27,1,0,8.1,0,0,58.7,High
C0008020,31,1444,87733.6,649,11,2630.4,2,0,9.1,0,0,49.9,Medium
C0008021,63,4205,55492.21,548,11,1534.11,1,1,6.3,2,0,73.5,High
C0008022,21,1993,54040.71,650,6,1599.91,1,0,15.0,0,0,42.7,Medium
C0008023,52,1915,63807.16,694,8,1427.85,0,1,2.6,4,0,62.0,High
C0008024,35,3671,33147.36,683,7,743.02,1,1,12.9,2,0,55.0,High
C0008025,29,4083,39375.16,665,9,2158.81,2,3,7.7,0,0,73.6,High
C0008026,51,3516,53741.0,638,8,3650.65,1,1,19.8,2,0,57.2,High
C0008027,55,625,33040.89,647,10,1614.83,0,0,2.9,1,0,49.7,Medium
C0008028,55,2480,91811.18,648,8,981.36,1,0,4.4,2,0,55.0,High
C0008029,45,1735,52356.49,743,8,4198.78,3,0,4.6,0,0,53.4,High
C0008030,44,55,27936.78,690,15,5334.78,1,0,4.2,1,0,49.3,Medium
C0008031,49,272,45589.09,850,5,1652.27,1,0,10.5,1,0,36.9,Medium
C0008032,46,2714,65548.86,665,11,1195.83,3,0,8.4,0,0,70.3,High
C0008033,50,629,48510.71,723,9,2002.32,1,1,25.3,0,0,36.3,Medium
C0008034,45,4441,77248.93,667,10,2640.63,0,3,9.7,2,0,62.8,High
C0008035,54,365,85017.27,665,9,1642.62,1,0,13.8,1,0,54.4,High
C0008036,19,1434,232309.27,807,15,792.93,0,0,1.3,0,0,30.1,Medium
C0008037,40,5914,116744.61,765,10,4107.81,3,1,5.3,3,0,64.1,High
C0008038,23,4258,25207.23,558,5,2575.08,0,1,23.1,2,0,48.7,Medium
C0008039,46,3357,50856.43,613,6,6020.72,2,0,6.6,1,0,66.1,High
C0008040,65,120,53542.82,680,12,2261.37,3,0,7.2,3,1,51.5,High
C0008041,35,290,85065.66,651,6,5728.51,0,4,3.9,1,0,68.3,High
C0008042,44,5450,37101.67,577,8,1898.91,1,0,6.4,1,0,59.1,High
C0008043,53,4802,46290.91,699,7,1485.38,0,1,9.5,0,0,43.5,Medium
C0008044,18,5701,31271.52,549,9,1589.33,0,1,3.1,1,0,65.7,High
C0008045,35,4854,44517.76,700,12,7201.06,2,1,14.2,1,0,55.6,High
C0008046,47,44,45440.48,745,10,1947.45,1,2,10.0,1,0,54.2,High
C0008047,18,4839,52194.71,755,12,6150.24,2,1,12.3,3,0,57.8,High
C0008048,28,2763,32283.37,679,12,1629.95,1,1,5.2,0,0,47.8,Medium
C0008049,57,4163,106404.57,803,8,894.46,2,0,16.2,0,0,53.3,High
C0008050,56,2500,80386.96,715,10,3465.2,5,2,5.5,1,0,65.1,High
C0008051,47,4334,27946.11,753,14,1449.97,1,0,7.9,2,1,55.4,High
C0008052,54,5056,62892.03,635,3,2680.06,2,3,8.6,0,0,85.8,Very High
C0008053,45,5847,26212.7,804,11,2507.07,2,2,5.5,1,0,63.0,High
C0008054,50,3258,129719.58,690,12,2483.08,0,1,9.0,1,0,50.6,High
C0008055,38,1695,150640.17,808,14,6423.93,0,0,8.9,3,0,45.6,Medium
C0008056,44,3679,60128.2,792,10,2592.03,3,3,11.1,0,0,61.3,High
C0008057,33,3014,38790.66,709,5,2377.81,0,2,4.9,1,0,48.8,Medium
C0008058,60,1238,43025.21,720,14,1746.92,2,2,8.8,1,1,46.6,Medium
C0008059,63,4355,48306.99,677,10,3120.82,2,2,9.5,1,0,67.5,High
C0008060,61,490,58462.14,629,10,2939.87,2,1,11.6,1,0,67.7,High
C0008061,36,2436,131748.22,735,17,1694.71,1,0,21.5,0,0,39.4,Medium
C0008062,29,4163,104869.36,731,7,4058.74,1,1,19.4,2,0,53.9,High
C0008063,60,5528,105761.53,569,16,1926.0,2,2,12.8,0,0,72.2,High
C0008064,50,3735,68098.31,684,7,3207.72,1,0,9.1,2,0,63.2,High
C0008065,47,5876,32872.88,755,19,929.1,0,1,10.8,1,0,26.0,Medium
C0008066,33,4999,40593.31,800,10,3984.03,0,1,4.3,0,0,58.3,High
C0008067,48,1439,64105.56,744,10,1379.5,1,1,5.0,0,0,45.5,Medium
C0008068,27,5072,32025.4,576,7,3412.61,2,2,9.8,0,0,66.8,High
C0008069,51,2036,73282.73,611,10,5058.23,1,0,5.0,4,0,78.4,Very High
C0008070,61,3797,96539.51,664,10,2871.9,3,0,10.7,1,0,53.8,High
C0008071,65,1228,83686.22,795,10,4653.63,1,0,14.8,0,0,44.3,Medium
C0008072,52,3244,81858.21,644,11,1091.43,1,0,7.4,1,0,67.8,High
C0008073,23,4086,22213.03,769,8,2084.85,1,0,3.9,3,0,54.9,High
C0008074,45,5486,129086.16,643,14,1443.98,2,0,14.9,1,0,65.9,High
C0008075,72,5662,26182.01,730,9,1431.8,1,2,21.7,1,0,56.8,High
C0008076,30,4813,57004.05,619,13,788.76,1,1,20.8,1,0,62.7,High
C0008077,41,3365,87124.08,675,12,2318.22,1,1,20.3,1,0,44.5,Medium
C0008078,62,5298,75517.39,605,9,4054.86,0,0,18.9,4,0,61.8,High
C0008079,51,663,30701.9,798,6,5010.44,1,0,8.8,2,0,38.1,Medium
C0008080,77,5975,33887.81,638,10,1107.04,0,0,9.1,1,0,57.3,High
C0008081,32,1247,72604.27,574,12,1610.62,1,0,5.1,1,0,62.5,High
C0008082,28,2438,82113.23,568,6,1359.32,1,1,21.6,1,1,74.3,High
C0008083,59,5448,33722.74,684,13,1300.22,0,1,5.5,1,0,47.4,Medium
C0008084,25,4310,76942.65,656,9,1814.21,2,0,5.2,0,0,60.4,High
C0008085,39,5103,26943.28,739,17,2228.36,1,3,2.3,2,0,62.7,High
C0008086,41,4137,87404.65,672,11,1821.9,2,0,4.0,0,0,66.5,High
C0008087,57,3618,38130.76,777,6,889.84,1,0,1.7,1,0,45.1,Medium
C0008088,51,1069,64807.21,661,5,4130.26,1,1,12.6,1,0,51.1,High
C0008089,48,5977,59090.23,767,9,2469.87,1,0,8.4,2,0,38.4,Medium
C0008090,36,3830,117389.32,619,8,2841.37,3,0,8.5,1,0,62.4,High
C0008091,59,4019,70831.65,577,5,2949.83,0,1,3.1,2,0,60.8,High
C0008092,90,2585,44595.3,628,16,3284.3,0,0,6.7,2,0,61.7,High
C0008093,52,5713,75558.74,605,9,2430.82,2,1,7.4,1,0,64.5,High
C0008094,43,2720,201433.98,597,11,1279.97,2,0,3.8,0,0,54.4,High
C0008095,24,1166,93149.15,721,9,5890.81,2,1,14.0,0,0,52.3,High
C0008096,33,1105,60014.88,670,9,3331.61,1,1,11.1,1,0,43.4,Medium
C0008097,39,4199,39198.84,701,12,1227.46,3,1,13.1,2,0,70.4,High
C0008098,35,4476,44170.81,730,7,1238.91,3,1,12.9,1,1,53.5,High
C0008099,42,1259,90118.95,564,8,8019.77,1,1,7.9,1,0,79.6,Very High
C0008100,67,4196,38089.66,733,11,1979.55,2,1,16.8,0,0,56.2,High
C0008101,59,5985,62091.75,600,13,1416.31,1,1,6.9,0,0,62.3,High
C0008102,40,3207,136704.93,647,9,1558.48,2,0,6.6,0,0,65.0,High
C0008103,25,5823,67346.45,548,18,2949.43,1,1,4.8,0,0,57.9,High
C0008104,61,965,34247.44,739,13,1615.0,1,2,13.5,1,0,51.4,High
C0008105,41,2435,205398.23,563,6,2399.2,1,0,12.3,1,0,62.3,High
C0008106,18,3354,163445.72,600,6,9870.18,1,0,11.8,1,0,55.9,High
C0008107,52,2167,81677.74,605,13,792.31,1,0,7.0,2,0,55.3,High
C0008108,56,627,125060.78,680,9,1689.75,1,1,16.2,0,0,52.9,High
C0008109,18,2765,53532.85,678,8,2289.45,1,1,6.0,1,0,63.1,High
C0008110,30,2056,92349.87,751,4,698.98,0,0,14.6,2,0,42.4,Medium
C0008111,40,1246,49116.13,682,8,3078.82,3,0,12.9,1,0,58.4,High
C0008112,52,2252,29419.45,762,10,3936.9,2,1,4.5,0,0,47.5,Medium
C0008113,35,2525,257930.93,718,10,892.24,1,0,7.5,1,0,49.4,Medium
C0008114,30,5304,28603.77,619,7,2086.62,3,0,12.0,3,0,59.4,High
C0008115,52,2964,73024.23,640,14,2478.07,2,1,8.5,2,0,61.8,High
C0008116,35,2510,72556.57,803,10,3196.39,3,0,33.3,2,0,29.9,Medium
C0008117,50,2353,82346.62,782,9,12469.37,0,1,13.3,0,0,38.8,Medium
C0008118,26,3602,59015.97,752,8,1358.82,3,0,7.5,0,0,57.8,High
C0008119,23,1675,59355.63,762,8,3119.77,0,2,4.7,2,1,48.5,Medium
C0008120,53,5252,66904.14,725,12,2025.05,1,0,20.0,3,0,42.0,Medium
C0008121,46,2529,80726.11,715,11,1812.4,3,2,19.2,0,0,56.6,High
C0008122,55,2571,61938.09,694,9,2223.31,1,1,15.4,0,0,50.4,High
C0008123,35,411,59712.16,817,8,2873.27,2,0,0.9,1,0,42.8,Medium
C0008124,31,5305,29979.8,655,8,2213.81,1,1,10.8,1,0,53.2,High
C0008125,61,2842,187665.24,708,10,2631.23,2,1,10.8,3,1,49.2,Medium
C0008126,21,844,83243.41,562,11,2088.0,2,0,7.1,2,0,70.3,High
C0008127,60,1053,69549.11,583,9,1196.51,0,0,11.9,3,1,69.4,High
C0008128,60,2208,43977.47,826,6,3762.39,2,2,7.5,1,0,47.3,Medium
C0008129,54,4689,35699.85,736,8,4288.1,2,0,6.2,1,0,45.8,Medium
C0008130,32,595,99496.94,674,9,4163.17,1,1,15.6,0,0,51.6,High
C0008131,31,749,56781.47,696,7,3410.26,3,0,4.9,1,0,54.0,High
C0008132,39,3378,87244.97,588,10,1328.61,2,0,7.5,3,0,72.4,High
C0008133,24,3009,29472.33,658,8,1183.75,0,3,11.9,3,0,61.2,High
C0008134,29,5744,145169.87,581,12,3990.11,1,1,6.4,0,0,80.0,Very High
C0008135,51,4519,101787.98,668,12,1005.76,3,0,17.6,0,0,56.6,High
C0008136,51,3952,59296.48,741,11,1409.1,0,3,13.8,1,1,44.1,Medium
C0008137,27,2035,80184.35,724,8,8876.8,1,2,10.2,1,0,57.8,High
C0008138,51,3767,93194.32,809,9,3060.48,2,0,14.1,0,0,30.8,Medium
C0008139,48,3518,29719.25,712,11,2440.23,2,0,6.4,0,1,49.2,Medium
C0008140,63,1690,156012.97,504,12,660.14,1,0,1.2,0,0,62.1,High
C0008141,50,2244,80876.87,836,8,1422.21,0,0,9.2,1,0,21.3,Low
C0008142,57,5588,42092.86,627,11,3788.17,1,0,11.9,0,0,65.0,High
C0008143,49,3241,33920.14,702,10,838.88,1,2,8.3,0,0,51.2,High
C0008144,56,2845,106701.81,698,11,2858.22,0,0,6.8,1,0,42.6,Medium
C0008145,24,4786,69635.32,708,13,895.9,1,1,3.9,1,0,47.9,Medium
C0008146,40,1624,80847.52,694,8,1466.59,1,3,11.0,3,0,63.2,High
C0008147,41,1341,62915.96,695,13,791.14,1,1,11.5,1,0,56.0,High
C0008148,39,5926,35716.95,591,12,2340.3,0,1,3.2,2,0,58.6,High
C0008149,48,4825,82012.7,850,16,728.36,2,1,8.3,1,0,38.3,Medium
C0008150,51,2556,55617.06,739,12,2083.39,0,1,9.2,0,0,42.4,Medium
C0008151,47,5679,61264.73,694,9,3332.27,1,0,17.5,1,0,34.2,Medium
C0008152,40,2247,229174.99,828,5,2505.19,0,1,15.8,1,0,41.1,Medium
C0008153,32,4060,99995.22,610,12,2976.03,0,0,19.9,0,0,56.0,High
C0008154,57,238,103219.22,755,9,2547.85,1,0,7.0,0,0,41.9,Medium
C0008155,47,4194,276835.12,648,15,2073.77,2,1,10.2,1,0,67.4,High
C0008156,28,1094,76604.06,720,13,2104.26,3,1,14.4,1,0,65.3,High
C0008157,39,1470,66219.4,722,10,2661.61,3,1,11.4,2,0,49.0,Medium
C0008158,18,4860,42673.17,515,12,1081.97,3,1,14.4,1,0,54.4,High
C0008159,42,1257,48338.62,583,10,1700.76,1,1,5.3,0,0,68.0,High
C0008160,39,2911,20110.2,809,10,8253.01,0,0,21.4,0,0,26.1,Medium
C0008161,34,5526,95762.12,671,10,3014.8,0,1,18.9,0,0,42.2,Medium
C0008162,64,5730,30886.77,840,16,4955.04,1,0,7.7,0,0,41.1,Medium
C0008163,26,2680,101864.06,788,10,2744.77,4,0,9.5,0,0,58.5,High
C0008164,52,530,60550.04,673,9,1367.13,1,0,15.9,4,0,65.5,High
C0008165,73,1742,66524.26,667,13,1804.8,0,0,5.6,0,0,48.3,Medium
C0008166,57,3707,60571.96,814,10,708.91,1,1,3.5,1,0,54.0,High
C0008167,42,2041,132883.83,848,11,5375.39,3,0,9.4,0,0,34.7,Medium
C0008168,26,4328,120581.72,669,11,3937.29,1,0,9.6,0,0,44.1,Medium
C0008169,23,5955,61022.59,805,14,1277.35,4,1,4.5,3,1,58.6,High
C0008170,36,3738,37814.1,767,8,3615.49,0,0,3.7,1,0,41.0,Medium
C0008171,32,3760,103056.09,780,13,3410.75,1,2,1.9,3,0,62.7,High
C0008172,32,3193,36274.61,698,7,2313.27,3,1,6.1,0,0,63.4,High
C0008173,37,1143,26362.98,640,15,2998.03,1,1,14.7,1,0,50.3,High
C0008174,41,3482,81550.85,611,6,3186.69,2,0,2.1,4,0,68.3,High
C0008175,49,5593,121183.25,592,10,2824.75,1,0,6.6,1,0,63.0,High
C0008176,25,4146,49617.2,833,11,2427.11,3,2,15.2,0,0,50.1,High
C0008177,32,4520,77448.96,691,7,2326.12,1,1,7.0,2,0,52.5,High
C0008178,40,5183,49329.08,604,9,1521.53,2,0,8.2,2,0,70.7,High
C0008179,39,2343,92224.95,765,9,3970.49,3,0,8.8,1,0,51.6,High
C0008180,68,2037,113227.69,654,10,7975.62,3,3,16.0,2,0,62.8,High
C0008181,45,5820,53654.13,641,10,1062.36,1,0,4.6,1,1,56.5,High
C0008182,19,2774,35231.93,845,7,2249.72,3,2,2.4,3,0,58.5,High
C0008183,48,4409,27820.34,590,16,1438.59,0,0,21.9,1,0,55.9,High
C0008184,50,3826,103158.13,708,12,3146.32,2,0,19.8,1,0,57.5,High
C0008185,40,767,33182.51,646,18,2902.83,2,1,13.4,3,1,70.3,High
C0008186,25,1905,76077.13,634,14,2401.3,2,0,1.9,2,0,77.0,Very High
C0008187,67,1977,95079.01,580,10,1497.86,1,0,18.6,2,0,68.5,High
C0008188,27,1097,47059.76,694,11,1617.73,0,0,1.9,2,0,48.1,Medium
C0008189,51,4680,56583.56,624,8,1341.84,1,1,8.6,3,0,61.2,High
C0008190,45,5798,107405.17,734,9,718.52,1,0,7.5,1,0,48.5,Medium
C0008191,50,5798,39750.71,686,13,4891.03,1,1,5.5,0,0,63.6,High
C0008192,66,1192,37592.07,667,13,3397.65,1,0,9.3,0,0,39.3,Medium
C0008193,50,2713,54501.01,625,19,5089.31,1,0,11.7,1,0,63.2,High
C0008194,34,1419,125209.25,797,7,1753.7,0,0,20.6,0,0,35.1,Medium
C0008195,57,403,150360.61,745,14,3025.22,2,0,13.1,1,0,45.4,Medium
C0008196,33,3723,58721.37,639,12,1268.06,2,2,11.6,1,0,68.8,High
C0008197,44,5162,41907.61,588,8,1519.23,1,0,5.0,1,0,58.5,High
C0008198,24,491,111318.72,548,10,8335.76,1,0,4.6,0,0,69.8,High
C0008199,28,3861,24754.86,775,7,1726.17,0,1,9.0,1,0,40.0,Medium
C0008200,43,233,71045.49,758,13,4072.38,3,1,14.2,1,0,54.3,High
C0008201,47,5063,60520.49,768,13,2590.15,0,0,14.4,1,0,33.7,Medium
C0008202,18,412,126310.06,681,9,888.49,1,0,16.1,0,0,56.0,High
C0008203,49,2630,133539.14,750,11,2015.76,2,1,25.9,0,0,45.0,Medium
C0008204,31,765,36919.64,767,9,2812.36,3,0,4.5,0,0,46.2,Medium
C0008205,60,2490,67989.77,685,9,3489.59,2,0,6.5,1,0,47.0,Medium
C0008206,37,2592,45299.77,663,10,688.59,0,0,7.9,2,0,54.3,High
C0008207,26,3253,52762.69,617,10,1174.66,0,1,4.8,1,0,48.6,Medium
C0008208,43,4980,87068.72,722,13,2691.96,2,1,24.4,0,0,50.7,High
C0008209,29,5979,51570.13,732,7,1193.52,0,1,21.4,0,0,30.8,Medium
C0008210,60,2071,68978.4,660,12,4858.65,0,1,10.5,3,0,56.2,High
C0008211,42,5542,104965.75,668,10,2112.77,1,0,5.0,0,1,54.2,High
C0008212,40,2582,142661.31,674,4,3018.35,3,0,17.4,1,0,40.9,Medium
C0008213,50,736,72668.53,749,9,5107.68,1,0,8.3,1,0,54.2,High
C0008214,28,3613,66148.71,587,17,998.96,2,0,23.5,1,0,57.5,High
C0008215,24,4344,33721.14,607,9,2971.4,4,0,6.0,1,0,74.8,High
C0008216,48,1833,148312.8,609,9,2401.36,1,1,10.3,1,0,59.2,High
C0008217,27,3550,81432.13,679,6,2449.31,3,2,8.9,1,1,75.8,Very High
C0008218,27,2612,66823.73,714,10,1902.24,1,1,4.6,2,0,61.8,High
C0008219,54,895,64969.08,610,8,2439.96,0,0,10.3,1,0,49.2,Medium
C0008220,49,2336,75602.84,758,15,328.48,0,0,14.9,1,0,42.5,Medium
C0008221,24,2582,94785.76,800,6,4939.02,0,0,14.4,1,0,39.4,Medium
C0008222,33,2071,101462.29,721,14,923.05,1,0,7.3,1,0,42.7,Medium
C0008223,29,5493,150366.47,774,7,6971.98,1,0,5.5,2,0,50.7,High
C0008224,67,2348,70853.41,621,11,1186.91,1,0,14.7,1,0,54.0,High
C0008225,55,3768,162706.03,623,21,1153.9,1,0,13.3,1,1,70.0,High
C0008226,36,96,110928.09,729,12,2862.73,1,3,6.5,0,0,51.4,High
C0008227,50,1900,59983.06,687,12,2624.47,1,0,18.8,1,0,52.3,High
C0008228,23,5320,24781.04,623,10,2948.96,1,1,9.5,0,0,61.7,High
C0008229,33,5358,64987.41,797,1,2783.36,2,1,6.4,3,0,53.9,High
C0008230,43,5864,146100.86,712,10,2007.93,0,2,6.3,0,0,54.4,High
C0008231,48,369,40477.23,743,12,1732.4,2,4,11.6,1,0,67.6,High
C0008232,41,5179,64876.72,639,9,3212.14,2,2,3.8,2,1,89.5,Very High
C0008233,45,1627,67897.88,816,10,1403.38,3,0,19.6,1,0,47.2,Medium
C0008234,43,64,104095.01,678,6,2377.36,2,1,13.4,0,0,64.8,High
C0008235,40,582,50090.83,766,8,731.21,1,1,12.7,0,0,31.8,Medium
C0008236,38,4512,38435.19,646,10,2594.95,3,1,14.5,2,0,72.2,High
C0008237,36,3563,84828.84,703,8,2345.39,2,0,7.2,1,0,48.2,Medium
C0008238,45,3451,41193.13,732,9,2142.2,0,1,8.1,1,0,46.5,Medium
C0008239,48,5295,22592.24,840,12,6669.07,0,1,5.0,0,1,39.8,Medium
C0008240,45,592,170602.95,657,12,5813.12,0,0,9.1,2,0,62.4,High
C0008241,25,523,103234.31,705,10,3986.21,1,0,6.2,2,0,78.9,Very High
C0008242,28,5599,174687.33,734,7,3929.71,1,0,4.7,0,0,40.2,Medium
C0008243,48,3649,100267.48,584,6,2356.43,2,1,18.5,4,0,69.1,High
C0008244,63,4664,90137.39,527,7,2686.58,1,0,5.0,0,0,79.4,Very High
C0008245,44,3163,75973.07,615,12,2914.51,0,0,12.5,1,0,54.3,High
C0008246,36,897,55970.17,763,9,3254.67,2,1,11.8,3,0,47.0,Medium
C0008247,45,3150,82170.22,819,14,2304.5,3,1,4.2,2,0,43.7,Medium
C0008248,26,5785,45734.66,621,10,3129.3,4,1,14.4,0,1,73.1,High
C0008249,60,732,34434.48,599,6,2294.33,0,1,3.9,2,0,67.9,High
C0008250,45,783,51645.87,805,9,2893.61,3,2,13.5,0,0,53.6,High
C0008251,33,2099,126147.91,648,10,3994.48,0,0,12.4,0,0,32.0,Medium
C0008252,40,2744,31478.69,662,12,1436.17,2,1,10.8,0,0,50.6,High
C0008253,35,3783,31755.0,799,13,2397.61,1,1,24.0,1,0,50.9,High
C0008254,60,979,85828.78,787,10,2311.26,3,0,10.2,1,0,52.9,High
C0008255,39,5605,49345.23,760,17,1134.97,0,1,8.9,1,0,44.4,Medium
C0008256,44,926,80976.31,562,7,5433.97,2,0,7.8,0,0,66.5,High
C0008257,50,1224,106863.89,596,8,1286.4,3,0,23.5,2,0,71.0,High
C0008258,32,5807,79916.09,774,9,5582.6,0,1,6.5,1,0,58.8,High
C0008259,45,2278,43789.73,714,15,919.34,1,1,10.0,0,0,38.1,Medium
C0008260,46,3445,125555.51,632,15,831.68,4,0,4.7,1,1,75.1,Very High
C0008261,20,2626,93251.66,664,13,1768.25,0,1,8.0,2,0,56.7,High
C0008262,46,1577,62921.61,773,12,2849.17,3,1,7.7,0,0,53.3,High
C0008263,41,3055,61268.38,805,10,2838.88,0,1,6.9,1,0,40.5,Medium
C0008264,44,4665,76159.53,690,7,5098.22,0,1,9.7,1,0,52.5,High
C0008265,42,98,52224.06,638,17,1333.72,1,0,13.5,1,0,59.3,High
C0008266,46,5255,25278.94,669,8,4016.39,0,2,10.1,3,0,61.1,High
C0008267,61,1130,93664.68,791,5,748.64,3,0,13.5,1,0,47.0,Medium
C0008268,25,5508,90653.36,789,9,1173.47,2,0,3.1,0,0,50.9,High
C0008269,37,5774,17488.58,705,7,1854.01,1,0,7.0,1,0,52.3,High
C0008270,51,5599,82105.6,650,12,1076.0,1,1,11.3,0,0,56.0,High
C0008271,49,3915,162910.4,771,9,3139.55,2,0,13.0,0,0,44.5,Medium
C0008272,48,5436,33345.85,812,7,1440.95,0,1,12.8,2,0,49.0,Medium
C0008273,81,5161,59550.47,581,11,4222.6,0,0,10.4,0,0,50.6,High
C0008274,51,3844,56094.86,673,11,3869.17,0,2,5.2,3,0,68.0,High
C0008275,58,5355,154525.78,777,9,1418.5,1,1,11.5,2,0,50.8,High
C0008276,38,2074,114853.25,696,6,1749.86,4,0,10.4,1,0,65.4,High
C0008277,28,5013,38244.72,653,6,2075.88,0,0,7.1,1,0,58.5,High
C0008278,38,5555,74836.04,704,11,5305.79,3,2,10.5,0,0,56.3,High
C0008279,52,3822,219994.83,718,7,1192.27,1,1,7.5,1,0,55.7,High
C0008280,48,761,43971.65,605,8,470.26,6,0,5.0,2,1,92.5,Very High
C0008281,48,1308,61620.82,697,8,1670.59,1,2,13.2,1,1,60.0,High
C0008282,39,1037,82233.55,718,9,1210.13,2,0,6.6,0,0,53.4,High
C0008283,37,3212,44327.46,653,10,812.95,0,1,4.7,2,0,59.5,High
C0008284,39,2619,163513.59,632,11,2147.93,1,1,7.1,0,0,53.5,High
C0008285,52,4969,47806.75,650,7,1026.11,1,3,5.1,0,0,59.1,High
C0008286,54,1723,28880.45,617,10,2740.25,2,1,6.4,4,0,69.7,High
C0008287,28,1018,46450.83,754,15,1006.66,1,1,5.0,3,0,60.7,High
C0008288,53,3705,88791.9,616,9,15000.44,0,0,6.4,2,0,73.9,High
C0008289,33,859,39970.38,704,13,4379.56,3,2,11.5,1,0,58.4,High
C0008290,49,5434,73210.88,662,5,1366.18,0,2,3.3,1,0,43.1,Medium
C0008291,39,514,84481.88,637,9,1332.64,1,1,7.4,0,0,55.5,High
C0008292,64,2961,31887.71,793,16,1944.34,0,1,8.3,0,0,58.5,High
C0008293,36,5693,45472.06,680,8,3549.89,2,2,26.5,2,0,73.4,High
C0008294,45,3336,75118.61,640,14,1644.38,3,0,27.6,1,0,51.4,High
C0008295,50,4855,91237.05,633,5,1033.96,2,0,10.8,0,0,54.0,High
C0008296,30,2556,46099.55,715,7,856.65,3,0,19.8,0,0,51.1,High
C0008297,41,4536,67397.58,752,5,2173.34,1,1,9.1,0,0,52.0,High
C0008298,38,4254,53035.92,785,7,1373.65,1,0,11.8,2,0,45.7,Medium
C0008299,35,3096,92522.51,677,11,2644.57,3,0,18.5,0,0,63.8,High
C0008300,36,631,82501.12,673,14,552.31,1,0,7.9,2,0,60.5,High
C0008301,58,5826,50487.14,700,11,2990.96,0,0,12.4,1,0,58.2,High
C0008302,34,320,80662.88,703,16,1785.78,1,0,21.4,2,0,49.8,Medium
C0008303,50,2161,49412.59,632,11,703.37,3,1,10.0,2,0,78.0,Very High
C0008304,46,3858,79732.99,800,11,2783.99,1,1,10.9,1,0,41.2,Medium
C0008305,22,4621,80346.33,692,9,3042.03,2,0,13.5,2,0,54.7,High
C0008306,49,3223,228425.47,730,12,1302.25,3,0,7.3,1,0,56.7,High
C0008307,22,2425,51531.34,722,6,3348.84,0,2,12.3,2,0,55.1,High
C0008308,51,2461,57365.14,720,11,905.36,2,0,3.5,2,0,46.2,Medium
C0008309,35,5854,43430.28,615,10,494.95,3,0,22.8,1,0,50.4,High
C0008310,42,2023,35130.91,690,8,1970.02,2,0,3.4,2,0,63.9,High
C0008311,24,5131,48234.82,850,4,1236.11,1,2,6.0,2,0,65.8,High
C0008312,44,339,89383.83,809,11,978.83,4,3,6.5,0,0,68.7,High
C0008313,55,3966,93012.9,702,9,3187.93,2,0,3.5,0,0,60.3,High
C0008314,31,4092,72948.83,662,5,2529.6,3,1,7.9,2,0,70.6,High
C0008315,33,4063,52692.0,524,8,6389.13,1,1,9.4,0,0,70.1,High
C0008316,48,2546,47265.38,653,15,2884.94,0,3,7.4,2,0,64.2,High
C0008317,49,4154,37445.17,684,5,3151.1,2,0,7.0,3,0,61.0,High
C0008318,18,2688,45642.82,666,14,1247.13,3,0,12.4,0,1,57.5,High
C0008319,70,3574,30411.29,671,8,547.35,0,0,14.0,2,0,44.3,Medium
C0008320,49,5363,130837.55,737,7,7957.42,2,0,8.4,1,0,60.7,High
C0008321,52,4044,170301.04,615,4,3030.52,0,0,6.1,1,0,58.6,High
C0008322,40,4433,21379.02,710,11,6239.84,1,0,3.1,1,0,46.8,Medium
C0008323,18,5814,72691.86,682,8,1020.58,2,1,10.2,0,0,57.3,High
C0008324,51,1340,72032.32,624,7,4232.04,0,1,17.7,0,0,47.5,Medium
C0008325,34,3540,69545.36,816,9,2654.4,1,1,7.8,1,0,49.6,Medium
C0008326,50,3953,44751.5,746,14,4388.39,3,0,7.1,1,0,59.2,High
C0008327,39,4180,108800.62,631,15,3208.26,3,0,4.8,0,0,60.4,High
C0008328,45,819,77703.24,729,10,1895.8,0,0,10.1,1,0,39.5,Medium
C0008329,31,4568,109497.46,586,10,2640.64,2,0,21.4,2,0,54.7,High
C0008330,54,1188,41326.45,640,10,1748.83,1,2,11.8,3,0,70.3,High
C0008331,25,2471,28973.56,790,9,3790.87,0,0,4.8,0,0,39.8,Medium
C0008332,73,4293,78754.26,716,12,1311.45,3,1,10.6,1,0,62.1,High
C0008333,73,1600,36507.41,710,11,1393.53,2,1,12.0,0,0,45.3,Medium
C0008334,65,781,110737.68,764,13,1981.72,4,0,16.4,3,0,52.0,High
C0008335,60,4061,19249.65,736,19,3281.39,0,1,2.9,0,0,51.9,High
C0008336,41,1702,47915.42,670,10,2277.5,2,1,4.1,3,0,71.3,High
C0008337,58,4962,44184.65,760,13,1778.51,0,2,4.1,0,0,46.9,Medium
C0008338,41,5391,51641.58,563,10,4371.24,2,1,2.8,2,1,69.0,High
C0008339,20,2118,71574.5,640,12,3225.25,0,1,5.6,1,0,58.8,High
C0008340,63,4437,77096.97,683,8,1632.12,2,1,6.7,2,0,69.4,High
C0008341,58,1367,88145.61,731,11,1117.28,0,0,4.3,1,0,46.5,Medium
C0008342,42,5578,93913.76,666,7,1962.63,2,0,23.1,0,0,47.8,Medium
C0008343,25,1497,56418.4,556,11,1466.91,1,1,21.8,0,0,59.3,High
C0008344,34,5294,197733.82,546,9,1331.82,1,1,6.6,1,0,65.0,High
C0008345,18,4725,132958.1,685,8,3581.16,0,3,12.5,0,0,45.3,Medium
C0008346,55,1896,52223.93,654,8,4577.67,0,1,17.0,0,0,51.8,High
C0008347,20,4951,57503.96,622,14,2116.74,0,0,19.2,1,0,45.3,Medium
C0008348,46,3805,51622.52,609,8,2191.85,0,1,16.0,1,0,67.6,High
C0008349,30,4027,75712.91,700,11,1360.1,1,0,15.5,0,0,48.7,Medium
C0008350,22,2290,36327.27,788,10,1102.21,3,1,6.5,1,0,59.1,High
C0008351,45,1427,40160.7,700,8,3690.26,2,0,6.3,1,0,54.8,High
C0008352,37,4191,18823.06,789,7,963.31,1,1,12.9,2,0,47.3,Medium
C0008353,54,341,49792.85,662,14,1470.83,1,0,21.3,0,0,52.5,High
C0008354,24,2110,111358.19,723,10,1440.51,0,1,4.1,1,0,45.1,Medium
C0008355,31,874,57024.38,791,12,2898.21,3,0,5.1,1,0,49.1,Medium
C0008356,18,37,58806.08,678,11,1935.07,0,3,7.7,0,0,68.7,High
C0008357,18,74,72249.25,692,16,1519.25,1,0,12.6,2,0,58.6,High
C0008358,67,590,35726.9,662,14,5322.65,0,1,13.2,2,0,44.6,Medium
C0008359,71,5639,62868.28,734,8,6347.73,1,0,14.1,1,0,33.7,Medium
C0008360,43,4632,101171.35,758,17,2834.02,2,0,8.4,2,0,43.2,Medium
C0008361,30,5936,73386.8,716,8,2415.36,3,1,15.4,0,0,45.2,Medium
C0008362,38,531,106178.86,673,9,1586.07,1,0,9.3,0,0,53.5,High
C0008363,54,5984,124263.83,578,10,2173.84,0,1,11.8,1,0,63.4,High
C0008364,35,3608,89260.47,686,8,1005.28,0,3,12.7,0,0,56.7,High
C0008365,45,4771,41878.92,676,8,4183.45,1,1,9.4,1,0,59.1,High
C0008366,42,5150,51308.68,708,12,2019.57,1,1,4.3,2,0,59.9,High
C0008367,34,1594,179370.46,699,5,1407.12,1,0,11.8,0,0,50.8,High
C0008368,35,4454,73694.42,808,4,1773.51,1,1,12.4,2,0,49.7,Medium
C0008369,46,3896,68488.13,638,12,3481.82,1,1,5.0,3,0,73.8,High
C0008370,28,2498,38634.93,572,13,1862.16,0,1,8.6,0,0,66.1,High
C0008371,48,2966,58958.32,604,15,1318.73,0,1,12.3,1,0,51.8,High
C0008372,35,1275,91940.34,642,14,565.73,4,0,22.1,2,0,73.3,High
C0008373,44,1135,62508.31,771,11,2091.33,2,1,14.3,0,0,57.3,High
C0008374,61,5537,46594.21,593,7,2808.3,1,0,3.4,3,0,66.6,High
C0008375,40,4397,52935.38,603,11,1599.51,2,1,20.6,1,0,58.1,High
C0008376,55,3411,119419.0,721,13,1313.02,0,1,4.9,1,0,47.8,Medium
C0008377,18,4175,89515.68,754,9,1058.65,4,1,9.8,1,0,56.0,High
C0008378,35,2450,83167.49,574,9,1722.84,2,1,4.6,1,0,86.0,Very High
C0008379,42,1522,79013.57,557,8,1066.31,1,1,2.9,1,0,63.0,High
C0008380,69,5654,32345.27,631,11,1061.81,2,0,11.2,1,0,67.7,High
C0008381,18,5937,72018.74,739,11,1611.36,1,0,9.7,0,0,56.0,High
C0008382,41,1313,111557.32,701,13,7484.82,2,0,5.5,2,0,66.8,High
C0008383,62,4817,53711.52,634,4,10037.13,1,3,18.9,3,0,71.4,High
C0008384,31,2670,106135.84,745,10,4730.0,2,0,6.8,3,0,50.8,High
C0008385,39,4256,83680.76,699,12,3344.29,0,0,20.3,3,0,31.7,Medium
C0008386,47,678,97744.26,682,6,624.32,1,0,5.0,2,0,57.1,High
C0008387,45,2892,63761.49,569,7,12528.43,2,0,12.8,2,0,67.0,High
C0008388,64,775,100963.24,632,13,2838.53,3,2,6.8,0,1,68.2,High
C0008389,48,4892,27703.52,837,9,1076.62,0,1,15.8,1,0,33.8,Medium
C0008390,61,2409,63140.63,665,14,12611.0,0,1,6.5,0,0,57.1,High
C0008391,37,1604,91770.65,618,18,2063.6,1,3,12.2,1,0,52.4,High
C0008392,32,4206,72973.7,661,14,3783.78,2,0,12.0,3,0,66.6,High
C0008393,39,5729,113264.68,699,8,1793.25,2,0,5.7,1,0,54.1,High
C0008394,26,2053,56867.84,756,6,3181.68,2,1,17.1,0,0,49.8,Medium
C0008395,49,4315,45880.22,737,8,3436.81,3,1,29.1,1,0,43.9,Medium
C0008396,37,4146,25169.76,639,12,3847.83,2,2,6.9,1,0,70.3,High
C0008397,33,2954,53356.87,785,13,5066.66,3,1,4.1,0,0,65.7,High
C0008398,49,4836,82386.01,751,7,2433.61,0,0,12.5,1,0,48.7,Medium
C0008399,26,793,94225.33,657,9,2521.49,1,1,3.3,0,0,50.5,High
C0008400,53,5269,28719.67,680,11,2132.59,2,0,12.3,0,0,51.9,High
C0008401,35,2442,118340.16,735,10,1116.07,1,0,10.9,0,0,47.9,Medium
C0008402,58,296,36277.69,771,12,1221.91,1,0,16.8,1,0,48.8,Medium
C0008403,37,5936,58003.47,576,10,1800.65,2,2,4.5,1,0,73.5,High
C0008404,51,4649,45344.34,695,15,4997.35,2,2,23.7,0,0,63.3,High
C0008405,45,4902,77993.21,688,13,2987.52,1,0,9.4,0,0,43.5,Medium
C0008406,52,908,65292.39,647,8,2070.71,1,0,6.1,1,0,55.8,High
C0008407,44,4511,90018.67,647,5,1853.47,1,1,8.5,1,1,69.4,High
C0008408,19,4198,170925.35,769,11,1030.37,2,1,14.5,1,0,46.9,Medium
C0008409,56,5419,77165.56,730,16,1226.57,1,0,13.8,0,0,36.2,Medium
C0008410,41,2248,45148.66,848,11,2432.92,0,1,3.5,0,0,38.6,Medium
C0008411,53,5566,79895.73,647,15,2211.87,2,0,4.9,0,0,58.2,High
C0008412,52,4255,180722.19,700,8,3648.58,3,2,3.4,0,0,54.0,High
C0008413,31,1544,88954.19,713,6,1911.23,1,1,10.4,0,0,56.0,High
C0008414,29,1306,104299.43,757,12,3181.31,3,0,14.5,0,0,49.6,Medium
C0008415,51,5422,25807.56,792,5,813.12,1,1,5.7,0,0,34.1,Medium
C0008416,38,3880,76701.22,697,11,1186.86,0,0,11.9,1,0,52.8,High
C0008417,55,736,53502.3,608,11,2611.15,0,0,4.8,3,0,63.1,High
C0008418,40,779,42651.64,637,17,2223.49,2,2,5.5,3,0,83.2,Very High
C0008419,56,4970,61243.63,701,6,3553.59,1,1,9.6,1,0,56.3,High
C0008420,48,1043,65817.32,774,17,4723.82,1,2,4.7,2,0,52.1,High
C0008421,46,1337,43979.29,582,15,4866.2,1,0,1.9,1,0,65.0,High
C0008422,37,3698,68771.5,602,9,6167.84,1,0,6.2,1,0,61.0,High
C0008423,45,5184,56357.56,747,6,7185.15,0,0,24.6,2,0,40.6,Medium
C0008424,59,2040,91238.39,593,10,1745.27,0,1,11.0,2,0,64.1,High
C0008425,41,4004,70266.88,606,8,9807.99,1,0,19.9,0,0,47.4,Medium
C0008426,49,4231,76240.46,775,13,14389.86,3,0,7.3,2,0,52.3,High
C0008427,43,3614,106250.31,673,13,943.55,2,2,4.5,1,1,72.8,High
C0008428,44,4120,84129.74,668,14,1500.47,1,1,8.2,4,0,65.9,High
C0008429,66,1388,61792.87,793,10,2780.35,1,0,2.1,1,0,33.3,Medium
C0008430,59,3741,19674.54,610,11,2558.17,3,0,7.8,0,0,73.1,High
C0008431,43,51,82243.53,595,7,735.07,2,0,2.4,0,0,61.0,High
C0008432,45,4391,37546.36,812,5,1186.71,0,0,8.4,0,0,18.9,Low
C0008433,32,4760,59127.94,707,7,2532.87,1,1,9.2,0,0,60.3,High
C0008434,40,4769,76036.25,741,14,1909.74,4,1,4.3,2,0,53.2,High
C0008435,46,205,129062.96,667,6,3293.93,2,0,3.3,0,0,51.5,High
C0008436,54,5471,170786.11,682,8,7843.58,0,1,29.3,0,0,37.5,Medium
C0008437,52,2623,37354.91,637,15,979.7,0,0,11.3,1,0,43.7,Medium
C0008438,26,510,30066.45,714,6,9901.45,0,1,11.7,2,0,36.9,Medium
C0008439,56,3220,74164.0,752,13,7472.44,0,1,30.7,3,0,41.6,Medium
C0008440,41,3442,70843.25,705,11,716.53,0,0,5.2,0,0,50.4,High
C0008441,28,2430,32011.74,770,8,1012.57,1,0,19.7,1,0,50.7,High
C0008442,61,4500,61436.41,740,9,1692.08,1,0,18.6,1,0,46.3,Medium
C0008443,62,3276,86123.46,611,9,1183.81,2,0,7.5,1,0,61.7,High
C0008444,46,1325,31517.75,679,9,3211.54,0,2,12.7,1,0,57.8,High
C0008445,52,3732,35877.57,656,11,3324.1,3,0,17.9,1,0,67.8,High
C0008446,53,1603,43503.72,747,6,2411.98,4,1,8.5,0,0,53.8,High
C0008447,62,738,55168.45,725,10,2805.44,1,1,11.9,1,0,48.1,Medium
C0008448,52,1623,90814.48,700,5,2016.66,0,1,2.0,2,0,70.1,High
C0008449,23,5436,51809.32,766,8,2847.03,1,2,11.2,1,0,51.5,High
C0008450,70,3446,63915.29,550,8,7627.73,0,2,3.3,0,0,74.5,High
C0008451,57,1926,213264.29,645,9,466.27,0,0,28.4,0,0,30.3,Medium
C0008452,35,2216,36640.85,651,16,2225.76,2,0,10.3,0,0,47.4,Medium
C0008453,28,5163,43292.87,709,15,2975.92,0,0,23.7,1,0,52.8,High
C0008454,49,4006,90024.63,731,8,2063.22,3,1,5.8,1,0,62.7,High
C0008455,38,4649,106757.31,690,13,2696.12,2,0,7.9,1,0,37.9,Medium
C0008456,47,3673,77888.23,591,12,4795.36,2,2,9.3,2,0,72.2,High
C0008457,52,5953,167681.53,721,13,1572.88,4,0,4.3,1,0,64.6,High
C0008458,34,3952,73827.78,700,8,9246.87,3,1,9.1,3,0,56.0,High
C0008459,26,2419,20911.04,580,13,838.04,1,0,2.0,1,0,59.0,High
C0008460,47,1536,65397.37,668,13,3293.0,1,3,7.9,3,0,66.8,High
C0008461,35,306,45290.32,718,9,2180.71,0,1,14.5,2,0,49.0,Medium
C0008462,44,4611,132718.57,814,16,2604.89,1,0,9.9,0,0,33.9,Medium
C0008463,23,5599,105391.04,608,5,3608.77,1,0,4.4,1,0,66.2,High
C0008464,38,3994,25862.77,749,5,1472.05,2,0,7.8,0,0,58.8,High
C0008465,52,2938,130296.07,609,12,4504.02,0,0,14.2,1,0,55.3,High
C0008466,50,809,103937.18,595,3,7942.55,1,1,12.1,1,0,62.4,High
C0008467,31,3874,51866.87,599,9,1822.08,1,0,10.5,1,0,55.6,High
C0008468,26,1225,59382.01,735,7,1571.35,1,0,4.1,0,0,44.5,Medium
C0008469,42,3744,133330.6,700,9,5007.51,1,1,6.2,3,0,61.8,High
C0008470,50,1826,20963.92,666,9,4166.27,3,0,8.4,0,0,57.5,High
C0008471,48,5199,79210.06,724,10,795.17,0,1,16.5,0,0,46.5,Medium
C0008472,35,5618,113126.84,693,11,3150.81,1,0,11.0,1,0,53.9,High
C0008473,46,1428,59047.5,698,14,3641.77,1,0,6.9,0,0,54.9,High
C0008474,63,1978,88542.69,667,11,2123.05,0,0,10.5,2,0,57.9,High
C0008475,45,5534,65619.27,613,8,5834.65,1,2,4.8,2,0,82.1,Very High
C0008476,19,148,40282.32,817,10,775.51,0,0,9.7,1,0,25.5,Medium
C0008477,45,3114,39732.44,795,10,543.79,2,0,12.4,1,0,40.6,Medium
C0008478,71,875,91715.87,809,13,4395.78,1,0,10.5,1,0,40.4,Medium
C0008479,24,2614,43706.45,650,12,1296.96,2,1,22.7,1,0,53.2,High
C0008480,42,222,26805.71,639,12,2151.0,0,1,1.3,3,0,56.9,High
C0008481,39,868,66317.49,659,6,1053.39,2,0,16.6,0,1,60.5,High
C0008482,43,2434,46755.86,771,9,3828.44,3,0,6.6,0,0,55.2,High
C0008483,45,388,32060.51,690,9,2745.53,0,1,34.8,1,0,44.7,Medium
C0008484,58,4789,64495.5,649,9,2018.3,2,3,5.8,0,0,70.3,High
C0008485,43,3480,94550.74,717,16,986.03,2,0,5.8,0,0,57.9,High
C0008486,60,2719,62690.94,635,6,1982.39,1,0,8.3,4,0,70.1,High
C0008487,40,2850,34491.12,588,5,2732.89,1,0,16.4,1,0,53.8,High
C0008488,37,5038,80812.07,700,11,1557.05,1,0,6.1,1,0,51.5,High
C0008489,33,5077,109559.79,651,10,1592.01,1,1,16.8,1,0,58.5,High
C0008490,18,313,209411.91,689,7,2214.89,2,0,11.7,1,0,51.4,High
C0008491,46,4120,137022.97,489,10,3409.0,2,1,10.9,0,0,69.2,High
C0008492,71,2834,35665.62,623,11,2898.0,2,1,11.4,1,0,53.4,High
C0008493,48,4703,99392.82,687,7,4725.19,2,0,15.4,0,0,54.3,High
C0008494,52,4728,71394.62,576,7,2075.38,0,0,10.8,1,0,54.1,High
C0008495,36,4258,32900.24,579,9,4249.71,0,0,25.0,3,0,57.7,High
C0008496,39,4058,72473.56,693,8,1031.11,0,0,2.8,2,0,52.7,High
C0008497,56,1295,178110.93,743,13,2849.98,3,0,17.5,4,0,59.1,High
C0008498,70,5121,119684.57,623,9,2753.08,0,0,3.7,0,0,53.7,High
C0008499,63,4213,35507.25,670,7,10184.64,2,0,11.2,2,0,58.6,High
C0008500,53,1664,62469.53,672,9,1423.13,0,1,10.7,1,0,45.6,Medium
C0008501,42,1419,81251.99,573,9,1007.82,1,1,14.2,0,0,57.8,High
C0008502,45,3020,23943.27,779,8,1333.46,0,0,4.9,0,0,41.8,Medium
C0008503,31,2076,24401.48,676,11,1458.75,1,0,5.0,2,0,52.5,High
C0008504,22,4070,67503.52,677,9,2871.68,0,1,21.5,0,0,43.0,Medium
C0008505,26,2456,67989.66,718,15,969.57,1,1,8.8,1,0,63.9,High
C0008506,43,1035,22551.1,573,9,2753.84,0,0,9.3,0,0,60.5,High
C0008507,38,2388,76747.42,759,9,2249.51,2,0,26.2,2,0,44.6,Medium
C0008508,21,4900,112726.43,769,12,3986.25,2,2,14.3,0,0,52.9,High
C0008509,41,4989,54985.44,701,12,3290.28,2,0,8.4,0,0,54.7,High
C0008510,38,1889,64073.5,725,12,3769.04,1,0,10.2,1,0,54.1,High
C0008511,26,4781,84894.63,666,9,3027.41,2,1,8.3,0,0,67.4,High
C0008512,37,587,78933.09,755,9,4699.83,2,0,10.6,0,0,55.8,High
C0008513,38,5904,24764.03,628,7,834.92,0,1,17.7,3,0,56.6,High
C0008514,33,4601,37687.1,688,9,854.13,3,2,12.3,2,0,69.9,High
C0008515,55,273,49869.77,692,11,2170.76,1,1,11.3,0,0,55.6,High
C0008516,18,4238,38616.49,687,10,2323.94,3,0,12.7,1,0,75.3,Very High
C0008517,18,2979,138929.56,770,8,1130.7,3,1,14.1,1,0,59.4,High
C0008518,42,5305,87890.89,850,10,3166.4,3,1,8.3,1,0,52.2,High
C0008519,43,1462,33676.0,682,13,942.35,0,1,7.2,1,0,50.6,High
C0008520,48,5355,55105.51,725,10,1848.25,3,0,26.8,0,0,39.6,Medium
C0008521,34,5227,115451.45,630,7,2174.45,2,0,6.1,4,1,74.2,High
C0008522,29,1692,43453.99,767,8,3190.92,0,2,12.6,3,0,60.1,High
C0008523,42,2611,99038.19,651,13,1585.38,0,2,7.1,1,0,63.8,High
C0008524,36,3858,132672.44,850,13,4848.08,1,1,5.4,0,0,30.7,Medium
C0008525,64,1464,121026.79,565,12,6557.33,0,0,9.0,4,0,69.8,High
C0008526,37,5994,68467.33,850,10,5978.39,2,1,15.1,1,0,45.8,Medium
C0008527,41,1169,123371.25,764,8,7124.56,1,0,13.8,1,0,34.5,Medium
C0008528,77,1485,46520.98,606,9,4399.22,1,0,4.4,0,0,66.9,High
C0008529,39,3019,243317.97,850,10,3281.59,3,0,15.0,1,0,41.5,Medium
C0008530,50,2853,70781.78,620,9,1351.85,2,0,13.9,1,0,70.5,High
C0008531,51,329,116497.66,666,9,1524.67,2,2,10.5,0,0,51.2,High
C0008532,52,5463,50806.76,593,12,4076.22,1,0,5.5,1,0,57.8,High
C0008533,46,1463,81598.62,679,14,691.33,2,0,19.3,2,0,57.0,High
C0008534,45,645,83599.65,686,12,5200.62,0,2,11.9,2,0,72.8,High
C0008535,43,3129,37198.78,752,7,1483.53,2,0,8.2,0,0,55.6,High
C0008536,34,5571,36597.89,850,6,1554.72,1,2,6.2,0,0,34.5,Medium
C0008537,47,43,55404.34,652,4,3642.9,3,1,4.5,2,0,62.3,High
C0008538,70,2944,113871.12,484,11,2639.88,1,1,5.1,0,0,78.7,Very High
C0008539,59,5467,22642.96,739,11,1674.92,2,2,5.3,0,0,53.3,High
C0008540,46,5361,50783.29,649,7,1217.17,0,0,10.7,0,0,37.8,Medium
C0008541,54,1049,127429.63,826,14,829.13,0,0,8.6,1,0,33.3,Medium
C0008542,30,3739,31483.49,687,10,539.24,0,1,10.7,1,0,55.2,High
C0008543,38,5020,123566.53,633,12,5694.55,2,1,17.2,3,0,63.1,High
C0008544,55,4038,33343.01,614,10,1911.12,0,1,4.9,0,0,59.0,High
C0008545,63,3953,37451.12,737,8,1234.62,0,1,6.9,0,0,45.6,Medium
C0008546,31,4644,57177.61,669,9,3585.67,2,1,8.3,5,0,69.4,High
C0008547,35,2735,173735.99,800,7,1325.68,1,1,16.1,1,0,40.7,Medium
C0008548,73,430,43603.19,674,12,1342.64,0,0,12.8,1,0,40.1,Medium
C0008549,43,3847,23903.02,796,5,4767.16,1,0,3.2,1,0,46.0,Medium
C0008550,68,3777,28676.26,586,9,3562.46,3,1,16.9,1,0,63.5,High
C0008551,45,5113,103513.9,560,8,2478.14,3,0,4.7,1,0,70.4,High
C0008552,45,5545,29430.37,752,6,1534.51,0,1,12.5,2,0,45.6,Medium
C0008553,38,2046,119165.69,655,8,2560.72,0,0,7.2,1,0,43.8,Medium
C0008554,55,5738,64426.13,670,8,3208.4,1,0,14.7,2,0,54.8,High
C0008555,61,89,60909.26,614,9,2601.78,1,0,8.3,0,0,51.6,High
C0008556,28,5810,73014.04,609,14,4844.37,2,1,28.1,1,0,55.4,High
C0008557,37,849,39910.05,738,14,1147.52,1,1,14.6,2,0,47.9,Medium
C0008558,55,3885,66884.28,689,16,1860.22,1,1,2.8,1,0,73.7,High
C0008559,40,4108,32167.1,610,8,3159.66,4,1,13.1,1,0,74.4,High
C0008560,35,3810,130193.84,749,8,1516.22,4,1,6.2,1,0,72.2,High
C0008561,56,5945,35237.89,778,12,4086.96,0,0,15.1,3,0,35.2,Medium
C0008562,57,3328,78926.63,682,12,5265.89,2,1,6.1,0,0,63.3,High
C0008563,36,814,35093.7,765,4,2286.5,3,0,5.4,1,0,47.6,Medium
C0008564,45,3657,46241.23,615,12,2821.56,0,0,10.5,0,0,53.7,High
C0008565,25,1766,50477.45,733,13,1920.87,1,0,17.5,2,0,38.7,Medium
C0008566,29,3684,319537.86,702,10,1818.89,2,1,13.1,1,0,58.3,High
C0008567,44,2302,61509.34,631,17,5066.36,1,1,8.1,5,0,73.4,High
C0008568,42,283,39460.22,844,12,1277.55,1,1,10.8,3,1,46.5,Medium
C0008569,28,3835,48551.68,707,10,3765.36,1,1,4.1,1,0,56.5,High
C0008570,32,560,27100.83,646,7,1596.93,0,0,9.3,0,0,46.8,Medium
C0008571,27,1987,56690.24,691,12,1269.81,1,1,11.6,1,0,39.7,Medium
C0008572,48,3727,171611.3,625,14,4236.14,2,1,17.4,2,0,51.9,High
C0008573,18,5290,74586.25,603,9,3459.49,1,0,6.4,2,0,57.2,High
C0008574,28,1905,101901.32,656,10,1438.79,1,1,5.9,1,0,61.7,High
C0008575,18,1811,37587.27,661,8,1972.04,1,0,9.3,1,0,47.1,Medium
C0008576,48,1829,55439.71,630,11,2028.96,2,0,8.8,0,0,49.1,Medium
C0008577,18,3463,69357.95,784,11,2563.23,1,2,22.4,0,0,50.1,High
C0008578,42,1184,41604.8,633,8,1600.52,1,2,16.1,1,0,55.8,High
C0008579,65,3176,77257.04,620,7,6802.02,1,1,9.7,0,0,56.4,High
C0008580,65,4812,86974.94,601,8,1070.17,1,0,17.6,1,0,59.3,High
C0008581,18,511,83571.35,594,8,821.23,0,0,3.4,0,0,51.3,High
C0008582,46,5787,57056.3,767,8,2038.8,0,0,9.3,0,0,34.8,Medium
C0008583,28,3204,112971.5,709,9,604.47,1,0,16.0,0,0,45.1,Medium
C0008584,25,3777,53809.22,742,1,1327.84,1,0,14.0,3,0,50.0,Medium
C0008585,40,3715,51176.63,766,8,1458.02,2,1,5.7,2,0,62.5,High
C0008586,59,5674,136999.99,665,5,2221.79,0,0,5.1,2,0,42.8,Medium
C0008587,50,3998,33727.14,800,13,1935.14,0,1,8.3,0,0,23.5,Low
C0008588,32,5306,24300.61,643,10,2564.76,1,0,10.7,0,0,54.4,High
C0008589,52,1737,38468.33,608,10,1325.01,3,0,15.8,1,0,72.2,High
C0008590,18,1331,76716.55,718,11,1720.26,1,0,6.6,0,0,45.6,Medium
C0008591,31,3872,125600.9,701,9,3204.77,5,1,9.2,0,1,64.5,High
C0008592,30,946,43114.06,701,13,503.26,2,0,4.8,0,0,49.3,Medium
C0008593,43,693,168223.76,766,8,2891.94,0,0,24.9,2,0,41.6,Medium
C0008594,39,1293,62934.4,698,4,545.77,3,0,9.6,1,0,54.2,High
C0008595,40,1647,58183.0,713,5,2215.21,0,0,15.7,1,0,40.1,Medium
C0008596,40,604,38848.46,792,9,3084.55,1,0,9.3,2,0,42.6,Medium
C0008597,42,4380,181341.09,710,13,2687.13,1,0,8.6,0,0,39.5,Medium
C0008598,50,3509,57081.24,727,6,1470.06,0,2,20.9,0,0,47.4,Medium
C0008599,44,1225,29800.97,584,9,2599.85,2,2,24.0,4,0,59.7,High
C0008600,38,1717,239571.56,850,10,1192.38,0,1,6.3,1,0,41.0,Medium
C0008601,48,5580,76988.26,571,8,5402.03,2,1,6.8,0,0,71.9,High
C0008602,54,5480,96205.94,650,5,3776.47,1,3,9.5,0,0,68.6,High
C0008603,34,765,156333.65,647,3,1187.2,0,0,8.0,1,0,46.3,Medium
C0008604,41,3692,86928.75,848,11,5383.94,1,1,5.3,1,0,46.9,Medium
C0008605,58,1958,105987.75,645,14,2496.67,0,0,14.8,1,0,50.3,High
C0008606,27,2176,63880.44,723,10,1055.67,1,1,13.3,3,0,60.6,High
C0008607,67,3610,92822.32,648,7,4699.16,1,2,5.2,3,0,69.3,High
C0008608,23,5908,60846.09,612,13,6403.05,2,0,6.3,2,0,68.1,High
C0008609,37,3509,61314.65,733,8,1863.06,1,2,2.0,0,0,52.5,High
C0008610,29,5720,66219.74,636,7,2790.85,0,0,5.6,0,0,42.6,Medium
C0008611,73,4927,49843.4,706,12,2181.32,1,0,3.6,1,0,48.1,Medium
C0008612,35,4678,81821.68,737,9,3206.08,1,0,17.6,0,0,43.3,Medium
C0008613,35,4748,81707.78,833,8,3688.03,4,0,18.5,2,0,44.0,Medium
C0008614,37,4756,97274.66,595,8,4176.17,3,0,4.5,3,0,67.1,High
C0008615,43,1554,88139.25,679,10,661.88,0,0,2.9,1,0,49.1,Medium
C0008616,37,5864,186262.7,682,9,1570.85,1,0,5.7,1,0,49.1,Medium
C0008617,40,5512,110617.77,690,5,4120.29,1,1,6.1,1,0,56.4,High
C0008618,18,3614,55320.63,850,10,1397.44,1,0,3.7,2,0,48.7,Medium
C0008619,43,4275,79545.06,677,11,2756.97,1,2,14.1,0,0,68.6,High
C0008620,42,5283,134843.97,501,13,1212.63,3,1,16.4,2,0,77.5,Very High
C0008621,57,941,36768.78,675,9,3418.12,0,2,7.0,1,0,58.2,High
C0008622,60,417,187722.98,681,11,2254.25,0,1,9.3,1,0,36.8,Medium
C0008623,39,5974,40491.12,672,12,3257.8,2,2,11.7,1,0,63.0,High
C0008624,53,3337,101726.3,636,9,2843.93,0,0,3.7,1,0,48.6,Medium
C0008625,27,4340,62225.48,591,8,882.54,1,1,11.8,2,0,66.7,High
C0008626,53,3030,60287.31,850,13,8586.21,0,0,8.6,1,0,19.1,Low
C0008627,34,3118,30281.36,714,6,940.21,0,0,7.0,1,0,42.0,Medium
C0008628,25,255,102131.32,676,10,11066.87,2,0,25.0,0,0,36.7,Medium
C0008629,39,1757,30524.74,850,21,540.25,0,1,12.0,0,0,29.1,Medium
C0008630,62,549,28039.4,625,12,2299.54,2,0,6.7,2,0,78.1,Very High
C0008631,45,2610,117327.72,735,15,881.2,0,0,10.6,1,0,34.2,Medium
C0008632,63,160,165905.35,596,8,6288.33,1,1,3.9,1,0,57.4,High
C0008633,32,4821,42954.83,746,8,1137.79,2,0,9.7,1,0,46.6,Medium
C0008634,57,1785,107645.61,605,6,1079.73,1,0,11.5,2,0,52.9,High
C0008635,33,4454,96084.1,725,11,2249.39,1,1,11.8,0,0,55.1,High
C0008636,45,349,58956.45,836,12,5574.04,3,1,4.4,1,1,41.2,Medium
C0008637,45,228,129261.01,697,14,4902.94,1,1,10.6,3,0,46.2,Medium
C0008638,51,2556,56664.18,526,10,1903.49,0,0,9.3,1,0,66.1,High
C0008639,46,4734,82415.88,693,12,1786.31,2,0,9.0,3,0,65.6,High
C0008640,32,4882,31110.98,726,10,3087.8,2,0,9.7,1,0,50.5,High
C0008641,54,3281,31850.98,758,13,2118.21,3,3,6.4,1,0,57.9,High
C0008642,66,3694,117932.11,801,8,2318.39,1,0,2.2,4,0,49.9,Medium
C0008643,34,4141,83956.37,804,9,2006.4,4,0,6.7,1,0,53.5,High
C0008644,18,4052,57327.65,680,8,3271.52,3,0,16.5,0,0,61.4,High
C0008645,49,4454,177053.02,641,7,2949.22,2,0,2.0,0,0,62.3,High
C0008646,37,218,176030.63,606,13,5914.34,1,1,16.3,0,0,43.7,Medium
C0008647,40,2590,78939.11,650,12,1454.25,2,1,8.6,2,0,62.8,High
C0008648,50,5041,27841.4,726,5,1445.58,0,0,0.6,3,0,45.8,Medium
C0008649,36,2655,58308.91,589,12,2071.36,0,0,2.6,1,0,56.7,High
C0008650,38,902,39221.08,620,17,1929.02,1,0,18.7,1,0,34.6,Medium
C0008651,41,4001,65128.8,732,9,3854.8,2,1,5.0,1,0,50.8,High
C0008652,63,1836,37046.39,642,13,1108.24,1,0,18.9,2,0,44.1,Medium
C0008653,42,3082,32111.37,718,5,5022.84,0,0,12.0,1,0,46.7,Medium
C0008654,25,3115,17862.38,629,8,1828.61,0,0,10.1,1,0,51.5,High
C0008655,25,4187,67974.04,712,14,4741.3,0,0,10.0,0,0,44.3,Medium
C0008656,44,5582,17510.74,632,13,11401.84,1,0,12.3,0,0,58.8,High
C0008657,26,4170,51987.43,547,11,4287.38,4,2,11.4,3,0,82.2,Very High
C0008658,20,5988,90835.73,762,4,3302.3,1,0,5.4,1,0,45.2,Medium
C0008659,51,143,41678.35,638,16,4543.25,2,0,21.7,0,0,56.9,High
C0008660,52,4702,34140.31,671,5,1816.97,3,1,19.2,1,0,72.4,High
C0008661,37,2520,59729.05,638,14,2610.15,1,1,6.8,1,0,73.1,High
C0008662,46,4384,39306.95,731,12,1421.21,1,0,6.0,0,0,49.8,Medium
C0008663,45,538,68665.46,715,10,1481.16,1,1,16.6,0,0,42.6,Medium
C0008664,50,3180,35130.79,731,12,2688.32,0,2,7.0,2,0,70.6,High
C0008665,50,208,58537.22,649,9,2341.22,0,2,14.0,1,0,66.2,High
C0008666,18,4003,51244.23,686,11,2912.09,3,0,5.0,1,0,67.3,High
C0008667,39,1322,61608.36,721,10,2400.55,5,0,23.6,0,0,64.2,High
C0008668,49,892,152393.77,806,12,1831.1,2,0,9.0,0,0,38.0,Medium
C0008669,36,501,69202.04,713,12,4010.36,2,0,6.2,1,0,44.4,Medium
C0008670,43,1637,81824.66,615,6,1472.68,3,0,5.6,2,0,68.4,High
C0008671,53,5759,43969.59,710,11,2590.05,5,0,5.4,2,0,69.7,High
C0008672,43,5908,70100.18,678,11,4638.68,1,1,4.9,1,0,57.3,High
C0008673,63,509,53302.99,540,9,3488.98,0,2,14.3,0,0,61.4,High
C0008674,58,5878,63019.56,552,11,2159.03,1,1,12.8,2,0,84.6,Very High
C0008675,40,3537,88593.14,685,16,684.56,1,1,7.9,0,0,61.2,High
C0008676,39,1958,47087.42,691,7,1763.67,0,0,19.5,1,0,41.7,Medium
C0008677,18,5655,49809.68,668,7,8752.76,1,0,10.5,1,0,73.2,High
C0008678,37,1469,47446.67,756,14,1872.35,1,1,3.8,0,1,36.5,Medium
C0008679,23,1114,46945.56,620,10,2192.7,1,0,18.7,1,0,47.6,Medium
C0008680,45,1400,68197.9,586,13,2456.36,4,1,15.5,3,0,84.7,Very High
C0008681,44,900,50751.66,628,13,2904.36,0,0,14.4,0,0,55.5,High
C0008682,52,2924,141317.68,644,8,1437.01,0,1,5.8,1,0,47.6,Medium
C0008683,62,869,270608.7,686,10,3600.86,1,2,9.3,0,0,61.1,High
C0008684,42,1365,45366.15,630,11,2869.57,1,1,1.3,1,0,59.1,High
C0008685,74,2247,72881.58,529,8,718.11,2,0,18.2,2,0,61.6,High
C0008686,45,3901,109731.73,497,10,420.94,2,1,3.8,1,0,87.3,Very High
C0008687,24,5152,53569.1,699,8,1551.88,1,0,13.1,2,0,46.1,Medium
C0008688,34,476,35881.41,605,8,1001.41,3,1,3.6,1,0,75.1,Very High
C0008689,37,3795,161278.02,540,7,2689.92,0,0,7.4,1,0,52.8,High
C0008690,50,648,90425.01,737,10,1724.83,2,0,4.0,2,0,36.8,Medium
C0008691,29,5944,73877.93,806,7,2986.3,2,0,23.8,0,0,16.5,Low
C0008692,38,1683,137678.56,683,9,3011.81,0,0,2.9,0,0,53.5,High
C0008693,40,5145,94704.61,710,10,1144.22,1,2,20.2,1,0,47.5,Medium
C0008694,36,4671,60386.77,711,14,1736.17,1,0,14.1,2,0,44.9,Medium
C0008695,53,1966,36233.62,517,8,1535.45,4,0,7.3,0,0,73.5,High
C0008696,51,1960,47266.51,757,6,4034.74,0,0,7.8,0,0,34.0,Medium
C0008697,58,1923,120275.76,783,10,1962.59,1,1,7.3,0,0,44.5,Medium
C0008698,37,2840,90222.74,828,9,4960.9,0,0,15.0,1,0,40.3,Medium
C0008699,59,2668,55950.52,657,13,5143.59,1,0,4.8,2,0,47.6,Medium
C0008700,23,3950,163816.05,605,6,2014.45,1,0,4.3,0,0,54.6,High
C0008701,23,2801,56864.01,792,11,1496.94,1,2,16.5,1,0,54.3,High
C0008702,25,4737,106726.48,727,12,1245.19,3,0,5.9,2,1,48.9,Medium
C0008703,42,2814,69976.25,756,11,3490.07,0,0,5.2,2,0,39.9,Medium
C0008704,59,1863,179514.96,641,12,2061.07,2,0,10.4,3,0,63.3,High
C0008705,34,1980,93813.56,710,9,1369.84,0,0,8.4,1,0,41.4,Medium
C0008706,35,4393,63594.19,611,7,3941.5,4,1,6.7,1,0,62.8,High
C0008707,39,869,56193.08,690,8,3988.71,3,2,4.9,3,0,64.7,High
C0008708,50,1737,61478.01,664,4,1187.62,1,1,11.9,0,0,54.3,High
C0008709,35,1890,41602.73,850,13,2782.8,4,2,6.4,1,1,52.9,High
C0008710,35,3877,29237.37,731,15,3225.58,3,0,8.2,1,0,54.4,High
C0008711,23,800,73474.53,529,4,6649.07,3,0,6.9,4,0,85.7,Very High
C0008712,34,2721,46233.25,690,12,1976.23,0,0,5.7,1,0,62.4,High
C0008713,58,4057,46165.74,718,13,2200.28,3,1,5.9,3,0,68.3,High
C0008714,43,5561,59043.37,654,8,3380.88,2,1,6.7,3,0,77.4,Very High
C0008715,32,2642,63806.64,607,9,5019.18,1,1,8.2,3,0,65.8,High
C0008716,59,5893,62252.03,740,12,2854.39,4,1,14.9,2,0,54.4,High
C0008717,34,3657,161288.85,618,14,2547.22,1,1,10.2,0,0,63.5,High
C0008718,62,4651,89250.15,733,10,1527.46,0,0,17.0,0,0,33.8,Medium
C0008719,62,1480,197637.19,612,13,1782.65,4,0,13.4,0,0,68.9,High
C0008720,43,5495,48700.52,650,10,1996.94,1,2,5.5,4,1,76.5,Very High
C0008721,21,1577,95409.75,762,16,3470.41,1,2,6.3,0,0,48.5,Medium
C0008722,74,844,50212.17,727,15,2945.12,1,0,5.2,0,0,45.4,Medium
C0008723,47,501,45536.39,692,7,1405.62,2,0,12.6,1,0,51.4,High
C0008724,37,3937,201780.98,688,8,3822.12,3,1,10.1,0,0,56.3,High
C0008725,55,3781,40635.94,697,9,1971.02,0,0,14.5,0,1,36.7,Medium
C0008726,52,1214,18168.34,631,7,1989.36,0,0,8.0,2,0,53.8,High
C0008727,60,5275,42003.89,576,11,3624.39,1,1,7.5,2,0,68.9,High
C0008728,33,1683,20543.74,733,12,3930.42,4,0,17.2,0,0,37.3,Medium
C0008729,46,3670,36741.46,805,4,2754.65,0,0,7.7,2,0,37.5,Medium
C0008730,25,3151,38662.42,735,10,7425.89,2,0,6.8,0,0,48.1,Medium
C0008731,51,3566,63214.86,709,9,650.41,3,0,3.1,0,0,43.2,Medium
C0008732,42,4459,20082.65,599,14,4121.14,0,1,8.6,0,0,64.2,High
C0008733,46,5566,119690.36,756,9,1148.97,3,0,4.2,0,0,58.3,High
C0008734,40,4337,22097.43,726,8,2175.98,4,1,11.9,1,1,66.7,High
C0008735,38,5445,57793.22,747,9,2235.33,2,2,6.3,2,1,50.8,High
C0008736,30,5220,51875.64,768,14,2130.25,2,2,17.3,0,0,63.0,High
C0008737,53,2172,97619.48,809,12,1223.57,2,2,14.4,3,0,49.8,Medium
C0008738,63,3368,75224.97,606,7,915.16,1,0,10.8,2,0,59.3,High
C0008739,34,1212,119094.17,593,10,633.99,1,0,4.1,0,0,56.4,High
C0008740,50,5560,50822.29,701,14,1932.74,3,2,20.9,4,0,63.4,High
C0008741,48,5803,48015.49,621,13,2415.35,1,2,11.3,3,0,77.4,Very High
C0008742,42,5330,77802.18,608,15,3255.65,3,0,5.1,1,0,70.3,High
C0008743,21,4463,109201.57,782,13,4706.61,0,0,6.5,0,0,35.6,Medium
C0008744,24,5098,97604.38,614,9,3820.05,0,1,29.7,1,0,52.7,High
C0008745,31,4770,74004.97,689,11,4205.03,2,1,24.1,0,0,32.7,Medium
C0008746,18,1400,70463.78,568,7,1154.48,0,0,1.6,1,0,60.8,High
C0008747,62,1605,60774.81,695,7,4534.98,1,0,9.0,1,0,42.7,Medium
C0008748,47,3202,77679.86,779,8,2821.72,1,1,10.0,0,0,37.7,Medium
C0008749,42,2540,189871.65,781,10,950.83,1,0,12.0,0,0,43.1,Medium
C0008750,18,4425,54256.3,768,5,4437.67,0,2,12.8,3,1,53.5,High
C0008751,18,4424,50737.48,684,13,1247.0,0,1,8.3,3,0,50.6,High
C0008752,42,5857,48645.23,773,8,1128.3,0,0,17.6,2,0,42.5,Medium
C0008753,70,4737,76806.51,722,8,6029.99,3,0,10.5,1,0,55.6,High
C0008754,32,99,19301.34,657,13,2584.66,0,1,3.8,2,0,62.9,High
C0008755,54,2062,57561.3,719,7,1123.23,1,0,6.5,1,0,47.9,Medium
C0008756,35,1982,100634.0,756,13,1559.47,0,0,1.9,0,0,33.3,Medium
C0008757,43,3812,46418.93,590,11,4399.96,1,1,9.0,1,0,58.7,High
C0008758,59,2073,68705.0,610,17,1013.45,1,0,10.7,0,0,55.4,High
C0008759,37,5871,197802.47,679,10,2017.3,2,0,12.9,2,0,52.7,High
C0008760,32,1752,74404.34,598,11,2016.54,2,1,15.8,1,0,63.0,High
C0008761,62,2642,18093.63,597,8,12979.41,1,0,3.5,1,0,67.3,High
C0008762,43,4910,28551.17,658,7,857.48,2,3,8.3,0,1,51.0,High
C0008763,57,2221,54005.32,764,16,880.84,1,1,20.6,2,0,49.2,Medium
C0008764,32,299,39846.32,763,10,1529.68,3,1,11.1,0,1,58.9,High
C0008765,62,2013,65627.52,714,8,1458.75,1,1,6.6,0,0,50.2,High
C0008766,46,2175,52726.47,704,6,2262.15,4,2,10.4,1,1,69.7,High
C0008767,48,3684,117739.4,847,16,1627.51,0,1,6.5,1,0,41.8,Medium
C0008768,44,4278,34018.42,650,5,3834.37,1,0,11.1,0,0,52.0,High
C0008769,35,3305,55313.1,708,10,2341.25,1,0,18.5,2,0,48.9,Medium
C0008770,42,2458,69869.31,646,6,1180.59,1,0,23.1,0,0,45.1,Medium
C0008771,36,3031,74795.55,593,9,1894.9,1,0,16.7,0,0,47.4,Medium
C0008772,55,890,67213.71,779,9,1855.61,2,0,6.3,2,0,37.3,Medium
C0008773,39,1110,16460.01,667,9,4652.66,2,2,10.2,1,0,70.8,High
C0008774,21,3676,64906.32,742,12,3883.23,2,0,5.9,1,0,46.0,Medium
C0008775,18,5196,57066.63,672,9,3519.45,1,0,13.6,0,0,45.6,Medium
C0008776,18,3149,99722.84,783,12,1379.91,1,1,9.6,0,0,33.3,Medium
C0008777,51,390,92274.52,615,10,2713.4,2,0,10.3,2,0,63.9,High
C0008778,26,5891,70781.58,777,12,1047.43,1,0,6.5,0,0,47.8,Medium
C0008779,46,1965,73653.72,757,10,3383.95,2,0,14.4,1,0,35.7,Medium
C0008780,44,4498,130444.14,555,7,4881.76,1,0,4.3,0,0,66.5,High
C0008781,41,5389,116722.26,651,11,570.35,2,0,7.3,3,0,64.0,High
C0008782,48,5917,72136.99,767,9,2096.59,1,1,22.6,3,0,39.2,Medium
C0008783,44,725,201767.18,813,13,2095.17,1,0,7.1,2,0,38.9,Medium
C0008784,18,1142,43887.36,744,13,4005.81,0,1,3.5,1,0,45.9,Medium
C0008785,37,3883,32302.37,660,8,1514.33,0,0,4.1,1,0,50.7,High
C0008786,48,4576,61631.52,617,7,1500.64,0,0,12.0,1,0,61.2,High
C0008787,65,5013,50478.07,732,7,2471.03,2,1,19.1,3,0,62.5,High
C0008788,66,3323,15977.74,658,11,3306.62,1,0,3.7,1,0,54.6,High
C0008789,23,976,43307.46,661,9,2547.0,2,2,20.0,0,0,63.6,High
C0008790,37,4283,74896.43,673,13,3951.16,1,1,9.4,2,0,53.9,High
C0008791,20,4020,60052.5,756,5,3487.48,2,1,14.7,1,0,40.3,Medium
C0008792,63,2821,40450.56,825,14,1592.57,0,0,13.2,0,0,28.9,Medium
C0008793,56,3836,63460.23,767,10,2263.89,2,0,15.2,1,0,45.2,Medium
C0008794,47,1297,66342.07,691,7,3186.98,0,1,10.0,0,0,51.3,High
C0008795,44,4870,91874.66,623,16,1332.78,1,0,4.6,4,1,61.9,High
C0008796,61,303,43567.39,740,10,1434.26,1,2,6.0,3,0,68.5,High
C0008797,59,5038,100258.88,815,12,864.36,1,0,11.2,0,0,37.1,Medium
C0008798,58,5034,34031.3,765,9,4806.64,0,0,1.6,0,0,41.7,Medium
C0008799,48,4134,47006.09,706,10,9136.47,3,0,13.9,2,0,50.1,High
C0008800,37,4894,157839.81,653,7,1438.05,2,0,5.2,0,0,63.7,High
C0008801,53,5479,35304.19,716,9,3247.17,1,0,8.2,2,0,46.7,Medium
C0008802,53,1000,43155.61,777,15,5031.29,0,2,18.0,0,0,51.6,High
C0008803,39,3281,31122.26,707,10,1046.34,0,1,6.6,0,0,44.6,Medium
C0008804,37,3881,39335.91,682,13,2803.13,3,1,9.8,0,0,64.6,High
C0008805,58,5657,66902.35,638,7,5300.02,1,1,4.3,2,0,80.4,Very High
C0008806,65,4434,91444.54,850,8,1886.14,0,0,8.0,1,0,41.4,Medium
C0008807,32,3578,61367.69,623,9,2128.39,2,1,7.1,0,0,71.0,High
C0008808,38,3359,51860.37,616,10,5507.62,2,0,17.0,0,0,63.8,High
C0008809,47,888,31299.71,702,4,1705.22,0,0,15.1,2,0,40.5,Medium
C0008810,49,1923,41563.1,675,7,1547.0,3,0,8.5,0,0,58.2,High
C0008811,35,2616,26491.26,767,16,1993.86,2,0,6.3,1,0,49.1,Medium
C0008812,68,5289,92966.78,769,11,7350.59,1,1,7.6,2,1,57.0,High
C0008813,48,5175,96589.94,599,13,3784.94,1,0,14.9,1,0,68.6,High
C0008814,49,3865,60635.97,633,3,3201.67,0,1,21.9,0,0,54.2,High
C0008815,67,662,79038.29,624,14,3179.91,2,1,14.5,3,0,69.2,High
C0008816,36,4329,100389.97,749,5,1094.24,0,0,7.9,0,0,36.0,Medium
C0008817,41,2769,65549.09,722,10,3263.97,1,2,8.1,2,0,57.6,High
C0008818,24,3923,133435.77,662,7,1722.93,2,0,9.8,0,0,64.0,High
C0008819,40,2616,35305.84,706,10,2008.53,1,1,18.3,0,0,47.2,Medium
C0008820,21,4336,51180.87,606,8,1942.74,0,1,16.0,0,0,47.5,Medium
C0008821,52,1328,47936.45,634,8,4217.21,0,1,8.8,3,0,64.2,High
C0008822,48,896,88509.98,592,13,7520.67,2,0,11.8,1,0,64.6,High
C0008823,38,1342,28172.79,701,9,1265.81,0,0,5.2,3,0,55.2,High
C0008824,41,5537,137485.77,701,7,4603.63,1,2,18.1,2,0,54.3,High
C0008825,53,480,84445.83,616,8,2087.83,2,0,11.5,0,0,52.9,High
C0008826,26,1736,162356.79,722,9,3851.95,0,2,1.5,0,0,53.2,High
C0008827,45,2074,60631.84,769,12,2860.7,1,0,21.3,2,0,43.2,Medium
C0008828,52,5024,45808.0,613,14,1579.63,0,0,10.9,1,0,65.1,High
C0008829,18,2174,88991.67,666,2,1564.16,0,1,9.0,2,0,59.8,High
C0008830,52,5363,109283.47,729,13,2052.22,1,0,10.8,1,0,50.2,High
C0008831,19,5928,41854.65,690,10,2980.11,1,0,10.5,1,0,51.6,High
C0008832,40,3917,20665.31,587,8,3260.83,0,0,6.3,0,0,51.2,High
C0008833,26,2077,22707.34,657,11,16288.46,2,1,6.3,3,0,65.2,High
C0008834,62,3601,71585.75,654,16,3371.54,3,2,7.0,0,0,67.7,High
C0008835,26,4025,144638.65,677,9,1018.53,3,1,8.5,3,0,77.7,Very High
C0008836,19,681,30315.92,680,10,5366.5,3,2,12.9,5,0,65.6,High
C0008837,44,5003,53374.49,807,9,3492.26,2,0,2.9,0,0,44.5,Medium
C0008838,36,2634,51187.08,674,7,2133.51,2,1,3.6,0,0,53.8,High
C0008839,21,5079,178292.78,561,4,1154.24,2,3,16.1,1,0,82.0,Very High
C0008840,49,3681,214737.65,697,11,1979.46,1,1,13.6,3,1,52.6,High
C0008841,18,5169,78302.8,821,6,5079.64,1,0,10.8,3,0,47.5,Medium
C0008842,27,518,101599.09,677,12,3282.12,1,0,7.5,2,0,61.5,High
C0008843,34,283,100057.38,657,7,5734.72,3,2,5.3,1,0,69.2,High
C0008844,53,695,30659.96,667,13,5540.29,3,0,6.4,0,0,58.4,High
C0008845,60,5250,91042.1,734,15,2713.47,0,1,16.5,1,0,43.7,Medium
C0008846,57,5961,35387.22,667,12,306.42,2,1,10.8,2,0,60.0,High
C0008847,40,5992,56418.08,576,14,1319.84,2,1,9.3,0,0,62.9,High
C0008848,18,2013,116046.36,640,5,871.06,0,0,4.2,3,0,62.8,High
C0008849,47,1607,64822.17,685,13,5961.31,3,1,12.0,1,0,72.4,High
C0008850,63,2117,113693.64,730,5,3313.76,1,2,8.3,3,1,64.0,High
C0008851,59,4908,126688.24,646,12,2060.22,0,1,10.6,0,0,58.0,High
C0008852,48,1531,23589.95,668,10,1689.4,2,1,11.3,1,0,60.7,High
C0008853,25,3297,18716.41,693,10,4794.11,2,0,8.3,1,0,56.5,High
C0008854,35,3886,117482.01,632,7,1320.95,3,2,5.2,1,0,70.8,High
C0008855,69,2187,120116.06,683,9,1023.68,2,0,8.2,1,0,61.8,High
C0008856,22,2854,71397.4,725,10,967.97,3,1,22.7,1,0,55.0,High
C0008857,26,4001,76926.71,601,9,2539.29,0,0,10.4,0,1,59.1,High
C0008858,55,4748,101322.71,713,15,1393.5,3,0,8.8,0,0,65.9,High
C0008859,36,1162,100289.33,608,10,4524.42,2,0,4.3,0,0,65.6,High
C0008860,25,3089,52448.58,610,10,2339.75,4,1,4.2,1,0,78.2,Very High
C0008861,63,951,104883.69,640,10,946.86,0,2,8.3,0,0,54.3,High
C0008862,48,122,51242.75,792,6,1999.38,2,0,6.6,1,0,50.3,High
C0008863,37,3881,70887.03,561,7,1236.12,1,1,4.1,1,0,65.7,High
C0008864,26,2911,69210.1,655,13,2141.44,3,1,9.1,0,0,67.7,High
C0008865,71,1578,38645.98,688,12,4708.91,0,0,4.0,3,0,59.4,High
C0008866,42,359,41202.19,778,11,2092.6,2,0,4.0,1,0,54.2,High
C0008867,62,5677,211853.35,836,12,1496.53,1,2,10.8,3,1,54.3,High
C0008868,55,4965,37962.44,658,12,3077.31,1,1,17.8,0,0,51.3,High
C0008869,35,5613,75990.78,730,10,1745.29,1,1,2.6,0,0,44.5,Medium
C0008870,35,708,85287.16,683,10,3257.83,0,4,2.6,3,1,77.7,Very High
C0008871,62,114,60178.52,682,3,2846.07,3,3,15.8,1,0,73.4,High
C0008872,62,1325,89698.48,710,5,1158.64,1,0,5.4,3,0,47.0,Medium
C0008873,18,629,74297.34,571,13,978.5,0,1,5.7,0,0,74.7,High
C0008874,50,2775,38416.84,686,14,1804.63,1,0,5.0,0,0,54.3,High
C0008875,40,3883,83294.61,724,11,2995.78,3,0,7.8,0,1,56.2,High
C0008876,28,1195,45949.63,626,11,7059.81,1,0,7.3,3,0,53.6,High
C0008877,46,2398,161499.56,724,10,1097.07,3,0,17.8,2,0,45.2,Medium
C0008878,23,3249,78504.29,560,7,1186.98,0,3,16.5,0,0,76.1,Very High
C0008879,35,1924,42184.38,697,10,4297.75,4,0,26.7,2,0,61.3,High
C0008880,31,2780,74843.08,791,9,2576.02,0,1,9.7,2,0,54.8,High
C0008881,35,3554,37280.28,674,6,2019.96,2,0,8.1,1,0,67.1,High
C0008882,41,5716,71443.93,617,8,3510.88,2,0,36.4,2,0,44.4,Medium
C0008883,28,1881,54762.22,583,7,5080.38,0,0,1.6,0,0,54.1,High
C0008884,64,557,39344.46,719,7,4449.87,2,1,9.6,2,0,50.6,High
C0008885,49,5215,39073.39,760,6,1435.65,0,0,4.3,2,0,32.2,Medium
C0008886,67,3473,236594.62,686,6,3014.67,0,0,6.3,3,0,55.9,High
C0008887,40,2848,65196.13,655,10,4726.4,0,0,9.9,1,0,38.2,Medium
C0008888,34,4330,48895.13,545,7,1877.66,0,0,7.5,1,0,64.8,High
C0008889,67,5887,44452.85,699,9,2889.67,1,0,13.3,1,0,58.9,High
C0008890,34,791,80340.65,638,8,1548.38,0,2,11.1,2,0,60.8,High
C0008891,40,5167,43639.45,643,6,1220.33,1,0,23.0,2,0,63.4,High
C0008892,52,3829,33956.98,811,6,2969.45,0,0,8.0,0,0,40.9,Medium
C0008893,25,3524,60904.46,555,10,4135.77,1,1,22.1,2,0,63.4,High
C0008894,52,5189,60651.93,565,12,3729.58,1,2,7.1,0,0,76.7,Very High
C0008895,50,1845,49292.17,707,11,952.54,1,1,10.6,0,0,60.8,High
C0008896,60,4731,37974.83,661,7,5338.12,3,1,10.8,1,0,87.5,Very High
C0008897,54,3436,50003.85,651,7,3320.97,0,0,8.9,1,0,53.4,High
C0008898,60,5612,47886.51,710,6,4740.65,1,2,9.3,1,0,59.8,High
C0008899,40,2822,44368.69,709,13,1246.48,0,0,28.3,2,0,54.1,High
C0008900,30,4331,72183.35,617,15,3946.07,0,2,1.7,0,0,63.9,High
C0008901,72,2999,210937.06,646,16,3464.55,2,0,6.9,0,0,64.9,High
C0008902,21,2382,128973.28,694,3,1005.37,4,1,16.0,0,0,62.1,High
C0008903,22,2271,180402.43,703,8,3050.31,1,0,11.9,2,0,55.6,High
C0008904,50,5525,45372.41,726,10,1172.65,6,2,7.3,1,0,63.0,High
C0008905,65,5031,155743.89,646,4,2316.21,2,0,24.3,1,0,61.1,High
C0008906,45,1375,70255.32,716,14,10350.04,3,1,8.4,1,0,57.0,High
C0008907,56,5197,106658.73,761,8,2769.8,1,2,28.0,0,0,55.8,High
C0008908,18,3514,79747.99,694,10,2131.22,0,0,11.4,1,0,38.9,Medium
C0008909,35,651,51333.18,682,18,874.54,1,1,16.4,1,0,62.5,High
C0008910,18,4600,92098.45,672,8,2771.4,0,0,15.4,1,0,53.1,High
C0008911,53,998,80951.17,644,12,2080.2,2,3,3.9,2,1,81.5,Very High
C0008912,20,5237,23444.4,620,10,621.57,0,0,9.6,0,0,59.0,High
C0008913,24,2743,57908.61,668,8,1129.95,1,1,11.8,0,0,45.6,Medium
C0008914,49,5501,100178.81,724,15,4096.31,1,0,19.9,1,0,49.5,Medium
C0008915,57,2914,72219.95,623,9,5316.67,0,0,15.1,2,0,58.3,High
C0008916,40,537,80265.78,684,6,2409.81,2,2,6.3,2,0,67.8,High
C0008917,50,4607,41011.45,676,10,4432.41,4,2,9.7,1,0,66.0,High
C0008918,50,4364,71382.32,823,10,2348.57,0,0,3.8,2,0,31.5,Medium
C0008919,39,1835,58800.24,744,12,1405.83,2,0,5.0,1,0,46.0,Medium
C0008920,27,1248,55436.33,743,4,9610.32,3,1,7.9,1,0,52.1,High
C0008921,50,5186,42672.02,759,11,917.96,2,1,1.2,3,0,62.7,High
C0008922,51,4681,102545.71,649,12,3026.51,2,3,6.8,0,1,69.7,High
C0008923,55,1808,74974.05,793,10,1505.77,2,1,5.0,1,0,50.1,High
C0008924,46,4213,70925.9,702,15,2007.51,1,0,7.4,1,0,61.0,High
C0008925,26,1467,191534.12,687,7,6456.75,1,0,11.1,4,0,59.1,High
C0008926,52,1112,80457.08,599,11,2366.73,1,1,18.1,1,0,65.3,High
C0008927,42,3993,119989.9,660,8,1862.57,0,1,8.0,0,0,59.5,High
C0008928,35,5001,72041.87,558,12,1611.77,4,1,8.3,0,0,85.4,Very High
C0008929,38,5514,51054.53,671,9,3312.3,2,2,13.2,0,0,70.4,High
C0008930,32,2786,34626.14,647,13,1242.2,1,0,11.9,2,1,60.2,High
C0008931,54,886,70802.83,660,10,2444.19,2,2,4.9,1,0,72.4,High
C0008932,22,3276,14327.99,586,8,2106.03,1,0,8.4,0,1,65.2,High
C0008933,28,4094,72023.42,743,6,1382.0,1,2,8.5,0,0,57.3,High
C0008934,37,5829,73744.29,734,5,906.09,1,1,15.3,0,0,28.3,Medium
C0008935,65,699,55007.65,817,11,2350.04,2,0,5.3,3,0,43.6,Medium
C0008936,57,3950,58928.97,815,13,1804.32,1,1,14.1,2,0,53.5,High
C0008937,19,3088,31155.51,702,10,2658.2,2,0,5.9,2,0,59.9,High
C0008938,61,3543,132849.43,767,6,561.52,1,0,16.8,2,0,51.9,High
C0008939,61,583,51503.32,710,7,1705.34,0,2,9.8,2,0,55.9,High
C0008940,26,130,36324.17,658,10,4000.68,2,0,4.8,1,0,62.2,High
C0008941,18,3650,83654.73,669,9,786.71,1,2,7.7,1,1,57.7,High
C0008942,41,1219,65894.19,738,8,7772.01,1,1,4.5,1,0,54.6,High
C0008943,58,3695,50909.54,850,12,2908.91,2,2,6.5,0,0,52.1,High
C0008944,64,188,48034.33,778,12,2094.82,0,0,6.8,0,0,27.8,Medium
C0008945,30,4813,61808.02,708,9,2463.04,0,0,9.2,1,0,36.2,Medium
C0008946,67,2019,129973.84,726,12,1319.08,1,0,36.2,1,0,41.8,Medium
C0008947,18,2723,80269.11,726,8,5775.21,2,0,6.1,2,0,63.4,High
C0008948,37,2086,60837.71,683,7,2578.16,4,0,5.0,2,0,62.7,High
C0008949,36,2527,99084.5,747,8,2396.27,1,0,6.5,2,0,43.8,Medium
C0008950,58,3196,62945.98,678,8,4404.76,1,4,16.0,0,0,57.9,High
C0008951,60,3884,77322.74,614,10,2952.5,1,0,3.9,3,0,66.3,High
C0008952,55,4147,67373.69,726,6,1475.57,4,2,9.7,0,0,61.8,High
C0008953,23,5941,85756.65,736,9,2245.55,2,2,20.1,3,0,67.9,High
C0008954,54,1100,48562.67,679,13,3319.16,1,0,14.6,3,0,51.4,High
C0008955,49,5233,33131.88,713,6,2384.08,2,1,10.5,1,0,48.9,Medium
C0008956,19,3621,102094.71,762,4,956.0,0,2,7.2,2,0,44.3,Medium
C0008957,18,1878,141860.61,686,12,5699.8,1,0,7.0,2,0,56.2,High
C0008958,57,5504,34008.14,656,10,2545.88,1,0,12.7,3,0,58.4,High
C0008959,39,4250,68425.45,637,9,1773.83,0,2,19.7,0,0,54.4,High
C0008960,24,1134,48436.6,671,16,3500.36,2,1,3.9,1,0,59.1,High
C0008961,39,1073,100785.32,805,10,1662.81,1,1,5.3,1,0,44.4,Medium
C0008962,47,3964,71007.79,675,8,846.86,0,0,12.1,2,0,63.6,High
C0008963,41,4386,386543.4,717,9,2284.78,3,0,7.0,1,0,42.6,Medium
C0008964,20,302,52527.98,666,8,3539.07,1,0,2.8,1,0,51.4,High
C0008965,68,3780,144408.37,659,11,1920.44,1,2,12.2,2,0,58.0,High
C0008966,56,3200,152350.11,624,12,1969.36,2,0,8.3,0,0,54.6,High
C0008967,37,5817,83147.24,698,8,2027.68,1,1,4.9,0,0,57.1,High
C0008968,38,4456,63277.52,651,8,2139.7,3,3,14.6,1,1,68.6,High
C0008969,47,5458,65319.79,786,9,2516.33,2,0,7.7,2,0,39.3,Medium
C0008970,26,233,62348.96,682,15,3841.28,1,1,10.0,2,0,52.1,High
C0008971,47,4592,115636.22,687,8,3690.1,4,0,25.9,1,0,57.9,High
C0008972,23,2021,38366.49,676,10,8568.05,0,2,10.6,0,0,56.3,High
C0008973,41,3333,56746.46,718,6,7102.06,1,0,15.1,0,0,46.6,Medium
C0008974,26,5271,53087.0,802,8,1306.08,3,0,17.1,1,0,38.7,Medium
C0008975,26,5223,23992.17,612,7,1969.94,2,0,12.5,2,0,59.6,High
C0008976,65,1376,99438.32,711,5,3652.57,0,0,7.1,1,0,47.7,Medium
C0008977,43,1463,111245.56,572,3,712.86,3,0,15.5,1,0,73.3,High
C0008978,45,4345,43742.24,782,10,2802.05,4,0,6.3,1,0,53.9,High
C0008979,18,5272,109257.47,682,14,1308.94,4,0,7.2,2,0,51.7,High
C0008980,34,3685,25948.73,578,9,2205.58,0,2,13.8,0,0,77.3,Very High
C0008981,48,355,62822.25,594,11,2300.82,2,0,21.2,1,0,61.7,High
C0008982,45,1007,57840.67,751,15,722.52,1,1,10.6,2,0,47.9,Medium
C0008983,18,4504,65065.61,565,14,10993.28,1,1,12.2,0,0,57.9,High
C0008984,45,4457,64879.66,711,4,1606.44,2,4,11.9,1,0,85.2,Very High
C0008985,47,5382,59427.76,658,7,5813.16,1,0,4.0,1,0,59.8,High
C0008986,60,3206,50091.9,675,16,788.66,3,0,8.2,1,0,69.7,High
C0008987,33,2582,58401.76,639,12,1489.94,1,0,0.8,0,0,53.8,High
C0008988,18,698,131224.04,619,9,3794.08,1,1,3.1,1,1,61.9,High
C0008989,28,4698,45098.05,653,8,1929.63,1,2,7.0,1,0,55.5,High
C0008990,27,5697,214341.68,733,12,3795.36,1,0,4.5,1,0,57.2,High
C0008991,52,300,43719.49,668,8,3408.07,1,1,3.3,0,0,70.6,High
C0008992,18,2967,70751.02,722,10,1315.57,1,0,6.6,0,0,33.3,Medium
C0008993,36,2151,84885.05,672,12,4997.64,1,1,2.1,1,0,56.3,High
C0008994,62,4478,52808.31,736,13,3275.9,1,1,7.6,0,0,61.8,High
C0008995,42,4588,132612.87,721,15,879.62,1,0,18.3,4,0,46.5,Medium
C0008996,55,1329,83680.07,649,18,2408.02,3,0,10.6,1,0,57.8,High
C0008997,19,5713,55392.16,618,10,3438.2,1,2,2.5,1,0,71.2,High
C0008998,20,848,131805.85,762,7,2107.66,3,0,12.8,2,0,61.8,High
C0008999,62,4693,35467.4,629,11,2320.84,0,0,9.6,0,0,55.3,High
C0009000,43,4455,45427.54,728,6,3084.57,1,2,3.7,0,0,56.4,High
C0009001,43,999,84482.81,692,8,777.11,1,1,14.3,1,0,68.5,High
C0009002,26,4052,96345.52,655,16,1973.51,2,2,22.5,1,0,59.6,High
C0009003,43,1644,74037.85,722,9,1762.56,1,0,5.2,1,0,42.1,Medium
C0009004,26,1666,57810.97,793,14,3673.91,2,0,7.8,1,0,45.2,Medium
C0009005,59,546,53992.23,737,6,1558.29,0,0,15.4,1,0,38.6,Medium
C0009006,80,4485,115515.52,700,10,7971.53,1,1,13.5,1,0,50.0,Medium
C0009007,49,4851,70764.07,812,9,1534.84,2,0,20.9,2,0,41.5,Medium
C0009008,33,3044,38374.88,564,13,1079.83,2,0,9.8,0,0,69.3,High
C0009009,18,4662,37176.92,607,6,4986.75,3,0,11.6,3,0,65.7,High
C0009010,18,2111,142527.95,655,6,3304.07,2,1,1.7,2,0,62.4,High
C0009011,64,3403,41754.85,796,7,2875.93,3,0,10.7,2,0,32.5,Medium
C0009012,28,4727,72033.87,761,8,1910.21,3,0,16.1,1,0,44.1,Medium
C0009013,37,2601,130338.24,561,10,1777.0,2,0,6.6,3,1,79.9,Very High
C0009014,51,3712,83537.31,657,11,3011.53,1,0,13.4,3,0,56.8,High
C0009015,63,896,40871.42,591,7,1544.82,4,0,5.2,2,0,73.9,High
C0009016,39,3058,35463.45,687,12,7102.94,0,0,20.5,2,0,48.0,Medium
C0009017,36,5109,173395.14,758,11,2607.27,0,0,12.9,2,0,39.0,Medium
C0009018,43,4645,34970.12,763,9,1872.99,1,0,1.6,1,0,61.7,High
C0009019,33,1821,45733.74,710,9,1706.52,2,1,5.5,1,0,52.9,High
C0009020,34,3282,76097.19,658,13,1011.96,0,0,7.8,2,0,59.5,High
C0009021,48,3729,54968.0,683,8,3535.2,2,0,13.3,1,1,62.8,High
C0009022,45,5633,85006.46,741,11,1335.41,0,1,14.8,1,0,42.6,Medium
C0009023,72,4978,27656.47,850,11,2023.26,3,0,2.9,2,0,53.8,High
C0009024,48,4913,55224.94,601,18,11522.47,1,0,6.6,1,0,55.6,High
C0009025,58,4524,90004.82,809,5,681.18,2,0,5.8,2,0,41.2,Medium
C0009026,27,2168,90172.51,708,10,2062.43,4,1,3.2,5,0,78.4,Very High
C0009027,49,2280,45253.73,752,12,903.89,0,1,4.5,0,0,43.1,Medium
C0009028,32,2805,35346.3,704,17,1551.53,1,1,8.8,0,0,62.3,High
C0009029,48,2573,69733.2,795,6,2005.56,0,2,11.2,3,0,57.4,High
C0009030,52,5745,30122.73,715,11,942.76,1,1,19.9,0,0,42.0,Medium
C0009031,43,5255,125647.86,641,4,2870.22,3,1,17.9,1,0,58.9,High
C0009032,76,5374,67606.84,724,8,5714.06,2,0,13.4,3,0,43.8,Medium
C0009033,62,3657,42261.99,775,16,2731.41,2,1,5.7,1,0,61.0,High
C0009034,58,1171,34714.54,690,11,3798.55,1,0,1.1,1,0,53.5,High
C0009035,53,888,43770.2,534,6,6323.13,1,0,12.5,2,0,75.5,Very High
C0009036,67,1667,26260.67,681,5,3264.5,3,2,10.1,1,0,77.0,Very High
C0009037,22,3916,81390.85,697,15,475.86,2,1,4.4,1,0,65.4,High
C0009038,61,2205,39867.79,687,13,2471.58,1,0,3.8,1,0,39.7,Medium
C0009039,28,3941,77242.81,653,8,432.54,2,1,12.9,1,0,70.8,High
C0009040,34,5282,83327.99,789,9,1375.68,1,0,4.6,2,0,45.6,Medium
C0009041,50,2026,105470.67,512,13,830.38,1,0,11.9,0,0,61.8,High
C0009042,59,5566,71211.23,697,10,2627.02,0,2,12.6,1,0,52.0,High
C0009043,26,3086,115124.4,698,6,1227.81,2,0,6.3,1,0,47.5,Medium
C0009044,35,4819,132886.47,847,14,2674.35,2,2,8.0,2,0,47.6,Medium
C0009045,43,387,71461.06,689,11,3655.58,0,0,18.1,2,1,35.9,Medium
C0009046,39,1675,73871.27,723,6,1180.06,1,0,24.7,0,0,43.3,Medium
C0009047,54,5587,45628.1,699,9,2590.3,3,1,4.5,2,0,69.3,High
C0009048,90,5325,36015.19,697,8,400.97,0,1,4.6,0,0,62.1,High
C0009049,48,3438,125496.19,822,3,833.85,3,2,4.2,2,1,47.0,Medium
C0009050,32,226,86512.89,607,14,5014.82,0,1,8.1,1,0,48.4,Medium
C0009051,24,386,90458.43,640,14,1240.07,1,1,21.6,1,0,45.1,Medium
C0009052,37,2554,44801.61,747,14,1563.82,2,1,4.7,0,0,49.6,Medium
C0009053,29,5391,151455.4,709,12,1292.9,2,2,10.1,4,0,61.9,High
C0009054,49,2284,54674.46,669,16,713.09,0,1,9.3,0,0,46.2,Medium
C0009055,48,5307,39889.85,685,10,1123.45,1,1,13.0,0,0,60.2,High
C0009056,36,3225,45223.35,759,10,2191.74,4,3,24.5,1,0,63.9,High
C0009057,70,834,147126.06,726,9,1712.62,1,1,2.4,0,0,49.9,Medium
C0009058,32,3377,33651.52,637,14,4419.72,1,1,13.6,0,0,61.0,High
C0009059,40,2204,41018.25,708,5,1471.65,0,1,16.3,2,0,39.8,Medium
C0009060,51,1375,305305.99,686,8,2182.87,1,0,16.9,1,1,43.6,Medium
C0009061,54,4060,104032.69,725,14,1544.73,3,1,11.8,0,0,49.0,Medium
C0009062,60,1251,41427.86,666,13,4037.1,0,1,14.3,1,0,51.6,High
C0009063,48,5435,34203.85,599,6,866.71,3,1,4.6,2,0,83.6,Very High
C0009064,57,4827,24708.59,740,6,3001.03,3,1,7.3,1,0,59.9,High
C0009065,33,4698,65401.63,731,10,2862.37,2,0,9.2,0,1,52.4,High
C0009066,55,484,92531.17,796,6,1289.97,3,0,11.4,1,0,50.6,High
C0009067,55,5765,142946.92,591,9,2062.46,2,1,6.9,1,0,64.0,High
C0009068,63,2974,21877.17,685,6,2829.16,1,1,4.9,2,0,49.5,Medium
C0009069,19,4405,29909.45,673,7,1403.26,1,0,10.8,0,0,58.1,High
C0009070,29,1174,58054.46,660,8,1384.34,1,0,15.0,0,0,48.4,Medium
C0009071,54,4615,287250.0,574,9,989.19,2,1,9.5,1,0,79.2,Very High
C0009072,18,1937,100925.31,610,10,8190.57,1,2,5.8,2,0,74.9,High
C0009073,49,4251,76109.59,710,15,1624.1,2,2,12.8,4,0,65.4,High
C0009074,57,1685,31608.51,653,10,991.59,3,0,18.5,1,0,81.0,Very High
C0009075,34,5596,19320.03,628,9,697.11,1,0,10.2,2,0,57.8,High
C0009076,36,4259,63339.03,797,9,1305.59,1,0,20.3,2,0,27.4,Medium
C0009077,27,2730,58702.43,850,11,2616.81,1,0,4.6,5,1,41.5,Medium
C0009078,35,2752,53508.49,686,11,1863.41,2,0,18.3,2,0,52.2,High
C0009079,35,31,50294.51,577,14,2763.12,0,0,9.2,0,0,50.9,High
C0009080,32,1817,41080.75,720,10,3502.2,0,1,9.3,0,0,48.0,Medium
C0009081,32,4741,36213.47,534,14,1994.44,2,1,10.9,0,0,65.5,High
C0009082,38,4993,133135.0,589,12,2024.96,2,1,13.4,1,1,81.8,Very High
C0009083,38,5998,38074.46,721,9,6087.12,0,0,9.8,0,0,41.8,Medium
C0009084,68,542,53263.59,586,8,3551.16,0,4,11.5,1,0,69.7,High
C0009085,36,1526,60681.65,668,12,2824.65,2,0,11.9,1,0,62.1,High
C0009086,47,4605,91431.36,579,10,1760.24,3,2,12.9,2,0,80.2,Very High
C0009087,34,2187,38808.05,694,11,3412.64,1,1,13.7,0,0,42.6,Medium
C0009088,34,1512,106173.21,774,5,2766.17,0,2,9.0,1,0,51.3,High
C0009089,18,1709,45074.55,644,16,2699.27,0,0,10.4,0,0,40.0,Medium
C0009090,20,5510,56717.96,689,12,3506.62,2,1,9.0,1,0,59.8,High
C0009091,25,5151,153061.32,629,9,2719.38,1,1,0.9,2,0,56.9,High
C0009092,45,63,36381.45,634,10,819.51,0,0,5.0,2,0,63.5,High
C0009093,57,5048,92169.75,628,11,2279.59,4,0,17.5,0,0,69.2,High
C0009094,18,3353,107734.55,749,9,1065.74,3,0,9.0,1,0,53.9,High
C0009095,34,5071,73521.52,584,18,3320.45,5,0,6.8,0,0,72.2,High
C0009096,23,3744,58118.99,665,18,793.72,2,0,4.7,3,0,61.4,High
C0009097,38,4139,199591.27,721,5,2156.02,1,2,9.3,2,0,48.6,Medium
C0009098,57,3476,61529.67,758,9,2284.28,2,0,8.2,5,1,60.0,High
C0009099,36,4415,69364.62,723,10,1043.86,0,0,2.8,0,0,46.6,Medium
C0009100,41,4895,51523.84,685,7,2087.06,0,0,1.8,3,0,46.7,Medium
C0009101,62,3064,67371.99,647,13,3623.64,0,0,13.3,1,0,54.8,High
C0009102,48,699,105361.71,759,6,1532.08,4,2,11.9,3,1,74.6,High
C0009103,31,585,53288.28,625,15,2655.52,1,1,12.9,2,0,60.8,High
C0009104,44,2510,19442.14,626,10,3060.02,2,3,12.7,3,0,69.9,High
C0009105,30,2855,82236.4,791,12,1099.28,1,2,11.5,1,0,45.4,Medium
C0009106,48,5186,34262.47,717,13,2259.89,3,1,10.4,3,0,59.1,High
C0009107,49,227,93239.03,720,6,1918.23,0,0,18.4,2,0,43.2,Medium
C0009108,23,5335,61954.84,735,11,2178.88,1,0,3.9,3,0,50.1,High
C0009109,44,359,104151.27,683,10,775.54,2,0,15.6,2,0,52.3,High
C0009110,40,3005,36801.75,582,9,881.32,0,1,6.2,1,0,62.7,High
C0009111,50,2553,46189.97,709,6,4862.26,2,1,13.6,2,0,60.6,High
C0009112,54,3361,51424.49,689,8,3596.81,0,0,7.4,1,0,47.8,Medium
C0009113,49,283,27436.64,626,6,2538.37,0,0,10.5,0,0,47.0,Medium
C0009114,38,4590,114253.02,608,11,3953.17,1,2,20.3,1,0,64.1,High
C0009115,55,831,25359.46,687,11,929.25,1,0,2.9,1,0,54.0,High
C0009116,30,4684,113370.01,588,14,1898.22,2,0,8.1,1,0,71.9,High
C0009117,24,3414,78300.47,679,9,1785.66,0,0,16.2,0,0,40.3,Medium
C0009118,18,5331,55576.33,670,13,1333.54,0,0,9.6,1,0,48.8,Medium
C0009119,41,5873,74959.52,681,15,1052.91,0,1,4.9,1,0,62.0,High
C0009120,30,5067,73839.05,720,8,5175.66,0,0,14.0,2,0,46.1,Medium
C0009121,48,2729,49744.46,737,2,1461.36,1,1,10.5,2,0,42.2,Medium
C0009122,18,2504,73048.0,637,10,2948.72,1,0,11.9,1,0,68.0,High
C0009123,33,3987,92692.28,755,12,2730.32,2,0,6.4,1,0,48.7,Medium
C0009124,49,3909,36875.93,674,7,4340.47,0,1,27.8,1,0,50.8,High
C0009125,28,4747,75004.01,821,10,3545.47,0,0,19.0,1,0,35.0,Medium
C0009126,48,2914,14623.88,646,11,1801.39,3,1,11.0,1,0,71.6,High
C0009127,34,2792,21452.78,569,12,966.72,1,0,7.8,2,0,71.2,High
C0009128,42,734,84573.76,753,6,3929.37,0,0,4.7,2,0,53.1,High
C0009129,50,1038,49270.64,722,11,4868.12,2,1,12.8,0,0,46.1,Medium
C0009130,55,4935,38773.75,780,12,10908.14,1,2,11.0,1,0,53.9,High
C0009131,43,5935,60217.94,713,10,4154.39,3,0,2.6,0,0,49.1,Medium
C0009132,31,3622,49867.08,850,12,1452.41,2,0,7.7,3,0,35.8,Medium
C0009133,36,2084,35995.72,676,8,1580.32,0,0,6.1,4,0,51.3,High
C0009134,51,376,25170.12,768,13,570.52,3,0,15.6,1,0,45.1,Medium
C0009135,28,288,21002.63,651,7,1298.03,1,1,6.2,0,0,59.5,High
C0009136,40,4070,93081.01,727,9,964.35,1,1,17.8,0,0,40.7,Medium
C0009137,37,3861,49144.24,741,9,3224.25,2,1,6.5,1,0,58.0,High
C0009138,41,1720,105676.92,752,10,4099.44,2,0,9.5,0,0,43.9,Medium
C0009139,28,1156,48870.64,748,8,9547.35,0,0,12.1,1,0,43.6,Medium
C0009140,18,443,75366.88,447,13,16366.68,2,2,6.7,1,1,72.2,High
C0009141,49,4103,57867.85,685,12,2586.18,5,0,20.1,0,0,51.8,High
C0009142,55,3651,63534.31,647,9,1506.27,2,2,3.4,0,0,68.8,High
C0009143,18,2019,65255.13,662,12,1706.22,3,1,24.0,1,0,59.6,High
C0009144,47,4401,48520.95,669,11,1402.75,1,0,11.2,1,0,66.8,High
C0009145,57,5076,31526.94,763,13,10093.21,4,2,12.4,2,0,78.9,Very High
C0009146,50,3118,94491.21,705,13,363.42,2,1,18.6,4,0,45.9,Medium
C0009147,36,1596,148946.19,652,14,6306.74,1,0,6.8,1,0,47.5,Medium
C0009148,29,63,154424.12,580,6,1199.36,1,1,8.1,1,0,59.6,High
C0009149,43,4778,45733.72,805,13,1706.02,2,0,19.5,0,0,27.9,Medium
C0009150,45,3473,41425.24,641,13,411.19,0,0,19.0,0,0,44.6,Medium
C0009151,43,2104,45708.26,680,14,4367.57,0,0,8.4,2,0,57.7,High
C0009152,39,69,56284.76,850,11,3684.01,1,1,7.1,0,0,41.3,Medium
C0009153,27,4889,60236.64,643,14,1080.88,1,1,1.9,0,0,65.1,High
C0009154,48,5560,35811.67,669,8,4519.29,0,0,3.7,2,0,45.6,Medium
C0009155,49,2902,27475.09,707,7,3987.66,1,0,16.6,1,0,42.7,Medium
C0009156,45,1625,63726.64,570,7,1558.65,0,0,5.4,1,0,59.3,High
C0009157,44,3729,12000.0,561,6,579.48,0,0,10.0,1,0,58.6,High
C0009158,66,5229,58660.88,654,18,1908.0,5,1,7.5,1,0,62.8,High
C0009159,33,3536,36874.61,656,12,4329.88,1,1,9.2,1,0,47.6,Medium
C0009160,60,102,95222.8,700,12,1213.77,1,1,6.1,1,0,52.0,High
C0009161,32,1194,110314.3,617,12,4442.84,1,0,7.4,2,0,57.9,High
C0009162,58,610,111756.18,723,9,1257.4,0,0,2.0,0,0,42.8,Medium
C0009163,59,2484,51243.49,528,9,2074.25,4,1,9.5,1,1,79.5,Very High
C0009164,38,2724,33208.48,685,11,1363.05,2,1,7.1,0,0,54.3,High
C0009165,65,3226,39611.07,717,15,2435.56,0,0,3.4,1,0,49.8,Medium
C0009166,49,4558,72625.8,715,12,3751.91,0,0,9.4,0,0,35.5,Medium
C0009167,30,700,25075.94,678,13,6349.93,4,1,13.5,2,0,74.2,High
C0009168,37,5657,133431.28,640,9,2519.07,1,0,8.4,1,0,52.6,High
C0009169,58,1603,51691.22,676,8,798.73,1,0,23.2,0,0,44.6,Medium
C0009170,55,3140,81632.7,783,16,3317.81,0,1,10.6,1,0,39.4,Medium
C0009171,27,1288,23274.31,645,9,1812.79,1,0,9.8,0,0,52.2,High
C0009172,40,2152,37257.16,763,11,1787.66,0,0,6.2,0,0,39.9,Medium
C0009173,45,5000,21736.89,775,9,2356.62,1,2,11.4,0,0,53.6,High
C0009174,35,295,108721.4,560,6,3164.32,0,2,20.2,2,1,65.8,High
C0009175,75,2914,56770.78,680,9,1681.42,1,1,7.4,1,0,56.2,High
C0009176,45,3514,84889.64,617,11,3209.39,1,0,18.7,1,0,59.3,High
C0009177,41,3432,64200.56,577,3,2862.06,1,0,4.4,1,0,57.8,High
C0009178,59,2298,80221.83,749,13,3210.92,0,0,6.6,2,0,38.3,Medium
C0009179,37,2285,51497.92,725,8,3897.59,2,1,5.5,2,0,61.8,High
C0009180,56,5457,55433.51,710,7,524.34,3,1,10.7,1,0,65.9,High
C0009181,19,1468,58949.52,609,9,1704.31,1,0,6.3,4,0,70.1,High
C0009182,36,2895,77496.42,706,11,1992.12,3,4,3.5,0,0,72.8,High
C0009183,57,2204,78633.63,592,15,1871.19,1,1,10.6,0,0,57.4,High
C0009184,64,4599,291029.51,696,16,1252.89,0,0,18.8,0,0,50.2,High
C0009185,31,4840,156337.25,640,7,1439.6,2,0,2.8,1,1,56.3,High
C0009186,30,5093,23308.48,769,9,3087.17,0,1,14.5,0,0,42.6,Medium
C0009187,50,537,57307.21,663,9,2968.31,2,0,10.1,0,0,47.8,Medium
C0009188,33,616,49595.08,707,10,2247.03,0,0,5.3,0,0,58.8,High
C0009189,38,2271,125362.07,708,6,1145.51,0,2,16.7,3,0,49.6,Medium
C0009190,54,2661,52116.05,684,12,3846.51,1,0,18.8,0,0,47.5,Medium
C0009191,34,406,80037.34,698,12,3670.28,1,0,6.9,0,0,37.0,Medium
C0009192,18,5365,17145.75,713,11,4533.66,0,2,9.8,1,0,69.0,High
C0009193,24,5385,26968.08,623,10,1323.67,1,0,7.2,0,0,65.4,High
C0009194,42,2563,195957.08,720,11,23243.14,1,1,1.6,1,1,60.0,High
C0009195,18,4623,63737.23,755,12,2538.29,2,2,9.2,1,0,51.0,High
C0009196,38,3403,35801.2,720,7,1344.65,2,1,9.4,1,0,61.4,High
C0009197,23,3952,70860.51,663,16,10327.19,2,0,6.2,0,0,49.7,Medium
C0009198,65,5242,34742.09,703,9,3576.59,0,1,0.4,1,1,59.4,High
C0009199,72,579,53052.34,663,7,2509.93,1,0,8.2,0,0,40.5,Medium
C0009200,27,1418,27887.95,681,12,2714.88,0,1,16.6,0,0,43.8,Medium
C0009201,46,2585,40178.73,601,15,5063.24,2,0,8.8,1,0,54.9,High
C0009202,29,5370,49311.1,794,9,2591.93,2,0,4.0,0,0,44.7,Medium
C0009203,38,3563,114837.61,835,8,717.06,1,1,5.7,1,0,28.8,Medium
C0009204,67,2400,80026.65,637,14,2174.4,2,1,4.0,1,0,70.9,High
C0009205,35,201,88086.79,749,8,3947.89,1,0,1.6,1,0,52.4,High
C0009206,38,3570,61127.28,799,11,2132.72,1,2,8.1,1,0,47.4,Medium
C0009207,29,1639,97485.28,618,6,1159.64,1,0,2.8,3,0,67.0,High
C0009208,58,1988,38347.86,528,8,2148.61,1,0,14.2,0,1,69.2,High
C0009209,18,5975,41435.84,804,9,3858.28,2,0,5.8,1,0,40.2,Medium
C0009210,36,3176,77579.99,689,16,5042.26,1,0,9.5,1,0,49.1,Medium
C0009211,41,858,53175.8,651,17,1069.82,3,3,3.0,0,0,72.3,High
C0009212,33,324,61529.65,694,6,1023.41,1,0,5.3,2,0,49.6,Medium
C0009213,54,2347,56648.19,662,11,2117.36,1,0,29.7,0,0,45.8,Medium
C0009214,59,419,123535.94,850,8,1402.27,1,0,8.8,4,0,49.7,Medium
C0009215,22,2589,127127.24,650,11,1510.8,1,0,3.3,0,0,55.8,High
C0009216,71,2505,43936.4,715,11,1847.38,1,1,13.6,1,0,49.3,Medium
C0009217,22,5280,23551.89,787,7,3619.77,1,1,6.9,4,0,61.3,High
C0009218,60,2029,41922.01,787,10,1271.2,1,0,8.1,0,0,43.5,Medium
C0009219,44,1679,37856.64,772,16,1030.86,0,2,13.4,0,0,39.9,Medium
C0009220,35,3706,97963.6,658,9,1360.8,2,1,10.4,0,0,66.6,High
C0009221,36,3845,102864.03,679,8,822.91,1,0,24.4,2,0,43.8,Medium
C0009222,42,256,35164.73,527,9,2276.5,2,0,10.9,0,0,65.0,High
C0009223,45,530,40942.01,684,3,2361.7,2,1,14.0,2,0,50.8,High
C0009224,29,1030,27486.04,692,11,4241.66,3,0,12.8,0,0,64.7,High
C0009225,39,4668,66755.89,746,14,1105.58,0,0,8.8,1,1,46.9,Medium
C0009226,31,1281,60487.11,825,8,2382.85,1,0,10.1,1,0,44.7,Medium
C0009227,25,5956,95693.6,743,16,2735.13,0,0,3.5,0,0,43.9,Medium
C0009228,31,2659,81496.22,770,8,804.34,1,1,8.1,0,0,30.8,Medium
C0009229,26,5603,86725.33,689,15,2536.75,1,2,2.5,0,1,68.3,High
C0009230,36,1503,26550.09,786,7,2598.81,5,2,17.3,0,0,63.8,High
C0009231,48,2559,43932.53,691,9,2024.42,3,1,17.6,1,0,56.3,High
C0009232,44,851,104483.37,776,11,956.56,2,0,8.3,0,0,45.4,Medium
C0009233,70,5081,46104.82,750,10,2093.79,2,0,11.5,1,0,46.9,Medium
C0009234,18,3597,25329.59,719,13,616.88,3,2,2.7,1,1,67.6,High
C0009235,49,481,96691.81,574,10,2717.85,4,0,9.8,1,0,75.8,Very High
C0009236,42,4470,45134.13,772,12,3562.71,0,0,13.7,0,0,41.2,Medium
C0009237,53,5326,111228.29,718,7,1908.14,3,1,23.2,1,0,67.0,High
C0009238,52,4121,61375.23,743,7,5053.52,1,0,17.9,1,1,39.1,Medium
C0009239,40,4855,53232.21,714,13,1398.38,0,3,20.6,1,0,57.6,High
C0009240,44,1678,131221.85,726,11,1370.6,2,1,8.0,2,0,48.2,Medium
C0009241,32,2610,30285.64,788,12,1835.67,0,2,7.7,0,0,38.0,Medium
C0009242,51,5131,136449.7,654,10,9581.01,3,1,5.0,1,0,56.8,High
C0009243,18,3660,43618.81,725,7,1828.94,1,0,18.2,0,0,47.1,Medium
C0009244,53,3682,67791.57,632,12,8860.68,2,0,4.7,0,0,54.3,High
C0009245,42,4609,68144.84,733,21,2145.63,0,0,16.2,0,0,40.4,Medium
C0009246,35,3699,49019.51,709,10,1301.85,0,0,18.7,1,0,47.5,Medium
C0009247,39,784,40771.06,643,7,7829.11,2,2,8.2,2,0,71.0,High
C0009248,40,1300,50588.9,697,11,2480.64,2,0,6.5,1,0,51.4,High
C0009249,60,4677,35485.53,647,15,1817.24,3,3,15.1,1,1,61.9,High
C0009250,87,1476,182401.94,662,8,3850.11,0,1,3.1,1,0,50.1,High
C0009251,59,4003,47584.75,717,5,4949.02,2,0,8.4,1,0,56.7,High
C0009252,34,2864,117278.96,710,13,1507.78,2,0,3.5,1,0,62.0,High
C0009253,51,3733,109079.78,546,10,3953.54,0,0,8.1,1,0,58.3,High
C0009254,51,1449,75697.55,718,4,1898.69,3,0,8.5,1,0,64.1,High
C0009255,29,1883,57541.76,667,10,1162.66,2,0,11.9,1,0,71.9,High
C0009256,24,4137,68972.95,659,13,1389.11,2,1,6.7,1,1,73.5,High
C0009257,41,1055,84930.03,605,8,1027.04,0,0,15.8,0,0,49.7,Medium
C0009258,53,1872,65522.4,687,9,2328.18,5,1,9.3,2,0,75.9,Very High
C0009259,19,5988,26191.17,651,18,2333.65,1,0,4.8,1,0,54.9,High
C0009260,32,936,22806.9,786,10,4622.37,0,2,14.2,2,0,54.0,High
C0009261,50,3478,142177.73,559,6,3868.74,1,0,7.0,1,0,57.9,High
C0009262,43,935,14556.56,618,6,1692.06,1,0,7.8,3,0,71.4,High
C0009263,62,4251,69045.19,613,11,1940.57,0,0,3.7,2,0,43.7,Medium
C0009264,22,789,54483.42,709,9,1442.85,1,1,10.7,3,0,64.5,High
C0009265,75,3456,67733.1,778,10,2362.63,2,0,3.9,2,0,44.4,Medium
C0009266,20,2655,33120.51,728,7,1905.88,0,0,8.9,0,0,36.8,Medium
C0009267,18,4159,75189.15,608,2,2272.13,2,1,2.9,6,0,75.7,Very High
C0009268,41,48,69438.64,658,12,5690.94,1,0,7.5,0,0,40.0,Medium
C0009269,26,3110,283069.05,629,9,5885.11,1,1,9.5,1,0,63.5,High
C0009270,41,3267,66594.59,728,9,1466.05,1,0,15.5,2,0,40.4,Medium
C0009271,41,1466,130146.88,656,11,3645.12,0,0,9.3,2,0,53.1,High
C0009272,39,1810,27190.22,584,9,3364.14,0,0,15.4,3,0,64.4,High
C0009273,30,4247,108655.99,734,8,1539.46,2,0,5.7,1,0,47.4,Medium
C0009274,48,3328,70216.6,785,11,5508.39,0,1,16.1,2,0,35.5,Medium
C0009275,38,3485,71915.42,677,4,841.44,1,1,6.6,2,0,57.4,High
C0009276,57,5614,72464.52,699,7,4426.39,1,1,7.2,0,0,46.1,Medium
C0009277,39,2447,158478.73,577,9,2039.02,2,1,12.0,0,0,63.4,High
C0009278,28,5218,71338.91,536,12,1096.46,1,1,15.3,1,0,62.2,High
C0009279,18,5845,40280.49,551,7,1951.94,2,0,12.3,0,0,68.9,High
C0009280,40,3471,44184.25,687,8,7456.91,0,1,12.9,1,0,55.7,High
C0009281,24,1294,97178.99,667,10,11251.55,0,0,2.9,2,0,53.7,High
C0009282,23,2525,79299.74,731,7,1326.21,1,0,11.9,2,0,46.2,Medium
C0009283,49,308,26718.97,675,11,2144.98,0,2,6.1,1,0,56.9,High
C0009284,18,4199,82284.88,764,13,1949.51,2,0,7.5,1,0,47.9,Medium
C0009285,62,1663,34187.02,755,10,2172.91,0,1,16.1,2,0,54.7,High
C0009286,44,5541,78899.61,666,14,6326.07,2,0,11.9,1,0,41.6,Medium
C0009287,41,3928,39808.47,615,5,1706.39,2,0,4.7,2,1,49.5,Medium
C0009288,28,2952,53107.57,546,18,1323.4,1,0,18.7,0,0,56.1,High
C0009289,53,1144,45947.05,798,8,1647.87,1,1,18.5,0,0,34.6,Medium
C0009290,42,622,142955.95,619,9,1947.8,3,2,8.0,2,0,70.4,High
C0009291,32,4045,77335.31,578,7,3629.07,1,2,1.4,1,0,83.2,Very High
C0009292,45,4603,124057.67,700,8,2387.33,3,1,21.2,2,0,64.7,High
C0009293,18,1618,304752.9,578,9,3390.37,0,2,8.8,1,0,75.9,Very High
C0009294,19,92,63616.78,700,8,4377.86,0,2,26.7,1,0,44.2,Medium
C0009295,26,1939,141631.55,665,10,1832.37,1,1,16.0,1,0,44.1,Medium
C0009296,47,4594,42200.57,759,13,2102.23,0,0,35.3,2,0,39.3,Medium
C0009297,42,3493,123632.98,753,12,3027.18,1,1,12.2,0,0,47.2,Medium
C0009298,57,536,39765.69,773,3,1473.87,2,0,4.9,4,0,51.7,High
C0009299,29,715,61375.21,705,10,2264.33,3,0,7.9,2,0,60.2,High
C0009300,50,666,83297.38,626,10,4377.67,2,0,10.9,1,0,67.3,High
C0009301,40,4555,90827.45,612,14,2381.82,1,1,7.5,1,0,72.7,High
C0009302,29,4696,30791.26,650,14,5040.18,4,2,2.6,3,0,78.8,Very High
C0009303,47,2465,38485.15,840,6,1216.9,1,0,4.1,0,0,40.6,Medium
C0009304,41,4146,86784.84,671,7,2740.78,1,0,10.5,0,0,64.2,High
C0009305,33,154,50647.52,702,13,3203.29,2,0,9.5,1,0,54.2,High
C0009306,43,3384,28748.7,804,10,2702.8,2,3,18.2,0,0,44.7,Medium
C0009307,40,1654,59626.33,709,9,1824.48,0,0,8.6,0,0,40.8,Medium
C0009308,40,4928,58072.95,634,14,852.29,1,0,23.8,1,0,48.7,Medium
C0009309,36,2947,68336.06,745,7,4551.02,1,1,9.4,1,1,47.0,Medium
C0009310,24,5112,82948.27,658,13,879.3,0,0,8.3,1,0,60.4,High
C0009311,43,3390,80097.34,712,6,923.25,2,0,15.2,1,0,51.8,High
C0009312,31,2761,40635.38,728,17,3210.02,0,0,6.3,2,0,45.4,Medium
C0009313,28,5683,49460.72,653,10,1730.6,2,2,2.5,1,0,63.9,High
C0009314,39,5977,103277.36,704,15,2415.34,0,1,11.1,3,0,46.8,Medium
C0009315,52,2750,45988.1,810,15,955.55,1,2,10.9,1,0,44.4,Medium
C0009316,45,2164,49890.66,643,11,2658.99,0,1,4.7,3,0,71.6,High
C0009317,35,3888,27106.85,789,11,3788.59,1,1,18.7,0,0,48.7,Medium
C0009318,34,1053,61029.67,646,4,797.46,1,0,15.4,1,0,45.0,Medium
C0009319,51,2336,74965.88,825,9,2591.86,1,0,5.8,3,0,37.1,Medium
C0009320,18,5080,20918.06,626,12,3954.91,2,1,7.4,0,0,73.1,High
C0009321,53,5384,34415.14,660,11,924.41,3,2,15.4,0,0,55.7,High
C0009322,18,2510,28365.8,803,9,2417.09,2,2,6.0,2,0,47.4,Medium
C0009323,22,2360,95653.1,806,13,2274.82,1,0,12.1,3,0,42.6,Medium
C0009324,35,5250,21657.27,751,7,2774.14,1,1,7.1,0,0,44.9,Medium
C0009325,72,1236,59374.09,609,16,1842.87,0,1,10.9,2,0,72.7,High
C0009326,65,395,92015.64,696,8,853.58,4,0,2.8,0,0,57.4,High
C0009327,52,464,68747.22,690,8,1699.35,1,0,3.9,1,0,49.3,Medium
C0009328,47,692,48674.59,626,6,1533.08,0,0,5.0,3,0,61.3,High
C0009329,18,5282,75015.29,742,10,2105.1,1,1,2.5,0,0,55.5,High
C0009330,44,270,109669.32,632,8,4815.24,2,0,9.0,2,0,62.2,High
C0009331,34,2014,58436.93,593,13,837.19,0,1,11.7,0,0,61.8,High
C0009332,31,3624,18096.51,568,14,4107.79,1,0,3.8,0,0,69.1,High
C0009333,44,3666,116557.82,818,14,6943.29,1,2,8.8,1,1,41.4,Medium
C0009334,35,4996,77268.0,652,9,6672.53,4,3,10.8,2,0,83.2,Very High
C0009335,54,5886,60882.29,653,11,7045.32,0,0,6.6,1,0,44.6,Medium
C0009336,18,2433,20862.01,613,9,2493.46,1,0,7.6,0,0,57.0,High
C0009337,43,1421,52618.34,793,6,2305.72,3,2,8.6,0,0,48.8,Medium
C0009338,30,571,38306.59,586,9,679.16,1,1,16.8,0,0,58.7,High
C0009339,36,5351,31759.15,600,12,1910.07,2,1,6.9,0,0,77.9,Very High
C0009340,46,2259,57517.38,666,8,4593.61,2,1,3.4,0,0,68.3,High
C0009341,26,5393,46171.03,688,6,873.5,0,1,6.0,2,0,62.9,High
C0009342,44,2107,47874.36,739,13,1257.89,0,0,20.8,1,0,29.1,Medium
C0009343,39,4543,93123.72,639,10,2362.4,2,2,5.8,0,0,75.4,Very High
C0009344,33,3871,71357.26,806,13,750.71,3,0,10.1,1,0,44.5,Medium
C0009345,35,4288,47209.79,640,12,7197.12,3,0,11.5,0,0,69.8,High
C0009346,40,3923,44027.95,614,4,3215.14,1,1,22.6,1,0,56.9,High
C0009347,31,1862,48277.33,607,15,2749.87,1,0,11.8,2,0,54.6,High
C0009348,42,645,54111.14,632,11,3722.52,3,1,9.2,4,0,82.7,Very High
C0009349,38,94,85486.8,602,10,1765.2,2,1,14.0,1,0,65.6,High
C0009350,33,2538,34943.28,746,9,2639.11,1,1,10.3,0,0,38.3,Medium
C0009351,64,5352,138279.36,615,13,1165.84,3,1,18.2,1,0,58.1,High
C0009352,48,3865,85520.75,680,7,488.05,2,0,6.8,2,0,61.1,High
C0009353,37,4055,13753.23,613,2,2154.07,2,2,4.2,0,0,65.1,High
C0009354,44,1575,64979.8,602,5,6152.28,2,2,13.4,2,0,70.5,High
C0009355,28,2932,109896.56,773,11,6533.65,1,1,13.7,0,0,60.5,High
C0009356,36,2460,76778.35,810,8,1946.03,0,0,4.5,0,0,29.2,Medium
C0009357,38,843,49419.59,785,7,1838.03,0,1,2.9,2,0,48.5,Medium
C0009358,25,3693,59951.38,580,11,800.43,2,1,13.5,2,0,56.1,High
C0009359,47,2199,68388.89,590,11,4388.17,4,0,8.0,4,0,65.9,High
C0009360,35,2435,94671.02,838,9,2896.45,0,0,15.2,1,0,25.1,Medium
C0009361,37,3593,28469.47,671,14,1945.55,0,2,4.9,0,0,56.1,High
C0009362,34,214,44450.41,587,9,610.43,1,1,6.1,0,0,61.0,High
C0009363,83,5619,152681.24,771,14,681.6,4,0,11.9,1,0,48.8,Medium
C0009364,33,1359,63133.74,695,5,2393.13,0,0,16.8,0,0,54.6,High
C0009365,18,4084,143664.48,733,8,807.19,1,1,7.2,3,0,46.3,Medium
C0009366,20,4663,320284.79,522,8,3121.34,1,1,22.2,0,0,67.7,High
C0009367,53,949,47300.23,666,7,3221.84,2,4,11.1,2,0,66.9,High
C0009368,61,1513,32092.74,761,5,936.07,3,2,25.2,1,0,49.8,Medium
C0009369,32,2491,53575.53,642,6,2270.23,0,1,4.7,3,0,61.3,High
C0009370,60,4911,113474.75,783,9,1195.0,2,1,12.7,2,1,43.3,Medium
C0009371,52,3825,122550.98,591,10,4056.59,1,0,7.9,1,0,74.7,High
C0009372,39,2817,216312.04,682,11,18680.11,2,0,11.2,2,0,55.6,High
C0009373,38,5101,60757.55,813,15,2036.35,3,0,5.3,0,0,44.5,Medium
C0009374,45,2853,81090.47,604,12,5748.8,2,2,7.5,2,0,73.4,High
C0009375,54,5319,41915.73,710,9,4291.12,2,0,8.8,1,0,60.7,High
C0009376,48,4629,15615.95,734,8,2091.82,2,2,13.4,0,0,47.0,Medium
C0009377,33,1058,60662.48,697,14,3108.99,0,0,7.5,2,0,48.9,Medium
C0009378,40,2318,32870.3,671,12,966.4,0,1,12.2,1,0,62.8,High
C0009379,70,180,88321.26,624,12,2406.04,2,1,14.9,0,0,55.5,High
C0009380,46,1453,22029.18,705,9,1810.23,2,1,8.9,2,0,65.6,High
C0009381,54,164,41285.08,682,9,5323.65,1,0,23.3,0,0,44.0,Medium
C0009382,50,657,71834.0,582,8,1464.07,1,2,8.5,0,0,76.5,Very High
C0009383,46,55,76091.27,772,6,1108.71,0,0,4.8,0,0,49.4,Medium
C0009384,44,4041,60403.24,622,11,1136.81,2,1,2.5,1,1,63.4,High
C0009385,55,2475,173152.76,584,13,3836.81,3,1,11.3,4,0,76.0,Very High
C0009386,52,2835,146986.3,645,17,1952.07,1,0,18.2,1,0,40.4,Medium
C0009387,46,4593,42553.17,623,11,736.33,1,1,6.8,1,0,57.4,High
C0009388,32,4862,150251.37,671,18,4254.34,5,0,6.7,1,0,64.4,High
C0009389,47,3211,163423.53,597,7,824.17,2,0,7.4,2,1,59.2,High
C0009390,41,2762,57915.68,724,6,1540.25,0,1,13.2,2,0,50.3,High
C0009391,38,3910,63567.74,794,4,1918.41,2,0,16.7,1,0,34.9,Medium
C0009392,80,2506,60294.3,698,12,1079.18,0,0,10.9,1,0,47.8,Medium
C0009393,20,2671,43483.64,582,8,730.16,2,0,18.3,3,0,56.7,High
C0009394,55,1814,45925.35,622,3,3732.85,2,0,9.6,0,0,59.7,High
C0009395,30,1162,128093.67,707,10,3360.73,2,0,11.8,1,0,58.4,High
C0009396,44,1220,78861.35,542,8,2278.32,2,0,3.1,1,0,68.4,High
C0009397,78,3942,45710.6,598,9,2789.67,2,2,15.6,3,0,58.6,High
C0009398,29,4987,37256.88,566,7,728.14,1,0,2.2,0,0,67.1,High
C0009399,32,2559,40860.9,699,16,3088.62,1,0,9.3,2,0,57.6,High
C0009400,42,598,56656.91,850,8,2878.6,4,0,15.0,0,0,41.3,Medium
C0009401,30,3673,102450.3,595,14,2932.86,2,1,8.1,0,0,58.9,High
C0009402,54,5415,38632.34,751,11,2926.13,2,2,8.6,0,0,61.9,High
C0009403,35,3179,101806.18,648,8,4198.43,2,1,8.2,0,0,62.3,High
C0009404,51,190,69093.5,591,11,2040.22,1,1,12.9,1,0,67.4,High
C0009405,23,519,67067.36,807,12,2291.9,1,0,7.6,3,0,48.6,Medium
C0009406,18,3147,108997.21,850,11,923.86,2,1,6.5,1,0,43.2,Medium
C0009407,39,5173,98591.17,721,12,3435.46,1,4,10.3,1,0,62.6,High
C0009408,20,378,28635.57,717,10,1424.5,2,2,23.9,1,0,47.3,Medium
C0009409,63,4528,34155.61,695,11,1492.71,3,1,7.4,3,0,63.2,High
C0009410,21,4684,54647.33,679,10,1686.44,2,0,10.9,0,0,50.4,High
C0009411,27,337,75408.46,716,13,1095.78,2,0,33.2,0,0,36.8,Medium
C0009412,48,1292,131321.83,741,11,2052.83,1,0,14.4,3,0,51.5,High
C0009413,34,53,64258.98,815,10,3759.12,1,1,13.6,2,0,42.0,Medium
C0009414,21,3408,158248.62,651,6,1067.99,1,0,3.7,1,0,54.0,High
C0009415,71,1073,42033.33,700,8,2176.41,1,0,7.9,2,0,55.5,High
C0009416,28,5501,46130.12,683,8,3392.69,3,0,15.2,1,0,57.7,High
C0009417,39,574,52405.37,767,10,438.83,1,0,7.2,1,0,55.7,High
C0009418,39,3906,39553.7,850,7,7343.12,3,0,5.9,1,0,51.7,High
C0009419,52,4727,117308.46,769,8,1629.32,4,1,6.2,1,0,52.1,High
C0009420,48,1094,13514.02,750,8,1198.09,1,0,11.9,2,0,49.0,Medium
C0009421,30,1537,47001.12,758,10,2319.75,5,2,11.9,0,0,67.1,High
C0009422,37,4786,116588.24,785,8,1418.73,1,1,10.5,1,0,53.4,High
C0009423,39,584,52214.45,850,2,2101.25,2,1,18.4,0,0,30.7,Medium
C0009424,52,2665,111857.08,564,14,1352.0,2,1,11.5,1,0,71.7,High
C0009425,26,1523,207651.39,735,7,4576.48,1,0,9.0,1,0,44.6,Medium
C0009426,70,108,64802.61,496,10,12590.53,2,1,15.5,1,0,67.7,High
C0009427,31,2725,117924.93,761,7,3519.76,1,0,22.1,2,0,48.6,Medium
C0009428,42,2935,234547.94,731,9,2504.72,4,1,8.7,1,0,68.2,High
C0009429,26,2102,77345.65,649,11,1536.66,0,1,10.7,0,0,56.2,High
C0009430,24,4880,60382.52,490,9,4385.34,0,0,6.2,1,0,67.7,High
C0009431,30,603,101848.9,689,10,1335.25,1,0,3.6,1,0,53.9,High
C0009432,28,2596,118920.31,707,8,2706.18,2,0,10.8,2,1,51.0,High
C0009433,36,1108,60690.43,685,8,1568.94,1,1,8.7,1,0,49.5,Medium
C0009434,28,4557,47513.81,643,5,972.16,2,0,5.4,0,0,48.5,Medium
C0009435,52,3353,159445.44,623,10,1915.51,1,1,18.9,2,0,62.1,High
C0009436,31,4241,53425.94,686,2,1159.53,0,0,11.5,1,0,47.5,Medium
C0009437,29,671,119544.08,630,12,5740.78,0,0,20.5,1,0,53.3,High
C0009438,36,2757,71644.14,751,6,1347.54,2,0,8.5,1,0,43.4,Medium
C0009439,56,332,169349.6,684,10,2021.49,0,1,8.3,0,0,35.6,Medium
C0009440,45,1959,38867.53,561,9,1442.35,0,0,28.4,0,0,51.8,High
C0009441,41,5673,38826.2,703,11,985.6,0,0,8.5,1,0,51.0,High
C0009442,22,4367,99196.42,721,10,3432.66,2,1,10.9,0,0,39.6,Medium
C0009443,26,497,33296.35,811,13,2068.8,0,1,20.9,0,0,22.3,Low
C0009444,24,2232,66107.36,760,10,10090.17,0,1,19.1,1,0,35.9,Medium
C0009445,60,5228,145294.03,623,9,4346.2,1,0,6.3,2,0,53.3,High
C0009446,49,1045,23230.75,797,11,2302.48,0,2,13.1,0,0,49.2,Medium
C0009447,30,4549,77347.71,586,9,2792.67,2,0,8.4,0,0,72.8,High
C0009448,34,1945,120734.55,692,10,2074.93,2,2,6.7,1,0,64.6,High
C0009449,30,2877,61122.81,747,11,1128.3,1,0,6.1,0,0,47.8,Medium
C0009450,30,5264,37234.41,799,11,864.53,0,0,2.3,1,0,40.7,Medium
C0009451,48,4045,53661.72,832,6,1107.8,2,0,20.2,1,0,31.1,Medium
C0009452,38,1721,39093.2,786,14,5247.58,0,3,9.2,0,0,54.9,High
C0009453,71,82,64403.72,680,10,2600.17,1,0,6.9,1,0,58.8,High
C0009454,60,1432,53247.26,733,8,3119.35,1,3,8.5,0,0,61.6,High
C0009455,60,2524,46751.25,707,12,3669.68,1,0,9.2,1,1,53.3,High
C0009456,51,826,80119.19,637,7,1931.69,3,0,3.8,3,1,61.9,High
C0009457,36,5296,147768.67,681,6,1484.13,3,1,4.1,1,0,65.5,High
C0009458,50,359,74249.86,825,4,8176.56,1,1,24.3,2,0,38.5,Medium
C0009459,37,3257,129820.2,738,11,3106.5,3,1,10.5,1,0,58.8,High
C0009460,65,5860,147745.04,844,6,745.74,2,1,2.8,0,1,41.9,Medium
C0009461,48,2029,44901.99,609,13,702.99,2,1,4.2,2,0,64.4,High
C0009462,46,3234,72118.21,661,11,3582.17,0,1,12.3,1,0,41.4,Medium
C0009463,44,468,49078.11,721,12,1238.9,2,1,9.1,0,0,56.9,High
C0009464,66,4385,27438.42,746,10,2021.44,1,1,6.2,2,0,41.3,Medium
C0009465,22,5865,75399.67,681,13,530.66,4,1,4.4,0,1,59.0,High
C0009466,68,4644,34759.47,750,9,1628.09,0,1,4.7,0,0,49.9,Medium
C0009467,39,922,80923.25,749,11,3980.5,0,0,11.1,0,0,41.3,Medium
C0009468,22,2133,26348.24,586,13,1553.52,1,1,5.7,2,0,71.3,High
C0009469,31,4349,68113.85,747,13,1028.22,1,0,8.6,0,0,49.6,Medium
C0009470,19,4799,26133.85,770,10,1876.97,0,1,35.6,2,0,48.4,Medium
C0009471,51,2438,89815.72,712,9,2250.31,1,1,12.8,1,0,56.3,High
C0009472,27,5770,49937.66,552,11,1749.66,0,1,12.5,0,0,57.4,High
C0009473,44,1245,47358.59,669,9,788.62,1,1,7.0,1,0,63.0,High
C0009474,58,4458,115204.87,723,7,2840.97,1,1,9.0,4,0,57.4,High
C0009475,33,2993,51949.43,625,11,1515.07,1,1,8.4,2,0,56.6,High
C0009476,38,4279,65897.69,759,3,2463.96,0,0,14.2,1,0,52.0,High
C0009477,24,3588,55584.0,745,12,1166.26,2,1,24.0,2,0,55.1,High
C0009478,37,2610,81957.45,700,11,4944.55,0,0,11.5,1,0,37.1,Medium
C0009479,78,4897,110030.11,691,10,3495.92,4,0,8.3,2,1,68.1,High
C0009480,53,5052,98173.26,704,12,1741.37,1,2,14.2,3,0,63.9,High
C0009481,38,4909,47964.76,690,8,2681.04,1,1,9.4,2,0,55.1,High
C0009482,33,560,120555.5,594,13,6370.56,1,0,13.9,1,0,54.0,High
C0009483,41,2555,37455.03,658,8,4722.09,0,1,19.8,1,0,53.7,High
C0009484,44,4505,41213.64,695,12,5867.74,2,0,5.9,1,0,41.6,Medium
C0009485,36,5204,57791.63,796,7,3260.14,0,1,11.9,6,0,61.9,High
C0009486,49,2191,110263.69,742,13,1546.77,0,0,15.8,1,0,19.8,Low
C0009487,29,4451,32575.19,800,10,3224.94,0,0,6.1,2,0,43.9,Medium
C0009488,29,3408,101235.62,585,15,6638.95,2,0,12.0,3,0,63.5,High
C0009489,47,1346,60160.95,663,5,3261.31,0,0,3.4,1,0,46.8,Medium
C0009490,26,5360,48841.53,846,9,1285.13,0,2,4.7,0,0,37.6,Medium
C0009491,52,2685,113400.74,634,15,2296.8,0,1,13.9,1,0,55.1,High
C0009492,42,3641,39871.65,633,13,3606.45,0,0,7.0,0,0,61.2,High
C0009493,18,1751,217947.95,670,6,2460.19,2,0,9.3,0,0,51.7,High
C0009494,44,182,56259.86,841,13,3613.27,1,1,1.9,1,0,57.6,High
C0009495,18,2733,67326.06,640,7,1470.84,2,1,17.6,1,0,63.3,High
C0009496,52,4343,144854.84,732,9,1913.12,0,1,7.3,0,0,48.3,Medium
C0009497,39,1983,68299.04,719,9,2746.26,1,1,7.9,1,0,51.6,High
C0009498,68,5576,119224.98,545,11,2832.15,2,1,6.1,1,0,66.1,High
C0009499,57,4508,21176.61,689,9,1458.02,4,1,9.1,4,0,67.8,High
C0009500,27,3862,48604.01,649,8,447.61,2,0,7.3,0,0,63.8,High
C0009501,18,4845,77118.1,741,5,338.16,0,0,4.7,0,0,41.9,Medium
C0009502,31,5172,112383.26,820,12,2134.12,3,0,3.7,1,0,45.8,Medium
C0009503,25,4335,94676.66,664,10,2477.97,4,1,5.3,0,0,72.3,High
C0009504,68,4957,89922.85,664,19,1922.99,1,1,5.0,0,0,54.1,High
C0009505,42,4288,111131.72,850,14,2250.84,1,1,13.9,2,1,24.5,Low
C0009506,55,5171,80511.11,637,12,6228.53,2,2,9.3,2,0,64.5,High
C0009507,38,649,19075.09,589,12,1593.2,1,0,10.9,3,0,65.0,High
C0009508,39,2084,137050.05,793,7,2789.16,0,1,4.4,1,0,43.5,Medium
C0009509,42,5330,39111.58,686,10,6573.1,2,1,5.0,1,0,52.0,High
C0009510,57,2860,73672.39,711,14,1121.72,1,0,5.3,0,0,55.4,High
C0009511,46,119,68489.95,850,13,6953.05,2,0,10.6,0,0,39.7,Medium
C0009512,27,5092,63635.06,585,3,4135.84,1,2,18.9,3,0,75.6,Very High
C0009513,65,3943,33744.32,675,10,1798.23,2,0,4.2,1,1,53.1,High
C0009514,38,5465,21345.76,597,12,423.47,1,2,5.3,2,0,81.6,Very High
C0009515,36,126,35724.12,715,12,5432.24,1,0,1.7,0,0,53.6,High
C0009516,18,906,97667.18,649,7,6952.66,1,0,8.7,1,0,52.2,High
C0009517,51,3077,27980.07,602,8,1400.64,5,2,7.4,1,0,85.8,Very High
C0009518,43,1113,38205.51,745,11,7242.59,0,1,14.0,0,0,48.4,Medium
C0009519,43,3138,78027.4,691,10,733.14,1,2,19.7,1,0,67.2,High
C0009520,36,2100,35235.38,596,13,2659.25,0,1,6.7,1,0,62.1,High
C0009521,34,1284,45991.56,601,13,1960.15,5,1,12.8,0,0,81.1,Very High
C0009522,37,4628,64853.85,706,8,922.48,5,0,2.5,1,0,72.8,High
C0009523,48,262,72427.63,565,11,1870.14,0,0,8.6,1,0,60.7,High
C0009524,51,5253,34853.73,707,7,2156.33,0,1,19.0,0,0,49.5,Medium
C0009525,39,948,66997.34,790,9,1015.27,0,0,16.7,2,0,45.2,Medium
C0009526,55,3494,77208.11,740,7,3412.1,0,0,10.9,1,0,33.1,Medium
C0009527,41,5949,30780.28,643,8,1412.54,1,0,32.1,0,0,51.6,High
C0009528,35,706,69776.55,711,8,1741.88,0,0,11.0,0,0,47.8,Medium
C0009529,45,5563,41804.9,596,7,5634.71,1,0,8.2,2,0,60.5,High
C0009530,23,1843,66372.83,700,11,1437.72,2,0,11.2,0,0,66.1,High
C0009531,45,4453,92280.04,665,14,505.79,2,0,7.7,2,1,55.1,High
C0009532,20,5146,56271.71,612,6,1868.16,2,0,19.3,3,0,70.9,High
C0009533,28,1413,102464.14,737,8,2361.47,1,0,10.0,0,0,56.0,High
C0009534,18,2104,95782.7,542,7,1880.48,3,0,13.1,1,0,71.1,High
C0009535,40,5169,102149.86,601,12,3848.46,0,0,15.4,4,0,71.4,High
C0009536,65,643,77389.02,610,16,2853.64,2,1,12.6,1,0,61.6,High
C0009537,40,678,113585.54,652,10,1490.02,2,0,7.5,0,0,42.1,Medium
C0009538,51,1833,76626.03,787,11,3459.67,0,0,1.8,0,0,32.4,Medium
C0009539,75,3630,24782.58,747,13,2973.63,1,1,10.9,2,0,50.3,High
C0009540,48,4846,40104.78,698,6,2915.76,0,1,14.5,4,0,59.9,High
C0009541,31,3388,55198.9,694,13,1983.05,0,1,25.7,0,0,51.6,High
C0009542,33,2976,59095.91,689,15,2648.42,1,0,23.4,0,0,43.3,Medium
C0009543,42,5229,75481.73,793,11,2361.65,3,2,13.4,2,0,66.1,High
C0009544,33,1054,39777.88,554,9,1809.91,0,1,12.7,1,0,54.8,High
C0009545,34,5413,187152.57,748,10,3003.95,1,0,6.9,3,0,59.4,High
C0009546,56,1896,58602.79,652,8,3159.14,2,0,7.5,0,0,57.8,High
C0009547,56,1677,61738.4,728,9,3160.06,1,3,8.2,0,1,57.6,High
C0009548,19,5722,42872.15,728,16,3285.5,2,1,3.8,0,0,51.1,High
C0009549,31,3886,35704.52,745,12,509.74,2,2,0.9,2,1,54.1,High
C0009550,36,2608,57839.25,809,10,3960.1,0,0,4.4,2,0,29.8,Medium
C0009551,50,2000,62946.63,587,8,1175.62,0,0,12.7,0,0,55.6,High
C0009552,58,2666,59106.28,765,10,4556.37,1,3,2.5,1,0,57.3,High
C0009553,80,4756,154079.72,685,15,908.59,0,0,2.6,1,0,46.3,Medium
C0009554,35,943,57839.06,655,9,6151.63,1,1,11.2,0,0,50.1,High
C0009555,36,1071,59137.98,843,10,532.09,1,1,5.6,3,0,41.5,Medium
C0009556,50,1848,97081.12,743,7,2714.4,2,2,9.3,2,0,74.1,High
C0009557,32,2908,56432.67,659,5,1734.59,2,1,11.2,1,0,51.2,High
C0009558,40,4893,83410.22,762,11,2973.31,0,0,15.0,1,0,27.0,Medium
C0009559,36,1288,30681.5,687,14,6753.17,1,0,7.2,1,0,46.6,Medium
C0009560,18,4723,30815.1,658,9,2565.79,1,1,10.3,3,1,64.8,High
C0009561,44,5448,66305.09,645,15,4051.89,0,1,32.6,2,0,45.9,Medium
C0009562,39,2629,54584.21,713,10,5965.23,1,0,4.0,2,0,54.7,High
C0009563,60,5768,39732.55,644,12,1471.21,1,0,35.7,0,0,47.0,Medium
C0009564,42,5365,66297.54,702,10,2783.66,2,1,20.2,1,0,59.1,High
C0009565,24,4789,69556.5,757,6,5353.24,2,0,10.7,3,0,54.0,High
C0009566,38,2300,41958.92,698,8,2766.94,0,1,7.5,1,0,51.4,High
C0009567,18,1824,46609.14,838,8,1502.66,1,2,16.4,3,0,55.4,High
C0009568,25,5190,69844.65,691,11,3074.84,2,2,8.2,3,0,58.0,High
C0009569,51,2665,35358.59,791,13,2370.56,1,0,7.5,1,0,30.3,Medium
C0009570,39,218,44474.51,763,9,3063.31,3,1,25.4,3,0,50.9,High
C0009571,55,4311,83162.68,804,11,1560.45,3,1,11.0,1,0,50.9,High
C0009572,18,2102,61192.5,838,6,2575.11,1,4,12.6,1,0,53.0,High
C0009573,39,5616,47687.67,558,7,2009.29,1,1,7.6,4,0,73.7,High
C0009574,35,5134,37729.65,710,11,1594.97,1,1,12.9,1,1,55.4,High
C0009575,55,652,35511.91,682,9,5154.18,0,0,4.8,1,0,50.7,High
C0009576,51,5410,57666.06,698,11,1575.48,2,2,12.7,1,0,59.5,High
C0009577,51,5699,188921.44,660,14,1346.52,3,2,10.0,1,0,72.2,High
C0009578,64,4545,84632.39,649,12,1017.4,1,0,6.9,0,0,49.0,Medium
C0009579,37,1673,29786.61,608,8,2109.41,1,0,9.9,0,0,56.5,High
C0009580,61,4029,91478.44,697,15,1992.68,1,0,14.6,1,0,60.8,High
C0009581,27,5212,40843.46,760,8,3517.83,1,0,7.1,0,0,42.8,Medium
C0009582,27,4898,61834.58,653,12,988.15,2,1,6.1,1,0,74.6,High
C0009583,53,2603,44847.2,665,10,736.07,1,1,6.8,2,0,69.3,High
C0009584,21,4254,188603.99,638,7,658.91,3,0,11.7,4,0,76.1,Very High
C0009585,50,2333,33227.41,615,11,2959.14,2,1,9.5,1,0,63.6,High
C0009586,43,1547,73671.88,672,9,4310.02,0,0,9.7,0,0,43.7,Medium
C0009587,57,4046,42529.85,716,4,4087.62,5,1,14.9,1,0,65.4,High
C0009588,41,2813,93082.84,784,3,1587.99,1,0,1.4,1,0,40.4,Medium
C0009589,43,1372,72859.58,601,10,2394.13,2,3,11.7,0,0,76.2,Very High
C0009590,49,3974,123610.85,688,12,510.69,4,2,17.7,0,0,69.3,High
C0009591,33,1950,92028.58,778,13,6297.1,2,1,9.5,2,0,59.8,High
C0009592,32,3539,42338.24,602,11,4666.41,2,1,18.2,0,0,54.2,High
C0009593,49,2187,308291.51,785,10,3959.15,0,0,3.4,1,0,31.0,Medium
C0009594,42,5314,84151.5,657,8,1227.49,0,2,9.1,1,0,48.9,Medium
C0009595,36,5108,45799.37,743,7,1736.98,1,1,16.3,0,0,34.0,Medium
C0009596,41,2858,69420.46,674,13,1944.21,3,1,10.7,1,0,75.2,Very High
C0009597,64,4271,87715.0,724,11,6643.56,1,1,9.7,1,0,50.9,High
C0009598,36,1092,85898.93,811,10,4214.18,1,1,7.3,0,0,48.0,Medium
C0009599,35,5984,81446.78,681,16,1948.23,0,2,24.0,0,0,44.9,Medium
C0009600,18,1311,105498.8,765,9,3216.99,0,0,7.8,1,0,43.4,Medium
C0009601,41,5205,99945.84,711,3,1216.35,2,0,9.3,1,0,51.7,High
C0009602,51,5080,38899.17,631,7,894.33,2,0,12.6,2,0,50.5,High
C0009603,54,1093,197663.12,679,10,2103.78,1,0,7.3,1,0,65.6,High
C0009604,44,82,183098.21,674,9,1050.41,2,2,33.2,2,0,64.6,High
C0009605,55,4430,96318.95,584,17,732.54,1,1,4.2,1,0,55.5,High
C0009606,52,5218,63333.7,724,9,2248.09,2,1,5.3,1,0,52.1,High
C0009607,58,4306,63935.3,739,13,1852.18,2,1,3.7,1,0,64.4,High
C0009608,56,361,51886.78,751,13,1142.05,1,0,9.2,0,0,48.7,Medium
C0009609,64,3883,55713.53,797,9,1696.01,1,0,8.2,2,0,40.5,Medium
C0009610,40,2368,18623.1,762,4,2814.06,1,0,4.7,0,0,57.9,High
C0009611,23,5496,143851.18,645,11,1899.75,1,0,2.4,1,0,60.6,High
C0009612,51,4807,118478.78,661,10,2409.65,0,0,3.5,1,0,42.7,Medium
C0009613,53,4799,24654.43,753,10,1969.93,2,0,20.5,2,0,52.8,High
C0009614,64,2463,101152.34,719,12,6773.29,2,2,5.3,0,0,52.1,High
C0009615,60,1952,61737.49,689,13,5219.69,0,0,2.8,1,0,53.2,High
C0009616,69,4939,55570.86,624,6,2372.66,0,1,12.1,1,1,60.6,High
C0009617,51,717,81304.16,650,9,1291.56,1,0,9.0,0,0,43.7,Medium
C0009618,45,628,23774.21,734,12,1528.36,2,1,6.0,1,0,53.6,High
C0009619,23,401,61617.59,544,14,950.34,2,0,23.7,1,0,82.8,Very High
C0009620,46,3083,64770.42,515,13,1310.08,3,0,6.5,1,0,66.7,High
C0009621,34,480,64804.91,742,11,3396.13,1,1,6.8,2,0,38.5,Medium
C0009622,45,3507,29224.73,650,8,1495.69,3,0,11.4,1,0,63.6,High
C0009623,43,1029,79276.22,725,4,1963.53,2,2,8.4,0,0,63.9,High
C0009624,49,5348,111055.78,808,18,4741.69,2,0,5.4,0,0,45.4,Medium
C0009625,41,2611,77568.91,614,6,3151.64,1,1,10.7,1,0,61.6,High
C0009626,55,588,54657.2,565,4,2300.65,0,1,2.4,1,1,64.4,High
C0009627,18,4171,272082.88,669,9,2042.6,2,0,18.7,0,0,59.6,High
C0009628,45,2051,37286.01,639,5,1934.25,3,0,10.5,1,0,65.0,High
C0009629,59,1593,94872.38,688,5,4029.73,1,1,24.7,1,0,49.6,Medium
C0009630,68,3966,70876.22,730,12,2670.04,0,1,8.6,0,0,46.2,Medium
C0009631,52,5735,187523.94,715,7,1862.11,2,1,9.3,2,0,59.1,High
C0009632,66,5880,76695.79,693,13,961.26,1,0,8.4,0,0,49.8,Medium
C0009633,44,2629,86294.84,769,11,3010.83,1,0,17.3,0,0,36.7,Medium
C0009634,42,5094,81881.96,740,8,2748.57,0,3,12.2,2,0,46.4,Medium
C0009635,49,1279,34641.66,676,11,786.62,3,1,0.1,0,0,61.0,High
C0009636,42,5083,38445.83,738,7,1989.73,0,0,9.7,1,0,30.9,Medium
C0009637,31,5653,53277.66,574,9,2735.15,2,0,3.6,0,0,63.4,High
C0009638,35,3117,104972.14,770,10,1856.29,1,1,6.8,1,0,55.3,High
C0009639,26,3152,70480.61,692,14,7153.76,1,0,21.0,0,0,52.2,High
C0009640,49,3398,55336.36,600,13,5936.03,1,0,5.1,0,0,54.6,High
C0009641,42,465,131873.65,659,14,968.64,1,0,16.7,1,0,63.5,High
C0009642,37,5155,20838.41,768,7,1872.19,4,0,16.8,1,1,57.6,High
C0009643,34,4433,30399.72,632,11,4129.67,0,1,13.1,2,0,69.0,High
C0009644,49,5221,15705.4,721,12,2083.89,2,0,4.4,0,0,42.8,Medium
C0009645,53,718,120506.68,756,7,3551.69,1,0,6.3,1,0,41.6,Medium
C0009646,26,4819,58787.84,692,16,1443.83,4,2,17.1,1,0,57.6,High
C0009647,24,2195,105487.75,625,10,792.97,1,1,8.8,4,1,76.7,Very High
C0009648,55,4916,58384.02,685,8,3452.36,1,2,6.9,3,0,72.3,High
C0009649,23,5963,108840.71,584,13,1772.69,0,0,11.8,1,0,42.3,Medium
C0009650,50,5281,57824.97,653,6,11755.32,1,0,11.9,2,0,58.3,High
C0009651,65,5495,77679.06,607,7,4053.47,2,1,9.1,1,0,76.9,Very High
C0009652,65,709,71669.61,686,12,1104.54,2,0,23.2,1,0,43.5,Medium
C0009653,52,1992,74654.69,595,9,3408.34,1,0,10.0,0,0,50.5,High
C0009654,52,1777,156607.06,696,5,2101.3,2,1,5.8,0,0,60.1,High
C0009655,74,3096,25373.39,775,13,3096.11,1,2,7.0,2,0,49.1,Medium
C0009656,18,5857,59711.43,780,14,1374.69,1,0,13.3,0,0,49.1,Medium
C0009657,35,4124,69132.67,597,6,2694.79,2,0,5.2,3,0,62.1,High
C0009658,54,3282,63668.65,640,13,4379.65,2,0,12.4,1,0,63.9,High
C0009659,37,4835,49814.07,754,7,3754.75,0,0,1.3,1,0,44.1,Medium
C0009660,59,1083,46202.8,743,13,4481.09,1,3,10.5,2,0,59.0,High
C0009661,41,3973,143831.5,644,11,16670.89,2,1,2.7,2,1,71.8,High
C0009662,44,3033,59634.71,654,7,1624.22,2,0,15.2,0,0,49.2,Medium
C0009663,38,1243,236986.93,696,7,7113.43,3,1,14.9,0,0,48.9,Medium
C0009664,35,3885,82904.19,553,7,2666.12,2,2,7.5,0,0,68.1,High
C0009665,34,5047,52869.35,729,14,1710.55,3,0,12.2,0,0,46.9,Medium
C0009666,46,4974,84024.44,771,9,2189.57,0,0,14.5,0,0,40.1,Medium
C0009667,31,5063,65828.14,661,10,3956.26,1,1,5.7,1,0,52.5,High
C0009668,55,4878,129701.28,584,9,1731.68,0,0,6.8,1,0,64.4,High
C0009669,51,2829,32618.74,796,6,615.39,1,1,9.5,0,0,49.8,Medium
C0009670,57,323,23022.73,706,15,3797.3,1,1,11.8,2,0,55.1,High
C0009671,26,5792,75616.46,743,13,2550.58,2,0,3.1,0,0,58.2,High
C0009672,18,2737,98176.52,591,10,1570.02,2,0,7.1,2,0,68.7,High
C0009673,42,3807,72557.72,591,12,969.32,1,1,23.3,1,0,66.3,High
C0009674,83,152,89747.1,721,8,2865.89,5,1,4.6,2,1,62.0,High
C0009675,60,5335,82774.88,767,9,5091.55,2,1,20.6,0,0,51.1,High
C0009676,34,5332,27465.05,605,12,1228.32,2,0,44.9,1,0,53.5,High
C0009677,48,5571,72371.76,682,9,2642.58,1,2,7.3,1,0,68.0,High
C0009678,52,1068,127914.71,571,15,9273.87,2,4,14.1,2,1,86.9,Very High
C0009679,23,5062,68142.85,637,10,4076.23,1,0,5.5,1,0,58.1,High
C0009680,61,3760,30164.25,671,10,2206.82,0,0,10.4,1,0,40.5,Medium
C0009681,40,902,51599.55,727,13,2067.14,2,1,16.1,2,0,56.5,High
C0009682,41,3436,84213.11,532,15,1623.27,0,0,11.8,2,0,66.1,High
C0009683,42,2874,166456.01,789,16,2321.2,1,1,2.1,2,1,41.5,Medium
C0009684,58,3764,21139.52,677,7,1691.33,2,1,5.7,4,0,61.3,High
C0009685,31,529,75626.9,787,8,1861.07,1,0,5.0,1,0,36.1,Medium
C0009686,18,3393,37129.81,742,9,2054.55,3,0,22.0,0,0,49.1,Medium
C0009687,47,4074,81972.54,754,8,780.88,2,1,11.0,0,0,45.4,Medium
C0009688,18,4302,85664.76,842,15,2024.62,3,0,3.4,0,0,42.5,Medium
C0009689,38,4621,54538.31,631,8,13000.7,0,0,9.6,3,0,62.1,High
C0009690,59,3767,87751.94,700,8,914.7,0,1,8.5,0,0,49.3,Medium
C0009691,50,4217,116056.49,616,14,6127.59,2,1,5.6,1,0,68.7,High
C0009692,57,569,56634.59,682,16,4490.56,2,0,10.2,0,1,59.4,High
C0009693,51,4793,29716.32,744,11,3461.74,0,0,3.3,0,0,46.5,Medium
C0009694,76,2219,135802.2,775,11,1615.07,0,0,14.1,2,0,40.5,Medium
C0009695,34,3299,97799.22,661,14,4166.26,1,1,3.5,0,0,57.4,High
C0009696,48,3293,84537.94,600,8,7590.03,1,1,11.5,0,0,74.2,High
C0009697,36,5857,42398.07,695,9,4682.08,1,0,6.4,0,0,59.3,High
C0009698,55,1971,106604.33,626,10,2736.08,4,1,8.0,1,0,60.9,High
C0009699,41,2324,190655.57,647,8,2360.39,2,1,10.8,1,0,57.2,High
C0009700,66,4569,57998.3,740,12,1540.52,0,0,21.5,0,0,39.7,Medium
C0009701,35,3816,65307.4,726,7,2504.55,3,0,27.4,0,0,55.7,High
C0009702,62,1927,34511.05,753,10,3336.17,2,0,21.9,0,0,35.8,Medium
C0009703,50,2085,41736.93,665,12,2410.2,1,0,14.3,2,0,48.4,Medium
C0009704,42,4977,34333.49,766,10,2233.07,0,0,11.0,2,0,39.9,Medium
C0009705,50,5020,66625.46,691,11,2253.05,2,0,13.7,1,0,58.8,High
C0009706,46,906,51403.48,669,12,7745.21,0,1,13.0,3,0,56.0,High
C0009707,47,2417,76109.61,608,6,2637.84,1,2,12.6,2,0,67.8,High
C0009708,39,4623,37962.12,533,5,2702.56,1,0,25.2,1,0,60.6,High
C0009709,32,738,56541.69,573,11,495.06,2,0,14.7,3,0,64.5,High
C0009710,37,1125,36696.8,706,8,4409.56,2,1,13.2,3,0,56.1,High
C0009711,18,976,68737.76,622,11,3446.79,3,1,5.9,0,1,55.6,High
C0009712,54,3182,25263.38,567,12,3342.37,1,0,11.9,3,0,54.4,High
C0009713,25,2722,67390.39,659,10,3492.46,1,1,5.5,0,0,65.3,High
C0009714,39,1943,53188.0,711,8,1269.71,0,0,10.5,2,0,46.7,Medium
C0009715,51,841,68488.42,721,12,1948.22,0,0,4.0,0,0,40.7,Medium
C0009716,54,3834,24987.8,688,12,7395.85,0,2,9.5,2,0,52.8,High
C0009717,18,4849,88874.74,685,12,946.44,0,1,7.4,1,0,38.9,Medium
C0009718,41,1300,52605.77,650,8,984.58,1,2,18.8,2,0,62.8,High
C0009719,48,4008,69863.71,738,11,905.32,2,0,12.4,1,0,37.9,Medium
C0009720,43,4778,22166.75,677,13,2086.79,0,0,8.1,0,0,41.7,Medium
C0009721,61,3355,31300.41,684,13,6633.18,0,0,8.6,0,0,43.3,Medium
C0009722,30,3454,50026.34,768,8,2818.34,5,0,10.3,0,0,48.3,Medium
C0009723,18,1025,132113.24,749,15,4768.69,3,0,9.4,0,0,57.0,High
C0009724,53,5744,82858.44,676,9,641.6,1,1,6.9,0,0,59.8,High
C0009725,34,5740,66590.75,665,10,1361.28,0,2,11.4,1,0,52.8,High
C0009726,18,4279,37291.48,665,11,1509.99,2,1,2.7,0,0,67.8,High
C0009727,40,5419,33740.15,538,4,6661.6,2,0,3.4,1,0,71.5,High
C0009728,59,3656,72189.51,772,10,2581.82,1,0,4.2,2,0,60.0,High
C0009729,24,3977,91150.64,639,13,2278.09,2,0,9.2,0,0,53.5,High
C0009730,75,4980,69551.68,754,11,2671.08,2,0,6.7,2,1,49.9,Medium
C0009731,30,257,158759.56,693,6,2016.26,3,0,9.6,1,1,60.6,High
C0009732,43,1341,42596.86,794,12,8572.98,4,1,6.8,0,0,59.9,High
C0009733,25,1244,68428.39,730,11,8353.83,1,0,6.9,2,0,65.0,High
C0009734,43,3807,24431.87,758,6,4874.31,6,1,14.7,0,1,68.6,High
C0009735,40,1477,69630.97,646,10,4529.69,1,1,12.7,1,0,66.8,High
C0009736,21,2360,139113.43,594,13,1688.44,0,1,10.9,3,0,78.9,Very High
C0009737,82,2977,34963.49,701,13,3191.67,3,1,19.8,1,0,64.7,High
C0009738,35,4470,98524.65,546,13,640.0,0,0,9.1,1,0,69.5,High
C0009739,35,3118,136962.37,655,11,1779.93,2,1,15.6,1,0,64.5,High
C0009740,56,176,42427.31,601,11,857.56,0,0,4.5,0,0,44.6,Medium
C0009741,67,4129,80154.11,627,12,3258.77,1,1,23.5,0,0,50.9,High
C0009742,58,2583,147810.62,735,11,2203.71,1,2,8.1,2,0,61.4,High
C0009743,25,706,70379.06,730,9,3875.99,1,0,4.0,1,0,49.8,Medium
C0009744,45,3920,95567.01,678,10,3603.05,3,2,30.8,2,0,47.6,Medium
C0009745,18,1643,23370.21,714,10,4890.12,1,0,8.2,1,0,51.3,High
C0009746,55,2780,86104.31,649,11,1430.94,4,1,11.7,0,0,67.5,High
C0009747,19,5805,82402.45,850,14,731.93,0,2,9.8,0,0,21.7,Low
C0009748,31,1450,29895.79,713,6,8318.39,1,1,6.3,1,0,67.7,High
C0009749,42,5314,36479.62,646,8,1653.55,1,1,12.5,1,0,57.9,High
C0009750,48,2802,86430.05,756,8,2286.08,1,0,7.2,2,0,45.2,Medium
C0009751,38,5597,52491.06,783,9,4726.04,0,1,5.4,1,0,33.5,Medium
C0009752,63,5102,114285.59,632,5,1946.71,2,0,6.0,1,0,63.6,High
C0009753,52,4998,73555.06,584,20,1119.67,0,2,2.3,2,1,73.2,High
C0009754,51,1264,63955.33,598,12,9320.91,0,0,4.3,0,0,58.1,High
C0009755,25,4751,56451.81,640,9,1648.55,2,1,5.4,3,0,57.3,High
C0009756,66,2222,72828.66,686,11,7831.78,2,1,3.7,0,0,64.6,High
C0009757,31,5463,96423.23,568,9,2997.75,1,0,6.4,0,0,58.9,High
C0009758,66,5942,83158.82,659,8,4544.54,1,3,10.4,1,0,70.4,High
C0009759,70,3682,49130.48,674,12,4487.92,1,0,8.4,0,0,58.4,High
C0009760,49,5479,122587.46,714,13,1809.57,2,0,13.4,1,0,47.3,Medium
C0009761,56,3213,89020.46,736,20,3495.8,1,2,5.6,1,0,50.6,High
C0009762,18,232,76631.87,720,10,8539.62,2,1,3.8,0,0,45.1,Medium
C0009763,39,5247,65207.07,824,8,5587.57,0,0,8.5,0,0,39.3,Medium
C0009764,57,3196,81627.13,772,11,5025.22,6,3,9.9,1,0,63.7,High
C0009765,55,292,22639.84,707,10,3708.35,2,1,5.6,1,0,67.3,High
C0009766,25,420,70799.68,617,7,2222.74,2,1,9.8,0,0,71.3,High
C0009767,38,4347,152816.06,639,6,1360.71,1,0,3.7,1,0,63.4,High
C0009768,18,5545,69974.23,583,8,6693.16,2,1,11.5,1,0,66.5,High
C0009769,48,4193,64912.93,702,13,1640.54,2,4,3.0,1,0,75.5,Very High
C0009770,18,2666,44674.28,715,7,1729.67,1,0,5.3,2,0,55.5,High
C0009771,58,1862,81299.05,757,19,2402.86,2,0,4.9,0,0,47.0,Medium
C0009772,59,2528,55692.39,710,14,917.01,2,1,9.9,3,0,57.3,High
C0009773,35,1957,127389.49,769,10,1865.06,2,1,14.3,3,0,51.7,High
C0009774,49,1659,38557.23,771,11,1454.73,1,0,18.8,2,0,36.2,Medium
C0009775,39,796,48345.19,613,10,934.13,0,0,4.5,2,0,64.9,High
C0009776,45,3425,44551.75,651,10,1050.44,2,2,12.5,0,0,79.8,Very High
C0009777,26,1333,170060.27,689,10,2322.36,0,0,19.4,1,0,38.6,Medium
C0009778,51,895,55855.24,637,12,4596.07,3,0,13.4,6,0,75.7,Very High
C0009779,19,1676,45864.52,672,9,2225.97,1,1,15.6,2,0,60.4,High
C0009780,18,4799,19634.88,713,10,1159.47,1,0,9.5,0,0,57.1,High
C0009781,40,3450,37557.75,681,6,1538.36,0,0,4.7,0,0,47.6,Medium
C0009782,39,2962,82886.41,690,6,2948.68,1,0,4.0,1,0,50.3,High
C0009783,46,3563,82703.84,619,9,4974.56,2,1,10.8,0,0,59.2,High
C0009784,33,3411,43335.52,728,10,4403.41,0,1,11.9,1,0,59.8,High
C0009785,68,3001,44679.9,722,10,2760.71,1,2,26.4,2,0,61.0,High
C0009786,44,5049,172442.44,633,13,6324.19,3,0,21.5,2,0,54.0,High
C0009787,45,4390,273183.37,593,9,1674.0,3,0,9.3,1,0,78.6,Very High
C0009788,45,1135,116688.65,782,11,1099.95,1,1,12.5,1,0,44.9,Medium
C0009789,56,4908,146165.32,821,10,1961.45,3,1,16.2,0,0,44.7,Medium
C0009790,50,1075,164254.7,708,9,5362.37,3,0,14.1,0,0,45.2,Medium
C0009791,48,496,209589.06,663,9,3723.08,1,2,13.3,2,0,71.5,High
C0009792,52,2542,52513.7,768,14,4800.08,1,1,12.9,0,0,43.0,Medium
C0009793,18,2375,38247.84,725,9,2230.81,4,0,1.9,3,0,67.7,High
C0009794,18,4723,169958.41,674,10,2599.22,5,3,5.6,1,1,69.8,High
C0009795,41,4180,36480.31,763,6,2062.31,0,0,3.2,2,0,46.0,Medium
C0009796,39,379,35212.69,629,10,1354.01,2,0,7.3,4,0,54.8,High
C0009797,50,3007,35660.2,638,16,2427.14,3,2,6.0,1,0,72.8,High
C0009798,42,4777,57677.46,717,7,2053.53,2,3,6.7,0,0,59.7,High
C0009799,50,4407,20816.12,699,8,1734.6,1,0,8.6,2,1,45.9,Medium
C0009800,25,3019,28188.78,738,9,3521.2,2,0,4.5,3,0,60.5,High
C0009801,42,3706,44028.98,779,11,2582.56,2,2,12.7,1,0,47.5,Medium
C0009802,23,3383,32116.68,574,8,5719.61,1,1,2.0,2,0,74.3,High
C0009803,47,1411,111214.51,693,12,1353.12,1,2,8.0,2,0,62.0,High
C0009804,18,3399,62227.12,833,13,1824.43,0,1,22.7,1,0,32.6,Medium
C0009805,47,4060,85156.99,645,12,751.85,1,0,15.2,0,0,66.8,High
C0009806,21,365,80180.15,636,11,1247.35,0,0,3.9,3,0,64.4,High
C0009807,37,4180,55335.2,522,14,3576.57,2,2,4.4,0,0,85.2,Very High
C0009808,55,1521,106762.5,698,11,4032.38,1,1,16.9,1,0,50.3,High
C0009809,45,76,79504.67,734,10,3728.45,2,1,10.6,1,0,54.6,High
C0009810,19,4539,52040.08,733,11,5525.43,2,2,4.0,2,0,51.2,High
C0009811,33,2357,24556.68,612,14,3385.67,0,0,5.9,1,0,51.9,High
C0009812,21,2491,82557.62,689,5,2480.38,2,0,7.9,0,0,51.0,High
C0009813,18,3757,30982.35,707,10,3678.96,0,1,6.2,0,0,50.7,High
C0009814,44,3376,76423.49,694,11,1456.37,0,2,12.3,2,0,46.6,Medium
C0009815,50,3735,64749.31,608,13,820.62,2,0,8.4,2,0,68.5,High
C0009816,48,5670,29339.4,696,5,1850.31,1,1,4.5,1,0,55.9,High
C0009817,50,3917,71468.21,629,3,1999.06,1,0,7.7,0,0,57.6,High
C0009818,42,306,68879.6,550,5,2570.28,1,1,11.5,0,0,74.0,High
C0009819,38,1357,69017.18,741,5,1423.53,3,0,9.4,0,0,42.9,Medium
C0009820,27,2714,67220.8,701,8,1617.9,3,1,9.0,1,1,59.4,High
C0009821,36,2850,43307.29,734,13,3994.77,1,2,14.9,1,0,51.3,High
C0009822,24,2186,85842.95,650,8,1084.41,0,0,7.3,1,0,47.0,Medium
C0009823,30,1130,42475.34,737,7,2249.39,2,1,9.1,0,1,52.1,High
C0009824,43,665,34333.08,767,9,1602.9,2,0,7.5,0,0,43.7,Medium
C0009825,40,895,89853.71,822,11,800.53,1,1,25.2,1,0,36.4,Medium
C0009826,85,5706,103769.41,751,11,1841.76,1,0,2.5,1,0,44.9,Medium
C0009827,23,2391,86534.51,719,11,1340.31,1,0,7.8,0,0,38.2,Medium
C0009828,40,5769,55322.36,587,9,1828.22,0,0,32.1,2,0,47.9,Medium
C0009829,22,2029,21336.69,682,9,2530.87,0,0,14.6,2,0,41.7,Medium
C0009830,37,1889,140059.03,583,9,584.38,3,3,6.3,1,0,73.2,High
C0009831,37,2952,21154.04,629,12,4698.85,1,1,8.1,0,0,59.9,High
C0009832,54,5681,85581.42,837,10,16955.89,1,0,10.4,3,0,39.1,Medium
C0009833,36,3392,197900.55,613,4,1301.13,0,1,14.1,0,0,57.0,High
C0009834,39,239,67312.16,514,6,1638.44,4,1,2.3,0,0,84.9,Very High
C0009835,36,1650,72770.64,751,7,1409.09,1,3,19.9,1,0,60.2,High
C0009836,22,5885,76383.06,640,14,1188.58,3,1,4.4,1,0,79.9,Very High
C0009837,33,952,69139.52,748,9,8771.27,0,0,17.8,1,0,40.4,Medium
C0009838,37,5020,225872.75,602,9,1962.16,0,0,4.0,1,0,46.2,Medium
C0009839,43,5573,38993.45,658,4,3773.88,1,1,4.9,3,0,61.5,High
C0009840,50,1309,36391.48,780,16,5161.47,2,1,13.7,2,0,57.5,High
C0009841,39,3366,51780.25,591,10,4740.45,4,1,12.4,1,0,71.8,High
C0009842,38,3609,161513.99,677,11,4978.39,1,2,28.7,0,0,40.8,Medium
C0009843,18,4769,45143.77,712,13,1021.03,1,0,7.6,1,0,50.6,High
C0009844,50,4795,78554.95,636,19,4348.1,6,0,6.3,1,0,70.8,High
C0009845,32,388,111741.6,708,17,1868.48,4,0,4.4,1,0,51.8,High
C0009846,52,1936,95161.49,691,11,6990.05,2,0,9.1,1,0,56.1,High
C0009847,60,5642,108535.25,730,9,1353.11,0,0,10.7,3,0,42.4,Medium
C0009848,39,2141,135236.74,828,11,1104.63,0,1,2.2,1,1,49.7,Medium
C0009849,28,1498,73454.18,850,13,2319.89,0,2,7.6,2,0,38.9,Medium
C0009850,42,3784,48219.21,725,7,3521.0,1,0,22.0,0,0,55.2,High
C0009851,47,1195,67229.0,682,6,722.45,1,2,11.6,1,0,55.2,High
C0009852,38,908,51452.29,723,10,1775.62,0,2,28.8,1,0,55.4,High
C0009853,34,4793,248138.73,673,10,1132.83,0,1,4.3,2,0,56.6,High
C0009854,50,735,46255.17,571,9,4211.68,0,1,13.4,2,0,74.7,High
C0009855,49,5349,80871.54,687,10,1599.47,0,0,8.0,0,0,48.5,Medium
C0009856,37,1521,27157.64,771,6,4803.78,2,1,7.1,0,0,54.8,High
C0009857,19,667,66698.64,580,14,1450.05,0,0,5.8,0,0,71.0,High
C0009858,48,4455,52943.6,616,7,2814.4,4,0,2.0,2,0,53.6,High
C0009859,31,1083,89905.7,646,16,941.39,4,1,9.0,3,0,81.1,Very High
C0009860,45,2218,91203.98,718,7,2151.57,1,1,12.0,2,0,53.2,High
C0009861,44,2126,135163.28,850,11,1133.14,1,0,5.8,2,0,42.5,Medium
C0009862,18,3058,129385.66,629,11,6235.86,1,1,12.9,2,0,53.8,High
C0009863,43,2855,59779.73,697,9,4640.98,2,1,13.1,0,0,57.5,High
C0009864,49,1196,36881.94,690,9,2658.09,0,0,13.9,2,0,63.8,High
C0009865,51,1430,39339.37,667,12,4492.79,2,2,6.9,0,0,64.4,High
C0009866,44,1188,73232.57,686,8,1668.49,1,1,5.5,1,0,53.5,High
C0009867,18,361,67620.88,655,7,3436.49,1,1,6.7,0,0,61.3,High
C0009868,60,3913,71449.72,850,8,2192.92,2,2,10.8,1,0,50.3,High
C0009869,48,2840,46192.79,746,11,3228.28,1,0,4.4,1,0,33.8,Medium
C0009870,25,677,136676.25,656,10,2501.87,2,0,5.6,0,0,67.0,High
C0009871,31,2007,27581.86,779,5,2226.92,2,1,3.3,2,0,45.1,Medium
C0009872,45,4017,44807.63,709,10,712.17,1,3,9.0,1,0,57.2,High
C0009873,52,1732,34285.6,694,7,1518.07,1,1,6.0,3,0,59.3,High
C0009874,35,2422,55268.28,676,13,7513.64,2,0,2.1,0,0,63.1,High
C0009875,54,4470,123069.09,671,8,2143.31,3,0,2.9,1,0,71.8,High
C0009876,18,4037,52924.68,599,9,1453.22,2,0,6.5,0,0,62.5,High
C0009877,27,4213,65558.77,564,11,2386.4,2,0,5.0,0,1,59.2,High
C0009878,18,2308,89341.67,718,8,859.36,1,0,11.0,1,0,48.2,Medium
C0009879,29,2919,51558.15,676,13,1701.22,3,2,11.1,0,0,58.5,High
C0009880,63,5080,76522.1,756,7,2613.61,0,0,3.0,1,0,32.4,Medium
C0009881,71,5237,71168.48,623,6,3191.34,3,0,3.7,1,1,58.9,High
C0009882,45,361,33287.74,608,7,2900.34,0,1,6.4,0,0,52.1,High
C0009883,33,5032,48026.88,748,12,6193.85,2,0,4.2,1,0,48.2,Medium
C0009884,39,5362,75350.95,668,14,1495.09,1,2,2.3,0,0,63.9,High
C0009885,49,5656,125504.3,754,11,872.07,2,0,8.3,2,0,49.8,Medium
C0009886,20,1633,125440.0,693,15,1833.25,0,2,17.4,0,0,64.4,High
C0009887,34,3022,196301.6,831,12,1603.6,2,1,5.8,4,0,49.0,Medium
C0009888,62,283,80974.62,747,7,2612.1,0,1,9.1,2,1,50.6,High
C0009889,27,685,49393.13,721,17,1918.32,0,0,5.4,4,0,40.8,Medium
C0009890,32,3387,59857.13,750,12,2539.61,2,0,8.9,0,0,55.9,High
C0009891,42,1260,58239.5,670,7,2473.45,1,1,13.7,3,0,60.4,High
C0009892,46,1369,49540.98,567,10,4112.06,1,1,21.1,2,1,57.6,High
C0009893,33,1802,76535.89,717,15,2292.09,2,0,19.4,3,1,35.0,Medium
C0009894,43,2771,78519.98,836,16,2641.17,1,2,14.7,1,0,43.7,Medium
C0009895,51,943,32510.65,518,7,7358.88,1,0,5.9,1,0,75.5,Very High
C0009896,69,4819,112801.31,725,6,797.4,4,1,35.8,0,0,54.9,High
C0009897,40,4018,22576.11,575,7,2602.61,1,0,18.8,1,0,60.9,High
C0009898,41,4755,54859.17,688,6,2143.42,1,0,6.2,0,0,53.6,High
C0009899,63,5558,116659.31,696,16,2383.48,1,1,8.0,0,0,50.6,High
C0009900,34,3614,86591.33,746,9,3368.41,3,0,10.3,1,0,61.5,High
C0009901,23,2189,50947.66,706,10,1343.49,3,0,7.1,1,0,59.2,High
C0009902,46,5867,183091.74,793,7,1594.19,0,0,4.9,0,0,29.1,Medium
C0009903,57,3407,48671.52,777,9,3722.43,4,0,11.3,1,0,57.5,High
C0009904,47,2798,20615.87,675,12,2087.39,0,0,13.2,0,0,43.9,Medium
C0009905,41,2513,79530.55,772,8,1237.74,2,1,6.2,0,0,40.7,Medium
C0009906,22,265,23311.62,667,11,3850.78,2,0,6.9,1,0,54.0,High
C0009907,41,5736,39245.54,654,7,3484.29,0,0,7.9,1,0,51.4,High
C0009908,59,4921,87325.89,600,11,2556.26,4,1,10.3,2,1,75.4,Very High
C0009909,25,4205,48118.31,788,12,3009.26,0,2,8.9,1,0,45.6,Medium
C0009910,39,1351,85325.18,667,5,3323.27,2,0,5.2,3,0,57.9,High
C0009911,37,5571,32791.84,508,12,2168.39,0,3,9.3,2,1,77.2,Very High
C0009912,32,1082,99414.54,731,10,2811.03,1,0,14.5,2,1,56.9,High
C0009913,45,1472,24461.83,657,14,1059.05,0,1,5.0,1,0,65.6,High
C0009914,48,447,128045.0,668,16,2008.65,2,1,10.6,1,0,48.9,Medium
C0009915,48,1750,47736.13,672,9,4300.73,2,1,22.9,0,0,46.1,Medium
C0009916,28,1987,143922.01,665,11,9586.16,3,3,20.1,1,0,69.8,High
C0009917,19,4775,39050.38,850,14,2488.97,0,1,23.9,2,0,31.4,Medium
C0009918,46,1977,178708.38,815,11,1276.63,1,1,9.6,2,0,43.1,Medium
C0009919,35,5735,36613.64,742,16,1824.43,1,0,14.9,2,0,38.0,Medium
C0009920,68,1837,23114.56,708,6,894.29,2,0,8.0,2,0,55.6,High
C0009921,68,3161,63487.38,775,11,3553.89,3,1,20.3,0,0,38.3,Medium
C0009922,70,3571,122220.69,708,9,2366.92,2,2,10.8,3,1,75.8,Very High
C0009923,29,4979,95781.36,751,9,1234.43,3,0,13.9,1,0,61.7,High
C0009924,50,4516,117538.81,732,13,2029.02,3,0,4.6,0,0,58.3,High
C0009925,54,5209,96826.48,700,6,3634.36,2,0,14.4,2,0,62.1,High
C0009926,53,5628,39487.61,761,3,2374.46,1,0,11.2,0,0,45.6,Medium
C0009927,37,731,94506.03,658,10,1468.82,2,0,14.7,0,0,28.8,Medium
C0009928,60,591,65247.85,694,11,4467.23,4,0,11.9,2,0,54.9,High
C0009929,42,2711,41962.74,617,6,2872.28,1,1,4.3,0,0,78.6,Very High
C0009930,44,927,68427.8,625,8,1397.34,0,0,13.2,1,0,58.7,High
C0009931,20,2976,60108.74,500,11,2335.93,3,1,4.7,2,0,81.8,Very High
C0009932,51,3551,135088.52,724,7,581.29,2,1,12.3,3,0,59.8,High
C0009933,38,1679,46709.7,745,10,2720.74,2,1,12.2,1,0,47.7,Medium
C0009934,49,615,45524.23,771,9,14135.69,1,1,11.9,4,0,56.6,High
C0009935,45,5788,42219.54,607,14,4670.15,1,0,6.0,0,0,63.5,High
C0009936,45,2243,175985.4,723,13,2055.14,1,0,20.3,1,0,46.0,Medium
C0009937,41,5039,43538.99,690,14,2694.9,0,2,9.4,0,0,57.2,High
C0009938,53,3758,126519.37,745,4,3264.8,1,0,21.2,1,0,35.6,Medium
C0009939,39,3983,35158.67,641,10,3405.39,0,2,4.5,3,0,63.2,High
C0009940,22,4689,81922.81,665,7,2123.56,1,2,7.9,3,0,79.4,Very High
C0009941,50,1612,71630.04,573,7,555.31,1,0,14.9,0,0,63.3,High
C0009942,31,1329,122178.98,636,13,1823.93,1,0,6.3,3,0,68.9,High
C0009943,23,5980,112814.26,690,8,1551.68,1,1,17.8,2,0,56.1,High
C0009944,28,4017,64856.29,703,11,2144.2,0,0,6.3,2,0,51.6,High
C0009945,46,1774,46142.88,564,11,1404.98,2,0,13.0,0,0,74.9,High
C0009946,41,3885,151542.07,652,13,3392.69,1,1,3.3,0,0,48.9,Medium
C0009947,18,2380,43676.63,702,7,8543.67,3,0,6.2,1,0,59.1,High
C0009948,37,5161,17812.25,796,12,4310.69,1,1,4.3,0,0,39.3,Medium
C0009949,58,3064,22307.51,627,16,2185.64,1,0,10.2,1,0,62.8,High
C0009950,36,1903,25504.39,727,13,6117.48,0,2,3.9,0,0,64.1,High
C0009951,40,4151,86036.1,648,9,4219.78,2,1,8.1,1,0,69.7,High
C0009952,57,4508,209577.07,657,11,3670.61,1,0,25.3,2,0,49.8,Medium
C0009953,53,2254,20189.37,624,10,1574.5,1,1,0.6,1,0,69.6,High
C0009954,56,4519,40315.23,612,7,2078.56,1,0,3.7,1,0,56.7,High
C0009955,18,1427,65111.33,654,7,3340.13,1,3,4.9,1,0,61.9,High
C0009956,66,1457,145062.29,769,5,9278.17,4,0,7.3,0,0,46.0,Medium
C0009957,51,4964,40196.05,633,3,5813.95,2,0,2.4,1,0,51.2,High
C0009958,76,3738,85804.74,622,13,3356.25,2,1,4.1,2,0,67.8,High
C0009959,31,239,54032.48,706,11,2535.35,5,2,26.4,2,0,73.4,High
C0009960,18,4060,260101.85,690,7,3749.51,0,1,9.2,4,0,44.3,Medium
C0009961,42,1855,67130.03,685,7,3232.7,0,1,2.3,0,0,42.5,Medium
C0009962,38,1668,75396.68,709,7,6183.48,2,0,7.2,1,0,57.2,High
C0009963,51,2561,64940.78,614,13,1121.46,4,1,1.8,2,0,75.9,Very High
C0009964,57,2727,49355.87,623,17,2335.81,0,1,14.9,1,0,59.6,High
C0009965,41,5354,104539.3,764,9,3741.36,1,0,2.9,2,0,46.8,Medium
C0009966,39,2631,32775.1,679,11,5771.21,1,1,6.8,0,0,50.6,High
C0009967,49,1801,20615.74,735,11,8133.16,1,0,3.7,0,0,53.9,High
C0009968,38,4647,57084.2,782,8,886.54,6,0,18.5,1,0,58.4,High
C0009969,37,3269,97095.44,753,12,1434.46,2,2,18.2,0,1,55.4,High
C0009970,57,34,45047.03,587,8,2187.11,0,1,8.1,0,0,54.6,High
C0009971,60,3804,68696.91,681,8,1022.49,2,0,9.5,1,0,47.5,Medium
C0009972,57,3021,31682.09,768,12,6759.78,1,0,15.6,1,0,48.1,Medium
C0009973,40,3460,111229.9,729,16,2481.54,2,0,9.4,2,0,51.4,High
C0009974,18,1130,88737.69,704,8,4909.7,0,0,12.8,3,0,61.3,High
C0009975,40,2885,62676.4,567,8,2041.15,2,0,0.9,0,0,72.6,High
C0009976,31,3891,68029.11,644,11,2986.27,1,1,6.9,3,1,67.6,High
C0009977,40,4071,28808.43,695,20,943.79,1,1,18.6,2,0,59.4,High
C0009978,33,4091,29525.17,583,9,1150.63,3,0,11.3,0,0,53.3,High
C0009979,42,5985,57976.58,750,9,1164.83,3,1,4.1,0,0,65.2,High
C0009980,27,3021,82243.84,681,10,752.38,0,0,4.2,0,0,54.1,High
C0009981,24,2596,84566.88,542,11,4462.33,0,2,9.4,0,0,60.7,High
C0009982,59,3265,50780.95,648,7,2268.37,0,0,9.3,2,0,36.4,Medium
C0009983,28,1993,93418.79,669,9,4553.24,1,0,20.2,2,0,55.5,High
C0009984,42,1910,135445.55,680,6,2123.41,2,0,6.1,2,0,57.7,High
C0009985,55,4150,59048.98,796,13,4761.59,3,1,6.8,0,0,48.3,Medium
C0009986,55,1900,73512.06,733,13,4254.82,0,1,6.9,2,0,58.6,High
C0009987,53,4501,55302.31,588,6,2114.84,3,0,6.6,0,0,54.5,High
C0009988,46,4478,57839.15,578,13,2604.49,2,0,8.0,0,0,72.7,High
C0009989,52,5721,68060.35,670,9,2878.63,2,0,3.3,2,0,55.7,High
C0009990,61,816,158211.03,699,12,4727.32,0,1,13.2,0,0,51.2,High
C0009991,48,2198,102569.07,764,10,2241.31,1,0,16.7,3,0,45.2,Medium
C0009992,18,4635,97610.57,820,12,2887.07,0,1,13.6,1,0,35.0,Medium
C0009993,35,2592,48306.97,824,8,877.0,3,1,15.3,2,0,57.8,High
C0009994,52,3940,37831.35,657,10,1290.65,1,0,30.4,0,0,47.4,Medium
C0009995,33,4419,76813.38,760,8,1420.28,1,1,9.1,1,0,49.6,Medium
C0009996,65,5310,122878.28,722,9,3201.78,1,0,21.4,0,0,43.3,Medium
C0009997,41,1379,159973.28,608,8,1447.99,1,1,13.9,2,0,70.4,High
C0009998,43,1583,16089.77,548,8,2463.57,3,1,5.6,0,0,86.1,Very High
C0009999,58,2841,238089.81,701,7,2056.23,0,0,24.9,2,0,42.8,Medium
C0010000,39,3051,77981.94,578,15,2292.11,3,0,8.5,1,0,80.1,Very High
